id,name,country,country_code,city,lat,lon,field_category,field_category_en,field_category_it,fields_offered,fields_source,domain,website,the_world_rank,the_overall_score,the_teaching,the_research,the_citations,the_international_outlook,the_industry_income
1,Hellenic College of Noah,Greece,GR,,,,COMP,Comprehensive (multi-field),Generalista (multidisciplinare),COMP,name-heuristic,noah.edu.gr,https://noah.edu.gr/,,,,,,,
2,Wroclaw Akademia Biznesu,Poland,PL,Wrocław,51.10286,17.03006,COMP,Comprehensive (multi-field),Generalista (multidisciplinare),COMP,name-heuristic,student.wab.edu.pl,https://wab.edu.pl/,,,,,,,
3,West Herts College,United Kingdom,GB,,,,COMP,Comprehensive (multi-field),Generalista (multidisciplinare),COMP,name-heuristic,student.westherts.ac.uk,https://westherts.ac.uk/,,,,,,,
4,National Institute of Applied Sciences of Toulouse,France,FR,Toulouse,43.60426,1.44367,COMP,Comprehensive (multi-field),Generalista (multidisciplinare),AGR|ARC|ART|BUS|EDU|ENG|HUM|ICT|LAW|SCI|SOC,ETER,insa-toulouse.fr,https://insa-toulouse.fr/,501–600,43.6,32.5,30.7,62.9,67.7,71.0
5,Kharkiv National University,Ukraine,UA,Kharkiv,49.98177,36.25475,COMP,Comprehensive (multi-field),Generalista (multidisciplinare),COMP,name-heuristic,student.karazin.ua,https://karazin.ua/,1501+,10.3,24.5,9.2,15.7,33.1,19.0
6,IÉSEG School of Management,France,FR,,,,BUS,"Business, Economics & Management",Economia e Management,BUS,name-heuristic,ieseg.fr,https://ieseg.fr/,,,,,,,
7,Royal Holloway University of London,United Kingdom,GB,London,51.50853,-0.12574,COMP,Comprehensive (multi-field),Generalista (multidisciplinare),ART|BUS|EDU|HUM|ICT|LAW|SCI|SOC,ETER,rhul.ac.uk,https://rhul.ac.uk/,401–500,46.2,32.3,28.9,72.2,92.5,65.1
8,University of Portsmouth,United Kingdom,GB,Portsmouth,50.79899,-1.09125,COMP,Comprehensive (multi-field),Generalista (multidisciplinare),AGR|ARC|ART|BUS|EDU|ENG|HUM|ICT|LAW|MED|SCI|SOC,ETER,port.ac.uk,http://www.port.ac.uk/,401–500,46.2,22.0,20.1,88.7,94.5,51.1
9,Central Supélec,France,FR,,,,COMP,Comprehensive (multi-field),Generalista (multidisciplinare),COMP,name-heuristic,centralesupelec.fr,https://www.centralesupelec.fr/,,,,,,,
10,Académie de Paris,France,FR,Paris,48.85341,2.3488,COMP,Comprehensive (multi-field),Generalista (multidisciplinare),ARC|ART|BUS|EDU|ENG|HUM|ICT|LAW|MED|SCI|SOC,ETER,ac-paris.fr,https://www.ac-paris.fr/,,,,,,,
11,Académie d'Aix-Marseille,France,FR,Marseille,43.29695,5.38107,COMP,Comprehensive (multi-field),Generalista (multidisciplinare),EDU,ETER,ac-aix-marseille.fr,https://www.ac-aix-marseille.fr/,,,,,,,
12,Académie de Créteil,France,FR,Créteil,48.79266,2.46569,COMP,Comprehensive (multi-field),Generalista (multidisciplinare),EDU,ETER,ac-creteil.fr,https://www.ac-creteil.fr/,,,,,,,
13,Futureworks,United Kingdom,GB,,,,COMP,Comprehensive (multi-field),Generalista (multidisciplinare),ART|HUM|ICT,ETER,futureworks.ac.uk,https://futureworks.ac.uk/,,,,,,,
14,University of the Arts London,United Kingdom,GB,London,51.50853,-0.12574,COMP,Comprehensive (multi-field),Generalista (multidisciplinare),ARC|ART|BUS|EDU|ENG|HUM|ICT|LAW|MED|SCI|SOC,ETER,arts.ac.uk,https://www.arts.ac.uk/,1501+,10.3,23.9,11.8,25.4,74.1,19.3
15,Academy of Sports and Physical Training,Albania,AL,,,,EDU,Education & Sport Sciences,Scienze della Formazione e dello Sport,EDU,name-heuristic,aefs.edu.al,http://www.aefs.edu.al/,,,,,,,
16,Academy of Arts,Albania,AL,,,,ART,"Arts, Design & Music","Arte, Design e Musica",ART,name-heuristic,akademiaearteve.edu.al,http://www.akademiaearteve.edu.al/,,,,,,,
17,Beder University,Albania,AL,,,,COMP,Comprehensive (multi-field),Generalista (multidisciplinare),ART|BUS|EDU|HUM|ICT|LAW|SOC,ETER,beder.edu.al,http://www.beder.edu.al/,,,,,,,
18,Epoka University,Albania,AL,,,,COMP,Comprehensive (multi-field),Generalista (multidisciplinare),ARC|BUS|ENG|ICT|LAW|SOC,ETER,epoka.edu.al,http://www.epoka.edu.al/,,,,,,,
19,American University of Tirana,Albania,AL,Tirana,41.32744,19.81866,COMP,Comprehensive (multi-field),Generalista (multidisciplinare),COMP,name-heuristic,uat.edu.al,http://www.uat.edu.al/,,,,,,,
20,Agricultural University of Tirana,Albania,AL,Tirana,41.32744,19.81866,AGR,"Agriculture, Forestry & Veterinary",Agraria e Veterinaria,AGR|ARC|BUS|ENG|ICT|LAW|MED|SCI|SOC,ETER,ubt.edu.al,http://www.ubt.edu.al/,,,,,,,
21,"University of Elbasan ""Aleksander Xhuvani""",Albania,AL,Elbasan,41.11138,20.08224,COMP,Comprehensive (multi-field),Generalista (multidisciplinare),AGR|ARC|ART|BUS|EDU|ENG|HUM|ICT|LAW|MED|SCI|SOC,ETER,uniel.edu.al,http://www.uniel.edu.al/,,,,,,,
22,University “Pavaresia” Vlore,Albania,AL,Vlorë,40.4696,19.48379,COMP,Comprehensive (multi-field),Generalista (multidisciplinare),ARC|BUS|ENG|ICT|LAW|SOC,ETER,unipavaresia.edu.al,http://www.unipavaresia.edu.al/,,,,,,,
23,"University of Shkodra ""Luigj Gurakuqi""",Albania,AL,Shkodër,42.06828,19.51258,COMP,Comprehensive (multi-field),Generalista (multidisciplinare),AGR|ARC|ART|BUS|EDU|ENG|HUM|ICT|LAW|MED|SCI|SOC,ETER,unishk.edu.al,http://www.unishk.edu.al/,,,,,,,
24,University of Tirana,Albania,AL,Tirana,41.32744,19.81866,COMP,Comprehensive (multi-field),Generalista (multidisciplinare),AGR|ARC|ART|BUS|EDU|ENG|HUM|ICT|LAW|MED|SCI|SOC,ETER,unitir.edu.al,http://www.unitir.edu.al/,Reporter,,,,,,
25,"University of Vlora ""Ismail Qemali""",Albania,AL,Vlorë,40.4696,19.48379,COMP,Comprehensive (multi-field),Generalista (multidisciplinare),AGR|ARC|ART|BUS|EDU|ENG|HUM|ICT|LAW|MED|SCI|SOC,ETER,univlora.edu.al,http://www.univlora.edu.al/,,,,,,,
26,"University of Korca ""Fan Noli""",Albania,AL,Korçë,40.61861,20.78083,COMP,Comprehensive (multi-field),Generalista (multidisciplinare),AGR|ARC|ART|BUS|EDU|ENG|HUM|ICT|LAW|MED|SCI|SOC,ETER,unkorce.edu.al,http://www.unkorce.edu.al/,,,,,,,
27,University of New York Tirana,Albania,AL,Tirana,41.32744,19.81866,COMP,Comprehensive (multi-field),Generalista (multidisciplinare),BUS|EDU|ICT|LAW|SOC,ETER,unyt.edu.al,http://www.unyt.edu.al/,,,,,,,
28,"University of Gjirokstra ""Eqerem Cabej""",Albania,AL,,,,COMP,Comprehensive (multi-field),Generalista (multidisciplinare),COMP,name-heuristic,uogj.edu.al,http://www.uogj.edu.al/,,,,,,,
29,Polytechnic University of Tirana,Albania,AL,Tirana,41.32744,19.81866,ENG,Engineering & Technology,Ingegneria e Tecnologia,ENG,name-heuristic,upt.al,http://www.upt.al/,,,,,,,
30,Ecole pour l'Informatique et les nouvelles Technologies - Albania,Albania,AL,,,,ENG,Engineering & Technology,Ingegneria e Tecnologia,ENG,name-heuristic,epitech.al,http://www.epitech.al/,,,,,,,
31,University of Andorra,Andorra,AD,Andorra la Vella,42.50779,1.52109,COMP,Comprehensive (multi-field),Generalista (multidisciplinare),BUS|EDU|ICT|LAW|MED,ETER,uda.ad,http://www.uda.ad/,,,,,,,
32,Akademie der bildenden Künste Wien,Austria,AT,Vienna,48.20849,16.37208,ART,"Arts, Design & Music","Arte, Design e Musica",ART,name-heuristic,akbild.ac.at,http://www.akbild.ac.at/,,,,,,,
33,Universität für Bodenkultur Wien,Austria,AT,Vienna,48.20849,16.37208,COMP,Comprehensive (multi-field),Generalista (multidisciplinare),COMP,name-heuristic,boku.ac.at,http://www.boku.ac.at/,,,,,,,
34,Donau-Universität Krems,Austria,AT,,,,COMP,Comprehensive (multi-field),Generalista (multidisciplinare),COMP,name-heuristic,donau-uni.ac.at,http://www.donau-uni.ac.at/,,,,,,,
35,Fachhochschule Burgenland,Austria,AT,,,,COMP,Comprehensive (multi-field),Generalista (multidisciplinare),COMP,name-heuristic,fh-burgenland.at,http://www.fh-burgenland.at/,,,,,,,
36,Fachhochschulstudiengänge Hagenberg,Austria,AT,,,,COMP,Comprehensive (multi-field),Generalista (multidisciplinare),COMP,name-heuristic,fh-hagenberg.at,http://www.fh-hagenberg.at/,,,,,,,
37,Fachhochschule JOANNEUM,Austria,AT,,,,COMP,Comprehensive (multi-field),Generalista (multidisciplinare),COMP,name-heuristic,fh-joanneum.at,http://www.fh-joanneum.at/,,,,,,,
38,Fachhochschule Kärnten,Austria,AT,,,,COMP,Comprehensive (multi-field),Generalista (multidisciplinare),COMP,name-heuristic,fh-kaernten.ac.at,http://www.fh-kaernten.ac.at/,,,,,,,
39,Fachhochschule Krems,Austria,AT,,,,COMP,Comprehensive (multi-field),Generalista (multidisciplinare),COMP,name-heuristic,fh-krems.ac.at,http://www.fh-krems.ac.at/,,,,,,,
40,Fachhochschule Kufstein (Tirol),Austria,AT,,,,COMP,Comprehensive (multi-field),Generalista (multidisciplinare),COMP,name-heuristic,fh-kufstein.ac.at,http://www.fh-kufstein.ac.at/,,,,,,,
41,Fachhochschule Salzburg,Austria,AT,Salzburg,47.79941,13.04399,COMP,Comprehensive (multi-field),Generalista (multidisciplinare),COMP,name-heuristic,fh-sbg.ac.at,http://www.fh-sbg.ac.at/,,,,,,,
42,Fachhochschulstudiengänge Steyr,Austria,AT,Steyr,48.04274,14.42127,COMP,Comprehensive (multi-field),Generalista (multidisciplinare),COMP,name-heuristic,fh-steyr.at,http://www.fh-steyr.at/,,,,,,,
43,Fachhochschule St. Pölten,Austria,AT,Sankt Pölten,48.20762,15.63725,COMP,Comprehensive (multi-field),Generalista (multidisciplinare),AGR|ARC|ART|BUS|EDU|ENG|HUM|ICT|LAW|MED|SCI|SOC,ETER,fh-stpoelten.ac.at,http://www.fh-stpoelten.ac.at/,,,,,,,
44,Fachhochschule Vorarlberg,Austria,AT,,,,COMP,Comprehensive (multi-field),Generalista (multidisciplinare),COMP,name-heuristic,fhv.at,http://www.fhv.at/,,,,,,,
45,Fachhochschule für Bank- und Finanzwirtschaft,Austria,AT,,,,BUS,"Business, Economics & Management",Economia e Management,BUS,name-heuristic,fh-vie.ac.at,http://www.fh-vie.ac.at/,,,,,,,
46,Fachhochschulstudiengänge der Wiener Wirtschaft,Austria,AT,,,,BUS,"Business, Economics & Management",Economia e Management,BUS,name-heuristic,fhw.at,http://www.fhw.at/,,,,,,,
47,Fachhochschulstudiengänge Wels,Austria,AT,Wels,48.16667,14.03333,COMP,Comprehensive (multi-field),Generalista (multidisciplinare),COMP,name-heuristic,fh-wels.at,http://www.fh-wels.at/,,,,,,,
48,Fachhochschule Wiener Neustadt,Austria,AT,Wiener Neustadt,47.80485,16.23196,COMP,Comprehensive (multi-field),Generalista (multidisciplinare),AGR|ARC|BUS|EDU|ENG|ICT|LAW|MED|SCI|SOC,ETER,fhwn.ac.at,http://www.fhwn.ac.at/,,,,,,,
49,Fachhochschulstudiengänge Krems IMC,Austria,AT,,,,COMP,Comprehensive (multi-field),Generalista (multidisciplinare),AGR|ARC|BUS|ENG|ICT|LAW|MED|SOC,ETER,imc-krems.ac.at,http://www.imc-krems.ac.at/,,,,,,,
50,Medizinische Universität Innsbruck,Austria,AT,Innsbruck,47.26266,11.39454,MED,Medicine & Health,Medicina e Salute,MED,name-heuristic,i-med.ac.at,http://www.i-med.ac.at/,,,,,,,
51,Institute of Science and Technology,Austria,AT,,,,ENG,Engineering & Technology,Ingegneria e Tecnologia,ENG,name-heuristic,ist.ac.at,http://www.ist.ac.at/,,,,,,,
52,Universität Graz,Austria,AT,Graz,47.06733,15.44197,COMP,Comprehensive (multi-field),Generalista (multidisciplinare),AGR|ARC|ART|BUS|EDU|ENG|HUM|ICT|LAW|MED|SCI|SOC,ETER,kfunigraz.ac.at,http://www.kfunigraz.ac.at/,501–600,43.6,32.3,24.1,65.3,81.2,51.0
53,Universität für künstlerische und industrielle Gestaltung Linz,Austria,AT,Linz,48.30639,14.28611,ART,"Arts, Design & Music","Arte, Design e Musica",ART,name-heuristic,khs-linz.ac.at,http://www.khs-linz.ac.at/,,,,,,,
54,Katholisch-Theologische Privatuniversität Linz,Austria,AT,Linz,48.30639,14.28611,THEO,Theology & Religious Studies,Teologia e Studi Religiosi,THEO,name-heuristic,kth-linz.ac.at,http://www.kth-linz.ac.at/,,,,,,,
55,Universität für Musik und darstellende Kunst Graz,Austria,AT,Graz,47.06733,15.44197,ART,"Arts, Design & Music","Arte, Design e Musica",ART,name-heuristic,kug.ac.at,http://www.kug.ac.at/,,,,,,,
56,MCI-Management Center Innsbruck,Austria,AT,Innsbruck,47.26266,11.39454,BUS,"Business, Economics & Management",Economia e Management,AGR|ARC|BUS|ENG|ICT|LAW|MED|SOC,ETER,mci.edu,http://www.mci.edu/,,,,,,,
57,Universität für Musik und darstellende Kunst Wien,Austria,AT,Vienna,48.20849,16.37208,ART,"Arts, Design & Music","Arte, Design e Musica",ART,name-heuristic,mdw.ac.at,http://www.mdw.ac.at/,,,,,,,
58,Medizinische Universität Graz,Austria,AT,Graz,47.06733,15.44197,MED,Medicine & Health,Medicina e Salute,MED,name-heuristic,meduni-graz.at,http://www.meduni-graz.at/,,,,,,,
59,Medizinische Universität Wien,Austria,AT,Vienna,48.20849,16.37208,MED,Medicine & Health,Medicina e Salute,MED,name-heuristic,meduniwien.at,http://www.meduniwien.at/,,,,,,,
60,Universität Mozarteum Salzburg,Austria,AT,Salzburg,47.79941,13.04399,COMP,Comprehensive (multi-field),Generalista (multidisciplinare),ART|EDU|HUM,ETER,moz.ac.at,http://www.moz.ac.at/,,,,,,,
61,Universität für angewandte Kunst Wien,Austria,AT,Vienna,48.20849,16.37208,ART,"Arts, Design & Music","Arte, Design e Musica",ART,name-heuristic,ns2.uni-ak.ac.at,http://ns2.uni-ak.ac.at/,,,,,,,
62,Universität Salzburg,Austria,AT,Salzburg,47.79941,13.04399,COMP,Comprehensive (multi-field),Generalista (multidisciplinare),AGR|ARC|ART|BUS|EDU|ENG|HUM|ICT|LAW|MED|SCI|SOC,ETER,sbg.ac.at,http://www.sbg.ac.at/,,,,,,,
63,Technikum Wien,Austria,AT,Vienna,48.20849,16.37208,COMP,Comprehensive (multi-field),Generalista (multidisciplinare),COMP,name-heuristic,technikum-wien.at,http://www.technikum-wien.at/,,,,,,,
64,Technische Universität Graz,Austria,AT,Graz,47.06733,15.44197,ENG,Engineering & Technology,Ingegneria e Tecnologia,ENG,name-heuristic,tugraz.at,http://www.tugraz.at/,,,,,,,
65,Technische Universität Wien,Austria,AT,Vienna,48.20849,16.37208,ENG,Engineering & Technology,Ingegneria e Tecnologia,ENG,name-heuristic,tuwien.ac.at,http://www.tuwien.ac.at/,,,,,,,
66,Universität Innsbruck,Austria,AT,Innsbruck,47.26266,11.39454,COMP,Comprehensive (multi-field),Generalista (multidisciplinare),AGR|ARC|ART|BUS|EDU|ENG|HUM|ICT|LAW|MED|SCI|SOC,ETER,uibk.ac.at,http://www.uibk.ac.at/,301–350,51.6,35.7,36.8,69.6,93.7,87.8
67,Private Universität für Medizinische Informatik und Technik Tirol,Austria,AT,,,,MED,Medicine & Health,Medicina e Salute,MED,name-heuristic,umit.at,http://www.umit.at/,,,,,,,
68,Universität Klagenfurt,Austria,AT,Klagenfurt am Wörthersee,46.62472,14.30528,COMP,Comprehensive (multi-field),Generalista (multidisciplinare),AGR|ARC|ART|BUS|EDU|ENG|HUM|ICT|LAW|MED|SCI|SOC,ETER,uni-klu.ac.at,http://www.uni-klu.ac.at/,601–800,39.0,34.4,19.6,60.5,89.0,49.5
69,Montanuniversität Leoben,Austria,AT,,,,COMP,Comprehensive (multi-field),Generalista (multidisciplinare),COMP,name-heuristic,unileoben.ac.at,http://www.unileoben.ac.at/,801–1000,35.5,40.7,21.3,34.6,77.6,78.6
70,Johannes Kepler Universität Linz,Austria,AT,Linz,48.30639,14.28611,COMP,Comprehensive (multi-field),Generalista (multidisciplinare),COMP,name-heuristic,jku.at,https://www.jku.at/,401–500,46.2,36.7,35.4,61.4,75.6,98.5
71,Universität Vienna,Austria,AT,Vienna,48.20849,16.37208,COMP,Comprehensive (multi-field),Generalista (multidisciplinare),AGR|ARC|ART|BUS|EDU|ENG|HUM|ICT|LAW|MED|SCI|SOC,ETER,univie.ac.at,http://www.univie.ac.at/,=95,66.6,50.0,60.9,79.8,94.0,80.0
72,Veterinärmedizinische Universität Wien,Austria,AT,Vienna,48.20849,16.37208,MED,Medicine & Health,Medicina e Salute,MED,name-heuristic,vu-wien.ac.at,http://www.vu-wien.ac.at/,,,,,,,
73,"Webster University, Vienna",Austria,AT,Vienna,48.20849,16.37208,COMP,Comprehensive (multi-field),Generalista (multidisciplinare),ART|BUS|HUM|ICT|LAW|SOC,ETER,webster.ac.at,http://www.webster.ac.at/,,,,,,,
74,Wirtschaftsuniversität Wien,Austria,AT,Vienna,48.20849,16.37208,BUS,"Business, Economics & Management",Economia e Management,BUS,name-heuristic,wu-wien.ac.at,http://www.wu-wien.ac.at/,,,,,,,
75,Academy of the Ministry of Internal Affairs of the Republic of Belarus,Belarus,BY,,,,COMP,Comprehensive (multi-field),Generalista (multidisciplinare),COMP,name-heuristic,academy.mia.by,https://www.amia.by/,,,,,,,
76,Belarusian State Agricultural Academy,Belarus,BY,,,,AGR,"Agriculture, Forestry & Veterinary",Agraria e Veterinaria,AGR,name-heuristic,baa.by,https://baa.by/,,,,,,,
77,Belarusian State Agrarian Technical University,Belarus,BY,,,,ENG,Engineering & Technology,Ingegneria e Tecnologia,ENG,name-heuristic,batu.edu.by,https://www.bsatu.by/,,,,,,,
78,Belarusian State University of Transport,Belarus,BY,,,,EDU,Education & Sport Sciences,Scienze della Formazione e dello Sport,EDU,name-heuristic,belsut.gomel.by,https://www.bsut.by/,,,,,,,
79,Belarusian State Academy of Music,Belarus,BY,,,,ART,"Arts, Design & Music","Arte, Design e Musica",ART,name-heuristic,bgam.edu.by,https://bgam.by/,,,,,,,
80,Belarusian National Technical University,Belarus,BY,,,,ENG,Engineering & Technology,Ingegneria e Tecnologia,ENG,name-heuristic,bntu.by,https://bntu.by/,1501+,10.3,24.7,11.1,10.9,65.8,45.0
81,Brest State University,Belarus,BY,Brest,52.10894,23.71749,COMP,Comprehensive (multi-field),Generalista (multidisciplinare),COMP,name-heuristic,brsu.brest.by,https://www.brsu.by/,,,,,,,
82,Belarusian-Russian University,Belarus,BY,,,,COMP,Comprehensive (multi-field),Generalista (multidisciplinare),COMP,name-heuristic,bru.mogilev.by,http://en.bru.by/,,,,,,,
83,Belarusian State Economic University,Belarus,BY,,,,BUS,"Business, Economics & Management",Economia e Management,BUS,name-heuristic,bseu.by,http://bseu.by/,,,,,,,
84,Belarusian State Medical University,Belarus,BY,,,,MED,Medicine & Health,Medicina e Salute,MED,name-heuristic,bsmu.by,https://bsmu.by/,Reporter,,,,,,
85,Belarusian State Pedagogical University M. Tanka,Belarus,BY,,,,EDU,Education & Sport Sciences,Scienze della Formazione e dello Sport,EDU,name-heuristic,bspu.unibel.by,https://bspu.by/,,,,,,,
86,Brest State Technical University,Belarus,BY,Brest,52.10894,23.71749,ENG,Engineering & Technology,Ingegneria e Tecnologia,ENG,name-heuristic,bstu.by,https://www.bstu.by/,,,,,,,
87,Belarusian State Technological University,Belarus,BY,,,,ENG,Engineering & Technology,Ingegneria e Tecnologia,ENG,name-heuristic,bstu.unibel.by,https://belstu.by/,,,,,,,
88,Belarusian State University,Belarus,BY,,,,COMP,Comprehensive (multi-field),Generalista (multidisciplinare),COMP,name-heuristic,bsu.by,https://bsu.by/,,,,,,,
89,Belarusian State University of Informatics and Radioelectronics,Belarus,BY,,,,ICT,Computer Science & IT,Informatica e IT,ICT,name-heuristic,bsuir.by,https://www.bsuir.by/,Reporter,,,,,,
90,Belarusian State University of Culture and Arts,Belarus,BY,,,,COMP,Comprehensive (multi-field),Generalista (multidisciplinare),COMP,name-heuristic,buk.by,https://www.buk.by/,,,,,,,
91,Grodno State Medical University,Belarus,BY,Hrodna,53.6758,23.82887,MED,Medicine & Health,Medicina e Salute,MED,name-heuristic,grsmu.by,http://www.grsmu.by/,Reporter,,,,,,
92,Grodno State University Yanka Kupaly,Belarus,BY,Hrodna,53.6758,23.82887,COMP,Comprehensive (multi-field),Generalista (multidisciplinare),COMP,name-heuristic,grsu.by,https://www.grsu.by/,,,,,,,
93,Gomel State Technical University Pavel Sukhoi,Belarus,BY,Homyel',52.4345,30.9754,ENG,Engineering & Technology,Ingegneria e Tecnologia,ENG,name-heuristic,gstu.gomel.by,https://www.gstu.by/,,,,,,,
94,Gomel State University Francisk Scarnia,Belarus,BY,Homyel',52.4345,30.9754,COMP,Comprehensive (multi-field),Generalista (multidisciplinare),COMP,name-heuristic,gsu.unibel.by,https://gsu.by/,,,,,,,
95,International Sakharov Environmental University,Belarus,BY,,,,COMP,Comprehensive (multi-field),Generalista (multidisciplinare),COMP,name-heuristic,iseu.by,https://www.iseu.bsu.by/,,,,,,,
96,Institute for Command Engineers of The Ministry for Emergency Situations,Belarus,BY,,,,COMP,Comprehensive (multi-field),Generalista (multidisciplinare),COMP,name-heuristic,kii.gov.by,https://ucp.by/,,,,,,,
97,Gomel State Medical University,Belarus,BY,Homyel',52.4345,30.9754,MED,Medicine & Health,Medicina e Salute,MED,name-heuristic,meduniver.gomel.by,https://gsmu.by/,Reporter,,,,,,
98,Mozyr State Pedagogical Institute,Belarus,BY,Mazyr,52.04162,29.21631,EDU,Education & Sport Sciences,Scienze della Formazione e dello Sport,EDU,name-heuristic,mgpu.gomel.by,https://mspu.by/,,,,,,,
99,Minsk Institute of Management,Belarus,BY,Minsk,53.90019,27.56653,BUS,"Business, Economics & Management",Economia e Management,BUS,name-heuristic,miu.by,http://www.miu.by/,,,,,,,
100,Minsk State Linguistic University,Belarus,BY,Minsk,53.90019,27.56653,HUM,Humanities & Languages,Studi Umanistici e Lingue,HUM,name-heuristic,mslu.by,https://mslu.by/,,,,,,,
101,Mogilev State University A.A. Kuleshov,Belarus,BY,Mahilyow,53.90876,30.34044,COMP,Comprehensive (multi-field),Generalista (multidisciplinare),COMP,name-heuristic,msu.mogilev.by,https://msu.by/,,,,,,,
102,Academy of Public Administration of Belarus,Belarus,BY,,,,SOC,Social & Political Sciences,Scienze Sociali e Politiche,SOC,name-heuristic,pac.by,https://www.pac.by/,,,,,,,
103,Polotsk State University,Belarus,BY,Polotsk,55.4879,28.7856,COMP,Comprehensive (multi-field),Generalista (multidisciplinare),COMP,name-heuristic,psu.by,http://www.psu.by/,,,,,,,
104,Grodno State Agrarian University,Belarus,BY,Hrodna,53.6758,23.82887,AGR,"Agriculture, Forestry & Veterinary",Agraria e Veterinaria,AGR,name-heuristic,uni-agro.grodno.by,https://inter.ggau.by/,,,,,,,
105,Vitebsk State Medical University,Belarus,BY,Vitebsk,55.1904,30.2049,MED,Medicine & Health,Medicina e Salute,MED,name-heuristic,vgmu.vitebsk.by,https://www.vsmu.by/,,,,,,,
106,Vitebsk State Academy of Veterinary Medicine,Belarus,BY,Vitebsk,55.1904,30.2049,MED,Medicine & Health,Medicina e Salute,MED,name-heuristic,vsavm.com,https://www.vsavm.by/,,,,,,,
107,Vitebsk State Technological University,Belarus,BY,Vitebsk,55.1904,30.2049,ENG,Engineering & Technology,Ingegneria e Tecnologia,ENG,name-heuristic,vstu.vitebsk.by,https://vstu.by/,Reporter,,,,,,
108,Vitebsk State University,Belarus,BY,Vitebsk,55.1904,30.2049,COMP,Comprehensive (multi-field),Generalista (multidisciplinare),COMP,name-heuristic,vsu.by,https://vsu.by/,,,,,,,
109,Brexgata University Academy,Belgium,BE,,,,COMP,Comprehensive (multi-field),Generalista (multidisciplinare),COMP,name-heuristic,brexgata.eu,http://www.brexgata.eu/,,,,,,,
110,European Carolus Magnus University,Belgium,BE,,,,COMP,Comprehensive (multi-field),Generalista (multidisciplinare),COMP,name-heuristic,carolus-magnus-university.eu,http://www.carolus-magnus-university.eu/,,,,,,,
111,College of Europe,Belgium,BE,,,,COMP,Comprehensive (multi-field),Generalista (multidisciplinare),COMP,name-heuristic,coleurope.eu,http://www.coleurope.eu/,,,,,,,
112,Continental Theological Seminary,Belgium,BE,,,,THEO,Theology & Religious Studies,Teologia e Studi Religiosi,THEO,name-heuristic,ctsem.edu,http://www.ctsem.edu/,,,,,,,
113,ECAM - Institut Supérieur Industriel,Belgium,BE,,,,COMP,Comprehensive (multi-field),Generalista (multidisciplinare),COMP,name-heuristic,ecam.be,http://www.ecam.be/,,,,,,,
114,Erasmushogeschool Brussel,Belgium,BE,Brussels,50.85045,4.34878,COMP,Comprehensive (multi-field),Generalista (multidisciplinare),COMP,name-heuristic,ehb.be,http://www.ehb.be/,,,,,,,
115,EHSAL - Europese Hogeschool Brussel,Belgium,BE,Brussels,50.85045,4.34878,COMP,Comprehensive (multi-field),Generalista (multidisciplinare),COMP,name-heuristic,ehsal.be,http://www.ehsal.be/,,,,,,,
116,"Evangelische Theologische Faculteit, Leuven",Belgium,BE,Leuven,50.87959,4.70093,THEO,Theology & Religious Studies,Teologia e Studi Religiosi,THEO,name-heuristic,etf.edu,http://www.etf.edu/,,,,,,,
117,European International University,Belgium,BE,,,,COMP,Comprehensive (multi-field),Generalista (multidisciplinare),COMP,name-heuristic,europeaniu.org,http://www.europeaniu.org/,,,,,,,
118,Faculté Polytechnique de Mons,Belgium,BE,Mons,50.45413,3.95229,ENG,Engineering & Technology,Ingegneria e Tecnologia,ENG,name-heuristic,fpms.ac.be,http://www.fpms.ac.be/,,,,,,,
119,Faculté Universitaire des Sciences Agronomiques de Gembloux,Belgium,BE,Gembloux,50.56149,4.69889,AGR,"Agriculture, Forestry & Veterinary",Agraria e Veterinaria,AGR,name-heuristic,fsagx.ac.be,http://www.fsagx.ac.be/,,,,,,,
120,Facultés Universitaires Catholiques de Mons,Belgium,BE,Mons,50.45413,3.95229,COMP,Comprehensive (multi-field),Generalista (multidisciplinare),COMP,name-heuristic,fucam.ac.be,http://www.fucam.ac.be/,,,,,,,
121,Fondation Universitaire Luxembourgeoise,Belgium,BE,,,,COMP,Comprehensive (multi-field),Generalista (multidisciplinare),COMP,name-heuristic,ful.ac.be,http://www.ful.ac.be/,,,,,,,
122,Facultés Universitaires Notre-Dame de la Paix,Belgium,BE,,,,COMP,Comprehensive (multi-field),Generalista (multidisciplinare),COMP,name-heuristic,fundp.ac.be,http://www.fundp.ac.be/,,,,,,,
123,Facultés Universitaires Saint-Louis,Belgium,BE,,,,COMP,Comprehensive (multi-field),Generalista (multidisciplinare),COMP,name-heuristic,fusl.ac.be,http://www.fusl.ac.be/,,,,,,,
124,Hogeschool Antwerpen,Belgium,BE,Antwerpen,51.22047,4.40026,COMP,Comprehensive (multi-field),Generalista (multidisciplinare),COMP,name-heuristic,ha.be,http://www.ha.be/,,,,,,,
125,Hogere Zeevaartschool - Maritime Academy,Belgium,BE,,,,ENG,Engineering & Technology,Ingegneria e Tecnologia,ENG,name-heuristic,hzs.be,http://www.hzs.be/,,,,,,,
126,Brussels Management School (ICHEC),Belgium,BE,Brussels,50.85045,4.34878,BUS,"Business, Economics & Management",Economia e Management,ARC|ART|BUS|EDU|ENG|HUM|ICT|LAW|MED,ETER,ichec.be,http://www.ichec.be/,,,,,,,
127,Karel De Grote Hogeschool,Belgium,BE,,,,COMP,Comprehensive (multi-field),Generalista (multidisciplinare),AGR|ARC|ART|BUS|EDU|ENG|HUM|ICT|LAW|MED|SCI,ETER,kdg.be,http://www.kdg.be/,,,,,,,
128,Katholieke Hogeschool Kempen,Belgium,BE,,,,COMP,Comprehensive (multi-field),Generalista (multidisciplinare),COMP,name-heuristic,khk.be,http://www.khk.be/,,,,,,,
129,Katholieke Hogeschool Leuven,Belgium,BE,Leuven,50.87959,4.70093,COMP,Comprehensive (multi-field),Generalista (multidisciplinare),COMP,name-heuristic,khleuven.be,http://www.khleuven.be/,,,,,,,
130,Katholieke Hogeschool Limburg,Belgium,BE,,,,COMP,Comprehensive (multi-field),Generalista (multidisciplinare),COMP,name-heuristic,khlim.be,http://www.khlim.be/,,,,,,,
131,Katholieke Universiteit Brussel,Belgium,BE,Brussels,50.85045,4.34878,COMP,Comprehensive (multi-field),Generalista (multidisciplinare),AGR|ARC|ART|BUS|EDU|ENG|HUM|ICT|LAW|MED|SCI|SOC,ETER,kubrussel.ac.be,http://www.kubrussel.ac.be/,,,,,,,
132,"Katholieke Universiteit Leuven, Campus Kortrijk",Belgium,BE,Leuven,50.87959,4.70093,COMP,Comprehensive (multi-field),Generalista (multidisciplinare),COMP,name-heuristic,kulak.kuleuven.be,https://kulak.kuleuven.be/,,,,,,,
133,Katholieke Universiteit Leuven,Belgium,BE,Leuven,50.87959,4.70093,COMP,Comprehensive (multi-field),Generalista (multidisciplinare),COMP,name-heuristic,kuleuven.be,https://www.kuleuven.be/,,,,,,,
134,Royal Military Academy,Belgium,BE,,,,COMP,Comprehensive (multi-field),Generalista (multidisciplinare),COMP,name-heuristic,rma.ac.be,http://www.rma.ac.be/,,,,,,,
135,Universiteit Gent,Belgium,BE,Gent,51.05,3.71667,COMP,Comprehensive (multi-field),Generalista (multidisciplinare),COMP,name-heuristic,ugent.be,https://www.ugent.be/,,,,,,,
136,Thierry Graduate School of Leadership,Belgium,BE,,,,COMP,Comprehensive (multi-field),Generalista (multidisciplinare),COMP,name-heuristic,thierryschool.org,http://www.thierryschool.org/,,,,,,,
137,Universiteit Antwerpen,Belgium,BE,Antwerpen,51.22047,4.40026,COMP,Comprehensive (multi-field),Generalista (multidisciplinare),COMP,name-heuristic,ua.ac.be,http://www.ua.ac.be/,,,,,,,
138,Universiteit Antwerpen Management School,Belgium,BE,Antwerpen,51.22047,4.40026,BUS,"Business, Economics & Management",Economia e Management,BUS,name-heuristic,uams.be,http://www.uams.be/,,,,,,,
139,United Business Institute,Belgium,BE,,,,BUS,"Business, Economics & Management",Economia e Management,BUS,name-heuristic,ubi.edu,http://www.ubi.edu/,,,,,,,
140,Université Catholique de Louvain,Belgium,BE,Leuven,50.87959,4.70093,COMP,Comprehensive (multi-field),Generalista (multidisciplinare),COMP,name-heuristic,ucl.ac.be,http://www.ucl.ac.be/,=184,59.7,40.0,47.7,80.7,80.3,95.2
141,"Universiteit Antwerpen, UFSIA",Belgium,BE,Antwerpen,51.22047,4.40026,COMP,Comprehensive (multi-field),Generalista (multidisciplinare),COMP,name-heuristic,ufsia.ac.be,http://www.ufsia.ac.be/,,,,,,,
142,Hasselt University,Belgium,BE,Hasselt,50.93106,5.33781,COMP,Comprehensive (multi-field),Generalista (multidisciplinare),AGR|ARC|ART|BUS|EDU|ENG|HUM|LAW|MED|SCI,ETER,uhasselt.be,http://www.uhasselt.be/,301–350,51.6,35.0,37.8,72.8,71.2,87.8
143,Université Libre de Bruxelles,Belgium,BE,Brussels,50.85045,4.34878,COMP,Comprehensive (multi-field),Generalista (multidisciplinare),COMP,name-heuristic,ulb.be,https://www.ulb.be/,201–250,56.4,36.7,44.8,81.3,86.9,68.3
144,Université de Mons-Hainaut,Belgium,BE,Mons,50.45413,3.95229,COMP,Comprehensive (multi-field),Generalista (multidisciplinare),COMP,name-heuristic,umh.ac.be,http://www.umh.ac.be/,,,,,,,
145,Vesalius College,Belgium,BE,,,,COMP,Comprehensive (multi-field),Generalista (multidisciplinare),COMP,name-heuristic,vesalius.edu,http://www.vesalius.edu/,,,,,,,
146,"Hogeschool voor Wetenschap en Kunst (VLEKHO), Brussel",Belgium,BE,Brussels,50.85045,4.34878,ART,"Arts, Design & Music","Arte, Design e Musica",ART,name-heuristic,vlekho.be,http://www.vlekho.be/,,,,,,,
147,Vlerick Leuven Gent Management School,Belgium,BE,Gent,51.05,3.71667,BUS,"Business, Economics & Management",Economia e Management,BUS,name-heuristic,vlerick.be,http://www.vlerick.be/,,,,,,,
148,Vrije Universiteit Brussel,Belgium,BE,Brussels,50.85045,4.34878,COMP,Comprehensive (multi-field),Generalista (multidisciplinare),AGR|ARC|ART|BUS|EDU|ENG|HUM|ICT|LAW|MED|SCI|SOC,ETER,vub.ac.be,http://www.vub.ac.be/,201–250,56.4,37.8,42.5,80.4,76.6,93.6
149,Hogeschool voor Wetenschap & Kunst,Belgium,BE,,,,ART,"Arts, Design & Music","Arte, Design e Musica",ART,name-heuristic,wenk.be,http://www.wenk.be/,,,,,,,
150,University College Odisee,Belgium,BE,,,,COMP,Comprehensive (multi-field),Generalista (multidisciplinare),AGR|ARC|ART|BUS|EDU|ENG|HUM|ICT|LAW|MED|SCI|SOC,ETER,odisee.be,https://www.odisee.be/,,,,,,,
151,Hogeschool Gent,Belgium,BE,Gent,51.05,3.71667,COMP,Comprehensive (multi-field),Generalista (multidisciplinare),COMP,name-heuristic,hogent.be,https://www.hogent.be/,,,,,,,
152,Thomas More Hogeschool,Belgium,BE,,,,COMP,Comprehensive (multi-field),Generalista (multidisciplinare),COMP,name-heuristic,thomasmore.be,https://www.thomasmore.be/,,,,,,,
153,American University,Bosnia and Herzegovina,BA,,,,COMP,Comprehensive (multi-field),Generalista (multidisciplinare),COMP,name-heuristic,aubih.ba,http://www.aubih.ba/,,,,,,,
154,International Burch University,Bosnia and Herzegovina,BA,,,,COMP,Comprehensive (multi-field),Generalista (multidisciplinare),COMP,name-heuristic,ibu.edu.ba,http://www.ibu.edu.ba/,,,,,,,
155,International University of Sarajevo,Bosnia and Herzegovina,BA,Sarajevo,43.84864,18.35644,COMP,Comprehensive (multi-field),Generalista (multidisciplinare),COMP,name-heuristic,ius.edu.ba,http://www.ius.edu.ba/,,,,,,,
156,International University of Travnik,Bosnia and Herzegovina,BA,Travnik,44.22637,17.66583,COMP,Comprehensive (multi-field),Generalista (multidisciplinare),COMP,name-heuristic,iu-travnik.com,http://www.iu-travnik.com/,,,,,,,
157,Sarajevo Film Academy,Bosnia and Herzegovina,BA,Sarajevo,43.84864,18.35644,ART,"Arts, Design & Music","Arte, Design e Musica",ART,name-heuristic,sfa.ba,http://www.sfa.ba/,,,,,,,
158,Slobomir P Univerzitet,Bosnia and Herzegovina,BA,,,,COMP,Comprehensive (multi-field),Generalista (multidisciplinare),COMP,name-heuristic,spu.ba,http://www.spu.ba/,,,,,,,
159,University of Mostar,Bosnia and Herzegovina,BA,Mostar,43.34333,17.80806,COMP,Comprehensive (multi-field),Generalista (multidisciplinare),COMP,name-heuristic,sve-mo.ba,http://www.sve-mo.ba/,,,,,,,
160,University of Bihac,Bosnia and Herzegovina,BA,Bihać,44.81694,15.87083,COMP,Comprehensive (multi-field),Generalista (multidisciplinare),COMP,name-heuristic,unbi.ba,http://www.unbi.ba/,,,,,,,
161,University of Banja Luka,Bosnia and Herzegovina,BA,Banja Luka,44.77879,17.20629,COMP,Comprehensive (multi-field),Generalista (multidisciplinare),COMP,name-heuristic,unibl.org,http://www.unibl.org/,,,,,,,
162,"Univerzitet u Mostaru ""Dzemal Bijedic""",Bosnia and Herzegovina,BA,,,,COMP,Comprehensive (multi-field),Generalista (multidisciplinare),COMP,name-heuristic,unmo.ba,http://www.unmo.ba/,,,,,,,
163,University of Sarajevo,Bosnia and Herzegovina,BA,Sarajevo,43.84864,18.35644,COMP,Comprehensive (multi-field),Generalista (multidisciplinare),COMP,name-heuristic,unsa.ba,http://www.unsa.ba/,1501+,10.3,21.2,11.5,23.4,29.5,33.0
164,University of East Srarajevo,Bosnia and Herzegovina,BA,,,,COMP,Comprehensive (multi-field),Generalista (multidisciplinare),COMP,name-heuristic,unssa.rs.ba,http://www.unssa.rs.ba/,,,,,,,
165,University of Tuzla,Bosnia and Herzegovina,BA,Tuzla,44.53842,18.66709,COMP,Comprehensive (multi-field),Generalista (multidisciplinare),COMP,name-heuristic,untz.ba,http://www.untz.ba/,,,,,,,
166,University Vitez In Travnik,Bosnia and Herzegovina,BA,Travnik,44.22637,17.66583,COMP,Comprehensive (multi-field),Generalista (multidisciplinare),COMP,name-heuristic,unvi.edu.ba,http://www.unvi.edu.ba/,,,,,,,
167,University of Zenica,Bosnia and Herzegovina,BA,Zenica,44.20169,17.90397,COMP,Comprehensive (multi-field),Generalista (multidisciplinare),COMP,name-heuristic,unze.ba,http://www.unze.ba/,,,,,,,
168,"Academy of Music, Dance and Fine Arts",Bulgaria,BG,,,,ART,"Arts, Design & Music","Arte, Design e Musica",AGR|ARC|ART|BUS|EDU|ENG|HUM|ICT|LAW|MED|SCI|SOC,ETER,amti.hit.bg,http://amti.hit.bg/,,,,,,,
169,American University in Bulgaria,Bulgaria,BG,,,,COMP,Comprehensive (multi-field),Generalista (multidisciplinare),ART|BUS|HUM|ICT|LAW|SCI|SOC,ETER,aubg.bg,http://www.aubg.bg/,,,,,,,
170,Agricultural University of Plovdiv,Bulgaria,BG,Plovdiv,42.15387,24.75001,AGR,"Agriculture, Forestry & Veterinary",Agraria e Veterinaria,AGR|ARC|BUS|EDU|ENG|ICT|LAW|SCI|SOC,ETER,au-plovdiv.bg,http://www.au-plovdiv.bg/,,,,,,,
171,Bourgas Free University,Bulgaria,BG,Burgas,42.50651,27.46886,COMP,Comprehensive (multi-field),Generalista (multidisciplinare),COMP,name-heuristic,bfu.bg,http://www.bfu.bg/,,,,,,,
172,"Bourgas University ""Prof. Assen Zlatarov""",Bulgaria,BG,Burgas,42.50651,27.46886,COMP,Comprehensive (multi-field),Generalista (multidisciplinare),COMP,name-heuristic,btu.bg,http://www.btu.bg/,,,,,,,
173,City University Programs in Bulgaria,Bulgaria,BG,,,,COMP,Comprehensive (multi-field),Generalista (multidisciplinare),COMP,name-heuristic,cityu.bg,http://www.cityu.bg/,,,,,,,
174,University of Forestry Sofia,Bulgaria,BG,Sofia,42.69751,23.32415,AGR,"Agriculture, Forestry & Veterinary",Agraria e Veterinaria,AGR|ARC|ART|BUS|ENG|HUM|ICT|LAW|SCI|SOC,ETER,ltu.bg,http://www.ltu.bg/,,,,,,,
175,Medical University Plovdiv,Bulgaria,BG,Plovdiv,42.15387,24.75001,MED,Medicine & Health,Medicina e Salute,BUS|LAW|MED|SCI|SOC,ETER,meduniversity-plovdiv.bg,http://www.meduniversity-plovdiv.bg/,,,,,,,
176,"University of Mining and Geology ""St. Ivan Rils""",Bulgaria,BG,,,,ENG,Engineering & Technology,Ingegneria e Tecnologia,AGR|ARC|ART|BUS|EDU|ENG|HUM|ICT|LAW|MED|SCI|SOC,ETER,mgu.bg,http://www.mgu.bg/,,,,,,,
177,Medical University Pleven,Bulgaria,BG,Pleven,43.41791,24.61666,MED,Medicine & Health,Medicina e Salute,AGR|ARC|ART|BUS|EDU|ENG|HUM|ICT|LAW|MED|SCI|SOC,ETER,mu-pleven.bg,http://www.mu-pleven.bg/,,,,,,,
178,Medical University of Sofia,Bulgaria,BG,Sofia,42.69751,23.32415,MED,Medicine & Health,Medicina e Salute,BUS|LAW|MED|SCI|SOC,ETER,mu-sofia.bg,http://www.mu-sofia.bg/,1501+,10.3,26.4,7.3,37.8,48.5,45.9
179,Medical University Varna,Bulgaria,BG,Varna,43.21912,27.91024,MED,Medicine & Health,Medicina e Salute,MED,name-heuristic,mu-varna.bg,http://www.mu-varna.bg/,,,,,,,
180,"National Academy for Theatre and Film Arts ""Krustju Sarafov""",Bulgaria,BG,,,,ART,"Arts, Design & Music","Arte, Design e Musica",ART|BUS|HUM|LAW|SOC,ETER,natfiz.bg,http://www.natfiz.bg/,,,,,,,
181,New Bulgarian University,Bulgaria,BG,,,,COMP,Comprehensive (multi-field),Generalista (multidisciplinare),ARC|ART|BUS|EDU|ENG|HUM|ICT|LAW|MED|SCI|SOC,ETER,nbu.bg,http://www.nbu.bg/,,,,,,,
182,National Academy of Arts,Bulgaria,BG,,,,ART,"Arts, Design & Music","Arte, Design e Musica",ART,name-heuristic,nha-bg.org,http://www.nha-bg.org/,,,,,,,
183,"National Academy of Music ""Pantcho Vladigerov""",Bulgaria,BG,,,,ART,"Arts, Design & Music","Arte, Design e Musica",AGR|ARC|ART|BUS|EDU|ENG|HUM|ICT|LAW|MED|SCI|SOC,ETER,nma.bg,http://www.nma.bg/,,,,,,,
184,National Sports Academy Sofia,Bulgaria,BG,Sofia,42.69751,23.32415,EDU,Education & Sport Sciences,Scienze della Formazione e dello Sport,ART|BUS|EDU|HUM|LAW|MED|SOC,ETER,nsa.bg,http://www.nsa.bg/,,,,,,,
185,Military University Shoumen,Bulgaria,BG,Shumen,43.27064,26.92286,COMP,Comprehensive (multi-field),Generalista (multidisciplinare),COMP,name-heuristic,pv-ma.bg,http://www.pv-ma.bg/,,,,,,,
186,University of Rousse,Bulgaria,BG,Ruse,43.84872,25.9534,COMP,Comprehensive (multi-field),Generalista (multidisciplinare),COMP,name-heuristic,ru.acad.bg,http://www.ru.acad.bg/,,,,,,,
187,"Shoumen University ""Konstantin Preslavski""",Bulgaria,BG,Shumen,43.27064,26.92286,COMP,Comprehensive (multi-field),Generalista (multidisciplinare),COMP,name-heuristic,shu-bg.net,http://www.shu-bg.net/,,,,,,,
188,"South-West University ""Neofit Rilski""",Bulgaria,BG,,,,COMP,Comprehensive (multi-field),Generalista (multidisciplinare),ARC|ART|BUS|EDU|ENG|HUM|ICT|LAW|MED|SCI|SOC,ETER,swu.bg,http://www.swu.bg/,,,,,,,
189,Technical University of Gabrovo,Bulgaria,BG,Gabrovo,42.87419,25.31823,ENG,Engineering & Technology,Ingegneria e Tecnologia,ARC|ART|BUS|ENG|HUM|ICT|LAW|MED|SCI|SOC,ETER,tugab.bg,http://www.tugab.bg/,,,,,,,
190,Technical University of Sofia,Bulgaria,BG,Sofia,42.69751,23.32415,ENG,Engineering & Technology,Ingegneria e Tecnologia,ARC|ART|BUS|EDU|ENG|HUM|ICT|LAW|SCI|SOC,ETER,tu-sofia.bg,http://www.tu-sofia.bg/,1501+,10.3,22.9,11.5,22.1,24.7,37.7
191,Technical University of Varna,Bulgaria,BG,Varna,43.21912,27.91024,ENG,Engineering & Technology,Ingegneria e Tecnologia,AGR|ARC|ART|BUS|ENG|HUM|ICT|LAW|MED|SCI|SOC,ETER,tu-varna.acad.bg,http://www.tu-varna.acad.bg/,,,,,,,
192,"University of Architecture, Civil Engineering and Geodesy",Bulgaria,BG,,,,ENG,Engineering & Technology,Ingegneria e Tecnologia,AGR|ARC|ART|BUS|EDU|ENG|HUM|ICT|LAW|MED|SCI|SOC,ETER,uacg.bg,http://www.uacg.bg/,,,,,,,
193,University of Chemical Technology and Metallurgy,Bulgaria,BG,,,,ENG,Engineering & Technology,Ingegneria e Tecnologia,AGR|ARC|ART|BUS|EDU|ENG|HUM|ICT|LAW|MED|SCI|SOC,ETER,uctm.edu,http://www.uctm.edu/,,,,,,,
194,University of Economics Varna,Bulgaria,BG,Varna,43.21912,27.91024,BUS,"Business, Economics & Management",Economia e Management,BUS|ICT|LAW|SCI|SOC,ETER,ue-varna.bg,http://www.ue-varna.bg/,Reporter,,,,,,
195,University of Food Technology,Bulgaria,BG,,,,ENG,Engineering & Technology,Ingegneria e Tecnologia,ENG,name-heuristic,uft-plovdiv.bg,http://www.uft-plovdiv.bg/,,,,,,,
196,University of Plovdiv,Bulgaria,BG,Plovdiv,42.15387,24.75001,COMP,Comprehensive (multi-field),Generalista (multidisciplinare),COMP,name-heuristic,uni-plovdiv.bg,http://www.uni-plovdiv.bg/,,,,,,,
197,"Sofia University ""St. Kliment Ohridski""",Bulgaria,BG,Sofia,42.69751,23.32415,COMP,Comprehensive (multi-field),Generalista (multidisciplinare),ARC|ART|BUS|EDU|ENG|HUM|ICT|LAW|MED|SCI|SOC,ETER,uni-sofia.bg,http://www.uni-sofia.bg/,,,,,,,
198,"""Angel Kanchev"" University of Ruse",Bulgaria,BG,Ruse,43.84872,25.9534,COMP,Comprehensive (multi-field),Generalista (multidisciplinare),AGR|ARC|ART|BUS|EDU|ENG|HUM|ICT|LAW|MED|SCI|SOC,ETER,uni-ruse.bg,https://www.uni-ruse.bg/,,,,,,,
199,"Academy of Economics ""Dimitur A. Tscenov""",Bulgaria,BG,,,,BUS,"Business, Economics & Management",Economia e Management,BUS,name-heuristic,uni-svishtov.bg,http://www.uni-svishtov.bg/,,,,,,,
200,Trakia University Stara Zagora,Bulgaria,BG,Stara Zagora,42.43205,25.64262,COMP,Comprehensive (multi-field),Generalista (multidisciplinare),COMP,name-heuristic,uni-sz.bg,http://www.uni-sz.bg/,,,,,,,
201,"Veliko Turnovo University ""Cyril and Methodius""",Bulgaria,BG,Veliko Tŭrnovo,43.08124,25.62904,COMP,Comprehensive (multi-field),Generalista (multidisciplinare),COMP,name-heuristic,uni-vt.bg,http://www.uni-vt.bg/,,,,,,,
202,University of National and World Economy,Bulgaria,BG,,,,COMP,Comprehensive (multi-field),Generalista (multidisciplinare),ART|BUS|EDU|HUM|ICT|LAW|SCI|SOC,ETER,unwe.acad.bg,http://www.unwe.acad.bg/,Reporter,,,,,,
203,Varna Free University,Bulgaria,BG,Varna,43.21912,27.91024,COMP,Comprehensive (multi-field),Generalista (multidisciplinare),ARC|ART|BUS|ENG|HUM|ICT|LAW|MED|SCI|SOC,ETER,vfu.bg,http://www.vfu.bg/,,,,,,,
204,International University College,Bulgaria,BG,,,,COMP,Comprehensive (multi-field),Generalista (multidisciplinare),COMP,name-heuristic,vumk.eu,http://www.vumk.eu/,,,,,,,
205,Zachodniopomorska School of Science and Engineering,Poland,PL,,,,ENG,Engineering & Technology,Ingegneria e Tecnologia,ENG,name-heuristic,zut.edu.pl,http://www.zut.edu.pl/,,,,,,,
206,Vistula University,Poland,PL,,,,COMP,Comprehensive (multi-field),Generalista (multidisciplinare),AGR|ARC|ART|BUS|EDU|ENG|HUM|ICT|LAW|MED|SCI|SOC,ETER,vistula.edu.pl,https://www.vistula.edu.pl/,,,,,,,
207,University of Dubrovnik,Croatia,HR,Dubrovnik,42.64125,18.10909,COMP,Comprehensive (multi-field),Generalista (multidisciplinare),AGR|ARC|ART|BUS|ENG|HUM|ICT|LAW|MED|SOC,ETER,unidu.hr,http://www.unidu.hr/,Reporter,,,,,,
208,University of Osijek,Croatia,HR,Osijek,45.55066,18.6942,COMP,Comprehensive (multi-field),Generalista (multidisciplinare),COMP,name-heuristic,unios.hr,http://www.unios.hr/,,,,,,,
209,University of Pula,Croatia,HR,Pula,44.86833,13.84806,COMP,Comprehensive (multi-field),Generalista (multidisciplinare),COMP,name-heuristic,unipu.hr,http://www.unipu.hr/,,,,,,,
210,University of Rijeka,Croatia,HR,Rijeka,45.32673,14.44241,COMP,Comprehensive (multi-field),Generalista (multidisciplinare),AGR|ARC|ART|BUS|EDU|ENG|HUM|ICT|LAW|MED|SCI|SOC,ETER,uniri.hr,http://www.uniri.hr/,1501+,10.3,20.1,19.4,31.3,30.6,36.4
211,University of Split,Croatia,HR,Split,43.50891,16.43915,COMP,Comprehensive (multi-field),Generalista (multidisciplinare),AGR|ARC|ART|BUS|EDU|ENG|HUM|ICT|LAW|MED|SCI|SOC,ETER,unist.hr,http://www.unist.hr/,1201–1500,27.3,22.2,15.3,42.3,34.7,28.6
212,University of Zadar,Croatia,HR,Zadar,44.11578,15.22514,COMP,Comprehensive (multi-field),Generalista (multidisciplinare),AGR|ARC|ART|BUS|EDU|ENG|HUM|ICT|LAW|MED|SCI|SOC,ETER,unizd.hr,http://www.unizd.hr/,,,,,,,
213,University of Zagreb,Croatia,HR,Zagreb,45.81444,15.97798,COMP,Comprehensive (multi-field),Generalista (multidisciplinare),AGR|ARC|ART|BUS|EDU|ENG|HUM|ICT|LAW|MED|SCI|SOC,ETER,unizg.hr,http://www.unizg.hr/,1201–1500,27.3,27.6,19.1,41.8,31.3,57.5
214,Zagreb School of Economics and Management,Croatia,HR,Zagreb,45.81444,15.97798,BUS,"Business, Economics & Management",Economia e Management,BUS|LAW|SOC,ETER,zsem.hr,http://www.zsem.hr/,,,,,,,
215,VERN' University of Applied Sciences,Croatia,HR,,,,COMP,Comprehensive (multi-field),Generalista (multidisciplinare),ARC|ART|BUS|EDU|ENG|HUM|ICT|LAW|MED|SCI|SOC,ETER,vern.hr,http://www.vern.hr/,,,,,,,
216,Zagreb University of Applied Sciences,Croatia,HR,Zagreb,45.81444,15.97798,COMP,Comprehensive (multi-field),Generalista (multidisciplinare),COMP,name-heuristic,tvz.hr,http://www.tvz.hr/,,,,,,,
217,Algebra University College,Croatia,HR,,,,COMP,Comprehensive (multi-field),Generalista (multidisciplinare),ARC|ART|BUS|EDU|ENG|HUM|ICT|LAW|SCI|SOC,ETER,algebra.hr,http://www.algebra.hr/,,,,,,,
218,University North,Croatia,HR,,,,COMP,Comprehensive (multi-field),Generalista (multidisciplinare),COMP,name-heuristic,unin.hr,http://www.unin.hr/,Reporter,,,,,,
219,Americanos College,Cyprus,CY,,,,COMP,Comprehensive (multi-field),Generalista (multidisciplinare),COMP,name-heuristic,ac.ac.cy,http://www.ac.ac.cy/,,,,,,,
220,Cyprus International Institute of Management (CIIM),Cyprus,CY,,,,BUS,"Business, Economics & Management",Economia e Management,AGR|ARC|ART|BUS|EDU|ENG|HUM|ICT|LAW|MED|SCI|SOC,ETER,ciim.ac.cy,http://www.ciim.ac.cy/,,,,,,,
221,Cyprus International University,Cyprus,CY,,,,COMP,Comprehensive (multi-field),Generalista (multidisciplinare),COMP,name-heuristic,ciu.edu.tr,http://www.ciu.edu.tr/,,,,,,,
222,The CTL Eurocollege,Cyprus,CY,,,,COMP,Comprehensive (multi-field),Generalista (multidisciplinare),ARC|ART|BUS|ENG|HUM|ICT|LAW|SOC,ETER,ctleuro.ac.cy,http://www.ctleuro.ac.cy/,,,,,,,
223,Cyprus University of Technology,Cyprus,CY,,,,ENG,Engineering & Technology,Ingegneria e Tecnologia,AGR|ARC|ART|BUS|EDU|ENG|HUM|ICT|LAW|MED|SCI|SOC,ETER,cut.ac.cy,http://www.cut.ac.cy/,501–600,43.6,28.9,25.6,75.1,68.5,36.3
224,Cyprus College,Cyprus,CY,,,,COMP,Comprehensive (multi-field),Generalista (multidisciplinare),AGR|ARC|ART|BUS|EDU|ENG|HUM|ICT|LAW|MED|SCI|SOC,ETER,cycollege.ac.cy,http://www.cycollege.ac.cy/,401–500,46.2,28.9,30.7,69.2,74.1,70.2
225,Eastern Mediterranean University,Cyprus,CY,,,,COMP,Comprehensive (multi-field),Generalista (multidisciplinare),COMP,name-heuristic,emu.edu.tr,http://www.emu.edu.tr/,,,,,,,
226,European University Cyprus,Cyprus,CY,,,,COMP,Comprehensive (multi-field),Generalista (multidisciplinare),AGR|ARC|ART|BUS|EDU|ENG|HUM|ICT|LAW|MED|SCI|SOC,ETER,euc.ac.cy,http://www.euc.ac.cy/,801–1000,35.5,20.4,15.3,65.8,92.9,19.9
227,Frederick University,Cyprus,CY,,,,COMP,Comprehensive (multi-field),Generalista (multidisciplinare),AGR|ARC|ART|BUS|EDU|ENG|HUM|ICT|LAW|MED|SCI|SOC,ETER,frederick.ac.cy,http://www.frederick.ac.cy/,,,,,,,
228,Girne American University,Cyprus,CY,Kyrenia,35.33634,33.31729,COMP,Comprehensive (multi-field),Generalista (multidisciplinare),COMP,name-heuristic,gau.edu.tr,http://www.gau.edu.tr/,,,,,,,
229,Intercollege,Cyprus,CY,,,,COMP,Comprehensive (multi-field),Generalista (multidisciplinare),AGR|ARC|ART|BUS|EDU|ENG|HUM|ICT|LAW|MED|SCI|SOC,ETER,intercollege.ac.cy,http://www.intercollege.ac.cy/,,,,,,,
230,European University of Lefke,Cyprus,CY,,,,COMP,Comprehensive (multi-field),Generalista (multidisciplinare),COMP,name-heuristic,lefke.edu.tr,http://www.lefke.edu.tr/,,,,,,,
231,Near East University,Cyprus,CY,,,,COMP,Comprehensive (multi-field),Generalista (multidisciplinare),COMP,name-heuristic,neu.edu.tr,http://www.neu.edu.tr/,,,,,,,
232,Open University of Cyprus,Cyprus,CY,,,,COMP,Comprehensive (multi-field),Generalista (multidisciplinare),AGR|ARC|ART|BUS|EDU|ENG|HUM|ICT|LAW|MED|SCI|SOC,ETER,ouc.ac.cy,http://www.ouc.ac.cy/,,,,,,,
233,University of Cyprus,Cyprus,CY,,,,COMP,Comprehensive (multi-field),Generalista (multidisciplinare),COMP,name-heuristic,ucy.ac.cy,http://www.ucy.ac.cy/,,,,,,,
234,University of Nicosia,Cyprus,CY,Nicosia,35.17284,33.35397,COMP,Comprehensive (multi-field),Generalista (multidisciplinare),AGR|ARC|ART|BUS|EDU|ENG|HUM|ICT|LAW|MED|SCI|SOC,ETER,unic.ac.cy,http://www.unic.ac.cy/,501–600,43.6,19.3,24.1,81.3,90.2,51.7
235,Middle East Technical University Northern Cyprus Campus,Cyprus,CY,,,,ENG,Engineering & Technology,Ingegneria e Tecnologia,ENG,name-heuristic,ncc.metu.edu.tr,https://ncc.metu.edu.tr/,,,,,,,
236,Anglo-American University,Czech Republic,CZ,,,,COMP,Comprehensive (multi-field),Generalista (multidisciplinare),ART|BUS|HUM|LAW|SCI|SOC,ETER,aauni.edu,http://www.aauni.edu/,,,,,,,
237,Charles University Prague,Czech Republic,CZ,Prague,50.08804,14.42076,COMP,Comprehensive (multi-field),Generalista (multidisciplinare),ARC|ART|BUS|EDU|ENG|HUM|ICT|LAW|MED|SCI|SOC,ETER,cuni.cz,http://www.cuni.cz/,,,,,,,
238,Czech Technical University of Prague,Czech Republic,CZ,Prague,50.08804,14.42076,ENG,Engineering & Technology,Ingegneria e Tecnologia,AGR|ARC|ART|BUS|EDU|ENG|HUM|ICT|LAW|MED|SCI|SOC,ETER,cvut.cz,http://www.cvut.cz/,,,,,,,
239,Czech University of Agriculture Prague,Czech Republic,CZ,Prague,50.08804,14.42076,AGR,"Agriculture, Forestry & Veterinary",Agraria e Veterinaria,AGR,name-heuristic,czu.cz,http://www.czu.cz/,,,,,,,
240,"Academy of Performing Arts, Film and TV Fakulty",Czech Republic,CZ,,,,ART,"Arts, Design & Music","Arte, Design e Musica",ART,name-heuristic,famu.cz,http://www.famu.cz/,,,,,,,
241,University of South Bohemia,Czech Republic,CZ,,,,COMP,Comprehensive (multi-field),Generalista (multidisciplinare),COMP,name-heuristic,jcu.cz,http://www.jcu.cz/,,,,,,,
242,Mendel University of Agriculture and Forestry,Czech Republic,CZ,,,,AGR,"Agriculture, Forestry & Veterinary",Agraria e Veterinaria,AGR,name-heuristic,mendelu.cz,https://www.mendelu.cz/,,,,,,,
243,Prague International University,Czech Republic,CZ,Prague,50.08804,14.42076,COMP,Comprehensive (multi-field),Generalista (multidisciplinare),BUS|LAW|SOC,ETER,mpu-prague.cz,http://www.mpu-prague.cz/,,,,,,,
244,Masaryk University,Czech Republic,CZ,,,,COMP,Comprehensive (multi-field),Generalista (multidisciplinare),ARC|ART|BUS|EDU|ENG|HUM|ICT|LAW|MED|SCI|SOC,ETER,muni.cz,https://www.muni.cz/,,,,,,,
245,University of Ostrava,Czech Republic,CZ,Ostrava,49.83465,18.28204,COMP,Comprehensive (multi-field),Generalista (multidisciplinare),AGR|ARC|ART|BUS|EDU|ENG|HUM|ICT|LAW|MED|SCI|SOC,ETER,osu.cz,http://www.osu.cz/,,,,,,,
246,Prague College,Czech Republic,CZ,Prague,50.08804,14.42076,COMP,Comprehensive (multi-field),Generalista (multidisciplinare),AGR|ARC|ART|BUS|EDU|ENG|HUM|ICT|LAW|MED|SCI|SOC,ETER,praguecollege.cz,http://www.praguecollege.cz/,,,,,,,
247,Silesian University,Czech Republic,CZ,,,,COMP,Comprehensive (multi-field),Generalista (multidisciplinare),COMP,name-heuristic,slu.cz,http://www.slu.cz/,,,,,,,
248,Tiffin University Prague,Czech Republic,CZ,Prague,50.08804,14.42076,COMP,Comprehensive (multi-field),Generalista (multidisciplinare),COMP,name-heuristic,tiffinprague.cz,http://www.tiffinprague.cz/,,,,,,,
249,University of Jan Evangelista Purkyne,Czech Republic,CZ,,,,COMP,Comprehensive (multi-field),Generalista (multidisciplinare),COMP,name-heuristic,ujep.cz,http://www.ujep.cz/,,,,,,,
250,"University of Northern Virginia, Prague Campus",Czech Republic,CZ,Prague,50.08804,14.42076,COMP,Comprehensive (multi-field),Generalista (multidisciplinare),COMP,name-heuristic,unva.cz,http://www.unva.cz/,,,,,,,
251,University of New York in Prague,Czech Republic,CZ,Prague,50.08804,14.42076,COMP,Comprehensive (multi-field),Generalista (multidisciplinare),BUS|ICT|LAW|SOC,ETER,unyp.cz,http://www.unyp.cz/,,,,,,,
252,University of Pardubice,Czech Republic,CZ,Pardubice,50.04075,15.77659,COMP,Comprehensive (multi-field),Generalista (multidisciplinare),AGR|ARC|ART|BUS|EDU|ENG|HUM|ICT|LAW|MED|SCI|SOC,ETER,upce.cz,http://www.upce.cz/,,,,,,,
253,Palacký University Olomouc,Czech Republic,CZ,Olomouc,49.59552,17.25175,COMP,Comprehensive (multi-field),Generalista (multidisciplinare),ARC|ART|BUS|EDU|ENG|HUM|ICT|LAW|MED|SCI|SOC,ETER,upol.cz,https://www.upol.cz/,,,,,,,
254,Tomas Bata University in Zlin,Czech Republic,CZ,Zlín,49.22645,17.67065,COMP,Comprehensive (multi-field),Generalista (multidisciplinare),ARC|ART|BUS|EDU|ENG|HUM|ICT|LAW|MED|SCI|SOC,ETER,utb.cz,http://www.utb.cz/,,,,,,,
255,University of Veterinary and Pharmaceutical Science,Czech Republic,CZ,,,,MED,Medicine & Health,Medicina e Salute,AGR|MED|SCI,ETER,vfu.cz,http://www.vfu.cz/,,,,,,,
256,Technical University of Mining and Metallurgy Ostrava,Czech Republic,CZ,Ostrava,49.83465,18.28204,ENG,Engineering & Technology,Ingegneria e Tecnologia,ENG,name-heuristic,vsb.cz,http://www.vsb.cz/,,,,,,,
257,Prague Institute of Chemical Technology,Czech Republic,CZ,Prague,50.08804,14.42076,ENG,Engineering & Technology,Ingegneria e Tecnologia,ARC|ART|BUS|EDU|ENG|HUM|ICT|LAW|MED|SCI|SOC,ETER,vscht.cz,http://www.vscht.cz/,,,,,,,
258,Cevro Institut College,Czech Republic,CZ,,,,COMP,Comprehensive (multi-field),Generalista (multidisciplinare),COMP,name-heuristic,vsci.cz,http://www.vsci.cz/,,,,,,,
259,University of Economics Prague,Czech Republic,CZ,Prague,50.08804,14.42076,BUS,"Business, Economics & Management",Economia e Management,AGR|ARC|ART|BUS|EDU|ENG|HUM|ICT|LAW|MED|SCI|SOC,ETER,vse.cz,http://www.vse.cz/,,,,,,,
260,Technical University of Liberec,Czech Republic,CZ,Liberec,50.76711,15.05619,ENG,Engineering & Technology,Ingegneria e Tecnologia,ARC|ART|BUS|EDU|ENG|HUM|ICT|LAW|MED|SCI|SOC,ETER,vslib.cz,http://www.vslib.cz/,,,,,,,
261,University of Education Hradec Kralove,Czech Republic,CZ,Hradec Králové,50.20923,15.83277,EDU,Education & Sport Sciences,Scienze della Formazione e dello Sport,ART|BUS|EDU|HUM|ICT|LAW|MED|SCI|SOC,ETER,vsp.cz,http://www.vsp.cz/,,,,,,,
262,Brno University of Technology,Czech Republic,CZ,Brno,49.19522,16.60796,ENG,Engineering & Technology,Ingegneria e Tecnologia,AGR|ARC|ART|BUS|EDU|ENG|HUM|ICT|LAW|MED|SCI|SOC,ETER,vutbr.cz,https://www.vutbr.cz/,,,,,,,
263,University of West Bohemia,Czech Republic,CZ,,,,COMP,Comprehensive (multi-field),Generalista (multidisciplinare),COMP,name-heuristic,zcu.cz,http://www.zcu.cz/,,,,,,,
264,Aarhus School of Architecture,Denmark,DK,Århus,56.15674,10.21076,ARC,Architecture & Urban Planning,Architettura e Urbanistica,ARC|ART|ENG|HUM,ETER,a-aarhus.dk,http://www.a-aarhus.dk/,,,,,,,
265,Aalborg Business College,Denmark,DK,Aalborg,57.048,9.9187,BUS,"Business, Economics & Management",Economia e Management,BUS,name-heuristic,ah.dk,http://www.ah.dk/,,,,,,,
266,Aarhus Technical College,Denmark,DK,Århus,56.15674,10.21076,ENG,Engineering & Technology,Ingegneria e Tecnologia,AGR|ARC|ART|BUS|EDU|ENG|HUM|ICT|LAW|MED|SCI|SOC,ETER,ats.dk,http://www.ats.dk/,101,66.2,48.6,58.8,83.9,75.3,99.8
267,Aalborg University,Denmark,DK,Aalborg,57.048,9.9187,COMP,Comprehensive (multi-field),Generalista (multidisciplinare),AGR|ARC|ART|BUS|EDU|ENG|HUM|ICT|LAW|MED|SCI|SOC,ETER,auc.dk,http://www.auc.dk/,251–300,54.3,33.6,44.9,80.6,72.4,88.0
268,Aarhus University,Denmark,DK,Århus,56.15674,10.21076,COMP,Comprehensive (multi-field),Generalista (multidisciplinare),COMP,name-heuristic,au.dk,http://www.au.dk/,,,,,,,
269,Copenhagen Business School,Denmark,DK,Copenhagen,55.67594,12.56553,BUS,"Business, Economics & Management",Economia e Management,ARC|ART|BUS|ENG|HUM|ICT|LAW|MED|SCI|SOC,ETER,cbs.dk,http://www.cbs.dk/,,,,,,,
270,Royal School of Library and Information Science,Denmark,DK,,,,COMP,Comprehensive (multi-field),Generalista (multidisciplinare),AGR|ARC|ART|BUS|EDU|ENG|HUM|ICT|LAW|MED|SCI|SOC,ETER,db.dk,http://www.db.dk/,,,,,,,
271,Danish Business Academy,Denmark,DK,,,,BUS,"Business, Economics & Management",Economia e Management,ARC|ART|BUS|ENG|HUM|ICT|LAW|SCI|SOC,ETER,ddea.dk,http://www.ddea.dk/,,,,,,,
272,Royal Danish School of Pharmacy,Denmark,DK,,,,MED,Medicine & Health,Medicina e Salute,MED,name-heuristic,dfh.dk,http://www.dfh.dk/,,,,,,,
273,Royal Danish Academy of Music,Denmark,DK,,,,ART,"Arts, Design & Music","Arte, Design e Musica",ART|HUM,ETER,dkdm.dk,http://www.dkdm.dk/,,,,,,,
274,Royal Danish School of Educational Sciences,Denmark,DK,,,,EDU,Education & Sport Sciences,Scienze della Formazione e dello Sport,EDU,name-heuristic,dlh.dk,http://www.dlh.dk/,,,,,,,
275,Danish University of Education,Denmark,DK,,,,EDU,Education & Sport Sciences,Scienze della Formazione e dello Sport,EDU,name-heuristic,dpu.dk,http://www.dpu.dk/,,,,,,,
276,Technical University of Denmark,Denmark,DK,,,,ENG,Engineering & Technology,Ingegneria e Tecnologia,AGR|ARC|ART|BUS|EDU|ENG|HUM|ICT|LAW|MED|SCI|SOC,ETER,dtu.dk,http://www.dtu.dk/,121,64.4,51.2,46.5,82.6,93.0,99.9
277,Aarhus School of Business,Denmark,DK,Århus,56.15674,10.21076,BUS,"Business, Economics & Management",Economia e Management,AGR|ARC|ART|BUS|ENG|HUM|ICT|LAW|MED|SCI|SOC,ETER,hha.dk,http://www.hha.dk/,,,,,,,
278,Southern Denmark Business School,Denmark,DK,,,,BUS,"Business, Economics & Management",Economia e Management,ARC|ART|BUS|EDU|ENG|HUM|ICT|LAW|MED|SCI|SOC,ETER,hhs.dk,http://www.hhs.dk/,251–300,54.3,30.4,36.0,87.3,75.8,98.1
279,International Business School of Scandinavia,Denmark,DK,,,,BUS,"Business, Economics & Management",Economia e Management,BUS,name-heuristic,ibss.eu,http://www.ibss.eu/,,,,,,,
280,Engineering College of Aarhus,Denmark,DK,Århus,56.15674,10.21076,ENG,Engineering & Technology,Ingegneria e Tecnologia,ARC|ENG,ETER,iha.dk,http://www.iha.dk/,,,,,,,
281,Engineering College of Copenhagen,Denmark,DK,Copenhagen,55.67594,12.56553,ENG,Engineering & Technology,Ingegneria e Tecnologia,ENG,name-heuristic,ihk.dk,http://www.ihk.dk/,,,,,,,
282,International People's College,Denmark,DK,,,,COMP,Comprehensive (multi-field),Generalista (multidisciplinare),COMP,name-heuristic,ipc.dk,http://www.ipc.dk/,,,,,,,
283,IT University of Copenhagen,Denmark,DK,Copenhagen,55.67594,12.56553,COMP,Comprehensive (multi-field),Generalista (multidisciplinare),ICT|SCI,ETER,itu.dk,http://www.itu.dk/,,,,,,,
284,"Royal Danish Academy of Fine Arts, School of Architecture",Denmark,DK,,,,ART,"Arts, Design & Music","Arte, Design e Musica",AGR|ARC|ART|BUS|EDU|ENG|HUM|ICT|LAW|MED|SCI|SOC,ETER,karch.dk,http://www.karch.dk/,,,,,,,
285,Knightsbridge University,Denmark,DK,,,,COMP,Comprehensive (multi-field),Generalista (multidisciplinare),COMP,name-heuristic,knightsbridgeuniversity.com,http://www.knightsbridgeuniversity.com/,,,,,,,
286,University of Copenhagen,Denmark,DK,Copenhagen,55.67594,12.56553,COMP,Comprehensive (multi-field),Generalista (multidisciplinare),AGR|ARC|ART|BUS|EDU|ENG|HUM|ICT|LAW|MED|SCI|SOC,ETER,ku.dk,http://www.ku.dk/,90,67.1,51.3,52.2,91.3,76.6,92.8
287,"Royal Danish Academy of Fine Arts, School of Visual Art",Denmark,DK,,,,ART,"Arts, Design & Music","Arte, Design e Musica",ART,name-heuristic,kunstakademiet.dk,http://www.kunstakademiet.dk/,,,,,,,
288,Royal Veterinary and Agricultural University,Denmark,DK,,,,AGR,"Agriculture, Forestry & Veterinary",Agraria e Veterinaria,AGR,name-heuristic,kvl.dk,http://www.kvl.dk/,,,,,,,
289,Royal Academy of Music,Denmark,DK,,,,ART,"Arts, Design & Music","Arte, Design e Musica",ART|HUM,ETER,musik-kons.dk,http://www.musik-kons.dk/,,,,,,,
290,Odense University,Denmark,DK,Odense,55.39594,10.38831,COMP,Comprehensive (multi-field),Generalista (multidisciplinare),COMP,name-heuristic,ou.dk,http://www.ou.dk/,,,,,,,
291,Roskilde University,Denmark,DK,Roskilde,55.64152,12.08035,COMP,Comprehensive (multi-field),Generalista (multidisciplinare),AGR|ARC|ART|BUS|EDU|ENG|HUM|ICT|LAW|MED|SCI|SOC,ETER,ruc.dk,http://www.ruc.dk/,401–500,46.2,25.9,34.1,74.6,54.7,73.9
292,University of Southern Denmark - SDU,Denmark,DK,,,,COMP,Comprehensive (multi-field),Generalista (multidisciplinare),COMP,name-heuristic,sdu.dk,http://www.sdu.dk/,,,,,,,
293,Lutheran School Of Theology In Aarhus,Denmark,DK,Århus,56.15674,10.21076,THEO,Theology & Religious Studies,Teologia e Studi Religiosi,THEO,name-heuristic,teologi.dk,http://www.teologi.dk/,,,,,,,
294,Tietgen Business College,Denmark,DK,,,,BUS,"Business, Economics & Management",Economia e Management,BUS,name-heuristic,tietgen.dk,http://www.tietgen.dk/,,,,,,,
295,VIA University College,Denmark,DK,,,,COMP,Comprehensive (multi-field),Generalista (multidisciplinare),AGR|ARC|ART|BUS|EDU|ENG|HUM|ICT|LAW|MED|SOC,ETER,en.via.dk,https://en.via.dk/,,,,,,,
296,Estonian Academy of Arts,Estonia,EE,,,,ART,"Arts, Design & Music","Arte, Design e Musica",AGR|ARC|ART|BUS|EDU|ENG|HUM|ICT|LAW|MED|SCI|SOC,ETER,artun.ee,http://www.artun.ee/,Reporter,,,,,,
297,Estonian Business School,Estonia,EE,,,,BUS,"Business, Economics & Management",Economia e Management,AGR|ARC|ART|BUS|EDU|ENG|HUM|ICT|LAW|MED|SCI|SOC,ETER,ebs.ee,http://www.ebs.ee/,,,,,,,
298,Estonian Academy of Music and Theatre,Estonia,EE,,,,ART,"Arts, Design & Music","Arte, Design e Musica",AGR|ARC|ART|BUS|EDU|ENG|HUM|ICT|LAW|MED|SCI|SOC,ETER,ema.edu.ee,http://www.ema.edu.ee/,,,,,,,
299,Estonian University of Life Sciences,Estonia,EE,,,,COMP,Comprehensive (multi-field),Generalista (multidisciplinare),AGR|ARC|BUS|ENG|LAW|SCI,ETER,emu.ee,http://www.emu.ee/,,,,,,,
300,Tartu Health Care College,Estonia,EE,Tartu,58.38062,26.72509,MED,Medicine & Health,Medicina e Salute,MED,ETER,nooruse.ee,http://www.nooruse.ee/,,,,,,,
301,Estonian Academy of Security Sciences,Estonia,EE,,,,COMP,Comprehensive (multi-field),Generalista (multidisciplinare),BUS|LAW|MED,ETER,sisekaitse.ee,http://www.sisekaitse.ee/,,,,,,,
302,University of Applied Sciences,Estonia,EE,,,,COMP,Comprehensive (multi-field),Generalista (multidisciplinare),COMP,name-heuristic,tktk.ee,http://www.tktk.ee/,,,,,,,
303,Tallinn University,Estonia,EE,Tallinn,59.43696,24.75353,COMP,Comprehensive (multi-field),Generalista (multidisciplinare),ART|BUS|EDU|HUM|ICT|LAW|MED|SCI|SOC,ETER,tlu.ee,http://www.tlu.ee/,1001–1200,32.1,27.2,24.5,47.8,55.2,24.4
304,Tallinn University of Technology,Estonia,EE,Tallinn,59.43696,24.75353,ENG,Engineering & Technology,Ingegneria e Tecnologia,ARC|BUS|EDU|ENG|ICT|LAW|SCI|SOC,ETER,ttu.ee,http://www.ttu.ee/,601–800,39.0,26.2,24.9,66.0,58.4,69.2
305,University of Tartu,Estonia,EE,Tartu,58.38062,26.72509,COMP,Comprehensive (multi-field),Generalista (multidisciplinare),AGR|ARC|ART|BUS|EDU|ENG|HUM|ICT|LAW|MED|SCI|SOC,ETER,ut.ee,http://www.ut.ee/,301–350,51.6,34.5,31.4,84.0,59.7,65.1
306,Abo Akademi University,Finland,FI,,,,COMP,Comprehensive (multi-field),Generalista (multidisciplinare),ARC|ART|BUS|EDU|ENG|HUM|ICT|LAW|MED|SCI|SOC,ETER,abo.fi,http://www.abo.fi/,,,,,,,
307,Central Ostrobothnia University of Applied Sciences,Finland,FI,,,,COMP,Comprehensive (multi-field),Generalista (multidisciplinare),COMP,name-heuristic,cou.fi,http://www.cou.fi/,,,,,,,
308,Diaconia University of Applied Sciences,Finland,FI,,,,COMP,Comprehensive (multi-field),Generalista (multidisciplinare),ART|HUM|MED,ETER,diak.fi,http://www.diak.fi/,,,,,,,
309,EVTEK University of Applied Sciences,Finland,FI,,,,COMP,Comprehensive (multi-field),Generalista (multidisciplinare),COMP,name-heuristic,evtek.fi,http://www.evtek.fi/,,,,,,,
310,University of Helsinki,Finland,FI,Helsinki,60.16952,24.93545,COMP,Comprehensive (multi-field),Generalista (multidisciplinare),AGR|ARC|ART|BUS|EDU|ENG|HUM|ICT|LAW|MED|SCI|SOC,ETER,helsinki.fi,http://www.helsinki.fi/,=105,65.7,50.4,57.3,90.1,58.6,70.7
311,Helsinki School of Economics and Business Administration,Finland,FI,Helsinki,60.16952,24.93545,BUS,"Business, Economics & Management",Economia e Management,BUS,name-heuristic,hkkk.fi,http://www.hkkk.fi/,,,,,,,
312,Helsinki University of Technology,Finland,FI,Helsinki,60.16952,24.93545,ENG,Engineering & Technology,Ingegneria e Tecnologia,ENG,name-heuristic,hut.fi,http://www.hut.fi/,,,,,,,
313,University of Joensuu,Finland,FI,Joensuu,62.60118,29.76316,COMP,Comprehensive (multi-field),Generalista (multidisciplinare),COMP,name-heuristic,joensuu.fi,http://www.joensuu.fi/,,,,,,,
314,University of Jyväskylä,Finland,FI,Jyväskylä,62.24147,25.72088,COMP,Comprehensive (multi-field),Generalista (multidisciplinare),ART|BUS|EDU|HUM|ICT|LAW|MED|SCI|SOC,ETER,jyu.fi,http://www.jyu.fi/,401–500,46.2,31.9,34.4,77.2,48.6,49.1
315,Academy of Fine Arts,Finland,FI,,,,ART,"Arts, Design & Music","Arte, Design e Musica",AGR|ARC|ART|BUS|EDU|ENG|HUM|ICT|LAW|MED|SCI|SOC,ETER,kuva.fi,http://www.kuva.fi/,,,,,,,
316,Lahti Polytechnic,Finland,FI,Lahti,60.98267,25.66151,ENG,Engineering & Technology,Ingegneria e Tecnologia,ARC|ART|BUS|EDU|ENG|HUM|ICT|LAW|MED|SCI|SOC,ETER,lamk.fi,http://www.lamk.fi/,,,,,,,
317,Laurea University of Applied Sciences,Finland,FI,,,,COMP,Comprehensive (multi-field),Generalista (multidisciplinare),AGR|BUS|ICT|LAW|MED|SCI|SOC,ETER,laurea.fi,http://www.laurea.fi/,,,,,,,
318,Lappeenranta University of Technology,Finland,FI,Lappeenranta,61.05871,28.18871,ENG,Engineering & Technology,Ingegneria e Tecnologia,ARC|BUS|ENG|ICT|LAW|SOC,ETER,lut.fi,http://www.lut.fi/,,,,,,,
319,Oulu Polytechnic,Finland,FI,Oulu,65.01236,25.46816,ENG,Engineering & Technology,Ingegneria e Tecnologia,AGR|ARC|ART|BUS|EDU|ENG|HUM|ICT|LAW|MED|SCI|SOC,ETER,oamk.fi,http://www.oamk.fi/,251–300,54.3,36.7,39.5,85.8,63.6,70.9
320,University of Oulu,Finland,FI,Oulu,65.01236,25.46816,COMP,Comprehensive (multi-field),Generalista (multidisciplinare),COMP,name-heuristic,oulu.fi,http://www.oulu.fi/,,,,,,,
321,Vaasa University of Applied Sciences,Finland,FI,Vaasa,63.096,21.61577,COMP,Comprehensive (multi-field),Generalista (multidisciplinare),AGR|ARC|ART|BUS|ENG|HUM|ICT|LAW|MED|SCI|SOC,ETER,puv.fi,http://www.puv.fi/,401–500,46.2,23.7,28.1,90.5,67.4,35.6
322,Rovaniemi University of Applied Sciences,Finland,FI,Rovaniemi,66.49897,25.68867,COMP,Comprehensive (multi-field),Generalista (multidisciplinare),AGR|ARC|ENG|MED|SCI|SOC,ETER,ramk.fi,http://www.ramk.fi/,,,,,,,
323,Scandinavian Art and Business Institute,Finland,FI,,,,BUS,"Business, Economics & Management",Economia e Management,BUS,name-heuristic,sabi.eu.com,http://www.sabi.eu.com/,,,,,,,
324,Satakunta University Of Applied Scinces,Finland,FI,,,,COMP,Comprehensive (multi-field),Generalista (multidisciplinare),COMP,name-heuristic,samk.fi,http://www.samk.fi/,,,,,,,
325,South Carelian Polytechnic,Finland,FI,,,,ENG,Engineering & Technology,Ingegneria e Tecnologia,ENG,name-heuristic,scp.fi,http://www.scp.fi/,,,,,,,
326,"Swedish School of Economics and Business Administration, Finland",Finland,FI,,,,BUS,"Business, Economics & Management",Economia e Management,BUS,name-heuristic,shh.fi,http://www.shh.fi/,,,,,,,
327,Sibelius Academy,Finland,FI,,,,COMP,Comprehensive (multi-field),Generalista (multidisciplinare),ART|HUM,ETER,siba.fi,http://www.siba.fi/,,,,,,,
328,Theatre Academy Finland,Finland,FI,,,,ART,"Arts, Design & Music","Arte, Design e Musica",AGR|ARC|ART|BUS|EDU|ENG|HUM|ICT|LAW|MED|SCI|SOC,ETER,teak.fi,http://www.teak.fi/,,,,,,,
329,Tampere Polytechnic,Finland,FI,Tampere,61.49911,23.78712,ENG,Engineering & Technology,Ingegneria e Tecnologia,AGR|ARC|ART|BUS|EDU|ENG|HUM|ICT|LAW|MED|SCI|SOC,ETER,tpu.fi,http://www.tpu.fi/,301–350,51.6,31.2,38.7,80.2,53.8,85.2
330,Turku School of Economics and Business Administration,Finland,FI,Turku,60.45148,22.26869,BUS,"Business, Economics & Management",Economia e Management,BUS,name-heuristic,tukkk.fi,http://www.tukkk.fi/,,,,,,,
331,Tampere University of Technology,Finland,FI,Tampere,61.49911,23.78712,ENG,Engineering & Technology,Ingegneria e Tecnologia,ARC|ENG|ICT,ETER,tut.fi,http://www.tut.fi/,,,,,,,
332,University of Art and Design Helsinki,Finland,FI,Helsinki,60.16952,24.93545,ART,"Arts, Design & Music","Arte, Design e Musica",ART,name-heuristic,uiah.fi,http://www.uiah.fi/,,,,,,,
333,University of Kuopio,Finland,FI,Kuopio,62.89238,27.67703,COMP,Comprehensive (multi-field),Generalista (multidisciplinare),COMP,name-heuristic,uku.fi,http://www.uku.fi/,,,,,,,
334,University of Lapland,Finland,FI,,,,COMP,Comprehensive (multi-field),Generalista (multidisciplinare),AGR|ARC|ART|BUS|EDU|ENG|HUM|ICT|LAW|MED|SOC,ETER,ulapland.fi,http://www.ulapland.fi/,,,,,,,
335,University of Tampere,Finland,FI,Tampere,61.49911,23.78712,COMP,Comprehensive (multi-field),Generalista (multidisciplinare),COMP,name-heuristic,uta.fi,http://www.uta.fi/,,,,,,,
336,University of Turku,Finland,FI,Turku,60.45148,22.26869,COMP,Comprehensive (multi-field),Generalista (multidisciplinare),AGR|ARC|ART|BUS|EDU|ENG|HUM|ICT|LAW|MED|SCI|SOC,ETER,utu.fi,http://www.utu.fi/,301–350,51.6,34.2,35.6,83.4,52.6,66.0
337,University of Vaasa,Finland,FI,Vaasa,63.096,21.61577,COMP,Comprehensive (multi-field),Generalista (multidisciplinare),COMP,name-heuristic,uwasa.fi,http://www.uwasa.fi/,,,,,,,
338,Aalto University,Finland,FI,,,,COMP,Comprehensive (multi-field),Generalista (multidisciplinare),ARC|ART|BUS|ENG|HUM|ICT|LAW|SCI|SOC,ETER,aalto.fi,https://www.aalto.fi/,=195,59.0,44.3,43.4,78.9,80.7,91.0
339,Metropolia University of Applied Sciences,Finland,FI,,,,COMP,Comprehensive (multi-field),Generalista (multidisciplinare),ARC|ART|BUS|EDU|ENG|HUM|ICT|LAW|MED|SOC,ETER,metropolia.fi,https://www.metropolia.fi/,,,,,,,
340,42 FR,France,FR,,,,COMP,Comprehensive (multi-field),Generalista (multidisciplinare),COMP,name-heuristic,student.42.fr,http://www.42.fr/,,,,,,,
341,Ecole de l'Air,France,FR,,,,COMP,Comprehensive (multi-field),Generalista (multidisciplinare),COMP,name-heuristic,aea.asso.fr,http://www.aea.asso.fr/,,,,,,,
342,AgroParisTech,France,FR,,,,AGR,"Agriculture, Forestry & Veterinary",Agraria e Veterinaria,AGR,name-heuristic,agroparistech.fr,http://www.agroparistech.fr/,,,,,,,
343,Ecole Nationale Supérieure d'Agronomie de Rennes,France,FR,Rennes,48.11109,-1.67431,AGR,"Agriculture, Forestry & Veterinary",Agraria e Veterinaria,AGR,name-heuristic,agro.roazhon.inra.fr,http://agro.roazhon.inra.fr/,,,,,,,
344,AgroSup Dijon,France,FR,Dijon,47.31344,5.01391,AGR,"Agriculture, Forestry & Veterinary",Agraria e Veterinaria,AGR,name-heuristic,agrosupdijon.fr,http://www.agrosupdijon.fr/,,,,,,,
345,American Graduate School in Paris,France,FR,Paris,48.85341,2.3488,COMP,Comprehensive (multi-field),Generalista (multidisciplinare),COMP,name-heuristic,ags.edu,http://www.ags.edu/,,,,,,,
346,American University of Paris,France,FR,Paris,48.85341,2.3488,COMP,Comprehensive (multi-field),Generalista (multidisciplinare),COMP,name-heuristic,aup.fr,http://www.aup.fr/,,,,,,,
347,Ecole Supérieure de Commerce de Sophia Antipolis,France,FR,Antibes,43.58127,7.12487,BUS,"Business, Economics & Management",Economia e Management,BUS,name-heuristic,ceram.edu,http://www.ceram.edu/,,,,,,,
348,Centre d'Etudes Supérieures Industrielles Paris,France,FR,Paris,48.85341,2.3488,COMP,Comprehensive (multi-field),Generalista (multidisciplinare),COMP,name-heuristic,cesi.fr,http://www.cesi.fr/,,,,,,,
349,Centre de Formation et de Perfectionnement des Journalistes,France,FR,,,,COMP,Comprehensive (multi-field),Generalista (multidisciplinare),COMP,name-heuristic,cfpj.com,http://www.cfpj.com/,,,,,,,
350,Conservatoire National des Arts et Métiers,France,FR,,,,ART,"Arts, Design & Music","Arte, Design e Musica",AGR|ARC|ART|BUS|EDU|ENG|HUM|ICT|LAW|MED|SCI|SOC,ETER,cnam.fr,http://www.cnam.fr/,,,,,,,
351,Centre National d'Etudes Agronomiques des Régions Chaudes,France,FR,,,,AGR,"Agriculture, Forestry & Veterinary",Agraria e Veterinaria,AGR,name-heuristic,cnearc.fr,http://www.cnearc.fr/,,,,,,,
352,Ecole Supérieure de Chimie Physique Electronique de Lyon,France,FR,Lyon,45.74906,4.84789,COMP,Comprehensive (multi-field),Generalista (multidisciplinare),ARC|ENG|ICT,ETER,cpe.fr,http://www.cpe.fr/,,,,,,,
353,Université Bordeaux I,France,FR,Bordeaux,44.84124,-0.58046,COMP,Comprehensive (multi-field),Generalista (multidisciplinare),AGR|ARC|ART|BUS|EDU|ENG|HUM|ICT|LAW|MED|SCI|SOC,ETER,cribx1.u-bordeaux.fr,http://www.cribx1.u-bordeaux.fr/,401–500,46.2,36.8,28.0,68.6,64.6,68.3
354,Institut des Sciences de l'Ingénieur de Clermont-Ferrand,France,FR,Clermont-Ferrand,45.77969,3.08682,ENG,Engineering & Technology,Ingegneria e Tecnologia,ENG,name-heuristic,cust.univ-bpclermont.fr,http://cust.univ-bpclermont.fr/,,,,,,,
355,Université Paris-Dauphine (Paris IX),France,FR,Paris,48.85341,2.3488,COMP,Comprehensive (multi-field),Generalista (multidisciplinare),AGR|ARC|ART|BUS|EDU|ENG|HUM|ICT|LAW|MED|SCI|SOC,ETER,dauphine.fr,http://www.dauphine.fr/,,,,,,,
356,Ecole Superieur d'Ingenieurs Leonard de Vinci,France,FR,,,,ENG,Engineering & Technology,Ingegneria e Tecnologia,ENG,name-heuristic,devinci.fr,http://www.devinci.fr/,,,,,,,
357,Ecole d'Ingénieurs en Informatique pour l'Industrie,France,FR,,,,ENG,Engineering & Technology,Ingegneria e Tecnologia,ENG,name-heuristic,e3i.univ-tours.fr,http://www.e3i.univ-tours.fr/,,,,,,,
358,Ecole Européen des Affaires,France,FR,,,,COMP,Comprehensive (multi-field),Generalista (multidisciplinare),COMP,name-heuristic,eap.fr,http://www.eap.fr/,,,,,,,
359,European Business School,France,FR,,,,BUS,"Business, Economics & Management",Economia e Management,BUS,name-heuristic,ebs-paris.com,http://www.ebs-paris.com/,,,,,,,
360,Ecole Catholique d'Arts & Metiers,France,FR,,,,COMP,Comprehensive (multi-field),Generalista (multidisciplinare),AGR|ARC|ART|BUS|EDU|ENG|HUM|ICT|LAW|MED|SCI|SOC,ETER,ecam.fr,http://www.ecam.fr/,,,,,,,
361,Ecole Centrale d'Electronique - ECE,France,FR,,,,COMP,Comprehensive (multi-field),Generalista (multidisciplinare),ARC|ENG,ETER,ece.fr,http://www.ece.fr/,,,,,,,
362,IMT Atlantique,France,FR,,,,COMP,Comprehensive (multi-field),Generalista (multidisciplinare),COMP,name-heuristic,imt-atlantique.net,https://www.imt-atlantique.fr/,401–500,46.2,47.3,35.5,48.3,81.2,97.8
363,Ecole Centrale de Lille,France,FR,Lille,50.63391,3.05512,COMP,Comprehensive (multi-field),Generalista (multidisciplinare),ARC|BUS|ENG|ICT|LAW|SCI|SOC,ETER,ec-lille.fr,http://www.ec-lille.fr/,,,,,,,
364,Ecole Centrale de Lyon,France,FR,Lyon,45.74906,4.84789,COMP,Comprehensive (multi-field),Generalista (multidisciplinare),ARC|BUS|ENG|ICT|LAW|MED|SCI|SOC,ETER,ec-lyon.fr,http://www.ec-lyon.fr/,801–1000,35.5,37.2,22.8,29.5,76.3,85.5
365,Ecole Centrale de Nantes,France,FR,Nantes,47.21725,-1.55336,COMP,Comprehensive (multi-field),Generalista (multidisciplinare),ARC|BUS|ENG|ICT|LAW|SCI|SOC,ETER,ec-nantes.fr,http://www.ec-nantes.fr/,601–800,39.0,39.9,31.2,41.7,85.4,86.1
366,Ecole Centrale de Marseille,France,FR,Marseille,43.29695,5.38107,COMP,Comprehensive (multi-field),Generalista (multidisciplinare),AGR|ARC|ART|BUS|EDU|ENG|HUM|ICT|LAW|MED|SCI|SOC,ETER,centrale-marseille.fr,https://www.centrale-marseille.fr/,,,,,,,
367,IDRAC (Institut de recherche en action commerciale),France,FR,,,,BUS,"Business, Economics & Management",Economia e Management,BUS,name-heuristic,ecoles-idrac.com,http://www.ecoles-idrac.com/,,,,,,,
368,Ecole des Hautes Etudes Commerciales du Nord,France,FR,,,,BUS,"Business, Economics & Management",Economia e Management,ARC|ART|ENG|HUM|ICT|MED|SCI|SOC,ETER,edu.edhec.com,http://edu.edhec.com/,,,,,,,
369,Ecole pour les Etudes et la Recherche en Informatique et Electronique,France,FR,,,,COMP,Comprehensive (multi-field),Generalista (multidisciplinare),COMP,name-heuristic,eerie.fr,http://www.eerie.fr/,,,,,,,
370,Ecole Française de Papeterie et des Industries Graphiques,France,FR,,,,COMP,Comprehensive (multi-field),Generalista (multidisciplinare),COMP,name-heuristic,efpg.inpg.fr,http://www.efpg.inpg.fr/,,,,,,,
371,Ecole Française d'Electronique et d'Informatique,France,FR,,,,COMP,Comprehensive (multi-field),Generalista (multidisciplinare),COMP,name-heuristic,efrei.fr,http://www.efrei.fr/,,,,,,,
372,Ecole des Ingénieurs de la Ville de Paris,France,FR,Paris,48.85341,2.3488,ENG,Engineering & Technology,Ingegneria e Tecnologia,ARC|ENG,ETER,eivp-paris.fr,http://www.eivp-paris.fr/,,,,,,,
373,European Management Center Paris,France,FR,Paris,48.85341,2.3488,BUS,"Business, Economics & Management",Economia e Management,BUS,name-heuristic,emc-campus.com,http://www.emc-campus.com/,,,,,,,
374,Ecole Supérieure de Commerce de Lyon,France,FR,Lyon,45.74906,4.84789,BUS,"Business, Economics & Management",Economia e Management,BUS,name-heuristic,em-lyon.com,http://www.em-lyon.com/,,,,,,,
375,Ecole Nationale Supérieure des Mines de St-Etienne,France,FR,Saint-Étienne,45.43389,4.39,COMP,Comprehensive (multi-field),Generalista (multidisciplinare),COMP,name-heuristic,emse.fr,http://www.emse.fr/,,,,,,,
376,Ecole Nationale de l'Aviation Civile,France,FR,,,,ENG,Engineering & Technology,Ingegneria e Tecnologia,ENG,name-heuristic,enac.fr,http://www.enac.fr/,,,,,,,
377,Ecole Nationale d'Administration,France,FR,,,,COMP,Comprehensive (multi-field),Generalista (multidisciplinare),COMP,name-heuristic,ena.fr,http://www.ena.fr/,,,,,,,
378,ENIC Telecom Lille 1,France,FR,Lille,50.63391,3.05512,COMP,Comprehensive (multi-field),Generalista (multidisciplinare),COMP,name-heuristic,enic.fr,http://www.enic.fr/,,,,,,,
379,Ecole Nationale d'Ingénieurs de Metz,France,FR,Metz,49.11911,6.17269,ENG,Engineering & Technology,Ingegneria e Tecnologia,AGR|ARC|ART|BUS|EDU|ENG|HUM|ICT|LAW|MED|SCI|SOC,ETER,enim.fr,http://www.enim.fr/,,,,,,,
380,Ecole Nationale d'Ingénieurs de Saint-Etienne,France,FR,Saint-Étienne,45.43389,4.39,ENG,Engineering & Technology,Ingegneria e Tecnologia,ARC|ENG|SCI|SOC,ETER,enise.fr,http://www.enise.fr/,,,,,,,
381,Ecole Nationale d'Ingénieurs des Travaux Agricoles de Bordeaux,France,FR,Bordeaux,44.84124,-0.58046,ENG,Engineering & Technology,Ingegneria e Tecnologia,ENG,name-heuristic,enitab.fr,http://www.enitab.fr/,,,,,,,
382,Ecole Nationale d'Ingénieurs des Travaux Agricoles de Clermont-Ferrand,France,FR,Clermont-Ferrand,45.77969,3.08682,ENG,Engineering & Technology,Ingegneria e Tecnologia,ENG,name-heuristic,enitac.fr,http://www.enitac.fr/,,,,,,,
383,Ecole Nationale d'Ingénieurs de Tarbes,France,FR,Tarbes,43.23407,0.07139,ENG,Engineering & Technology,Ingegneria e Tecnologia,AGR|ARC|ART|BUS|EDU|ENG|HUM|ICT|LAW|MED|SCI|SOC,ETER,enit.fr,http://www.enit.fr/,,,,,,,
384,Ecole Nationale d'Ingénieurs des Techniques des Industries Agricoles et Alimentaires,France,FR,,,,ENG,Engineering & Technology,Ingegneria e Tecnologia,AGR,ETER,enitiaa-nantes.fr,http://www.enitiaa-nantes.fr/,,,,,,,
385,Ecole Nationale de la Météorologie,France,FR,,,,COMP,Comprehensive (multi-field),Generalista (multidisciplinare),COMP,name-heuristic,enm.meteo.fr,http://www.enm.meteo.fr/,,,,,,,
386,Ecole Nationale des Ponts et Chausees,France,FR,,,,COMP,Comprehensive (multi-field),Generalista (multidisciplinare),ARC|BUS|ENG|LAW|SCI|SOC,ETER,enpc.fr,http://www.enpc.fr/,,,,,,,
387,Ecole Nationale Supérieur de Mécaniques et des Microtechniques,France,FR,,,,COMP,Comprehensive (multi-field),Generalista (multidisciplinare),COMP,name-heuristic,ens2m.fr,http://www.ens2m.fr/,,,,,,,
388,Ecole Nationale de la Statistique et de l'Administration Economique,France,FR,,,,COMP,Comprehensive (multi-field),Generalista (multidisciplinare),ART|HUM|SCI,ETER,ensae.fr,http://www.ensae.fr/,,,,,,,
389,Ecole Nationale Supérieure d'Agronomie et des Industries Alimentaires,France,FR,,,,AGR,"Agriculture, Forestry & Veterinary",Agraria e Veterinaria,AGR,name-heuristic,ensaia.u-nancy.fr,http://www.ensaia.u-nancy.fr/,,,,,,,
390,Ecole Nationale de la Statistique et de l'Analyse de l'information,France,FR,,,,COMP,Comprehensive (multi-field),Generalista (multidisciplinare),AGR|ARC|ART|BUS|EDU|ENG|HUM|ICT|LAW|MED|SCI|SOC,ETER,ensai.fr,http://www.ensai.fr/,,,,,,,
391,Ecole Nationale Supérieure des Arts et Industries Textiles,France,FR,,,,COMP,Comprehensive (multi-field),Generalista (multidisciplinare),ARC|ENG,ETER,ensait.fr,http://www.ensait.fr/,,,,,,,
392,Ecole Nationale Supérieure d'Agronomie de Montpellier,France,FR,Montpellier,43.61093,3.87635,AGR,"Agriculture, Forestry & Veterinary",Agraria e Veterinaria,AGR,name-heuristic,ensam.inra.fr,http://www.ensam.inra.fr/,,,,,,,
393,Ecole Nationale Supérieure Agronomique de Toulouse,France,FR,Toulouse,43.60426,1.44367,AGR,"Agriculture, Forestry & Veterinary",Agraria e Veterinaria,AGR,name-heuristic,ensat.fr,http://www.ensat.fr/,,,,,,,
394,École normale supérieure Paris-Saclay,France,FR,Paris,48.85341,2.3488,COMP,Comprehensive (multi-field),Generalista (multidisciplinare),ARC|ART|BUS|EDU|ENG|HUM|ICT|LAW|MED|SCI|SOC,ETER,ens-paris-saclay.fr,https://ens-paris-saclay.fr/,,,,,,,
395,Ecole Nationale Supérieure de Chimie de Clermont-Ferrand,France,FR,Clermont-Ferrand,45.77969,3.08682,COMP,Comprehensive (multi-field),Generalista (multidisciplinare),ARC|ENG|SCI,ETER,ensccf.univ-bpclermont.fr,http://ensccf.univ-bpclermont.fr/,,,,,,,
396,Ecole Nationale Supérieure de Chimie de Lille,France,FR,Lille,50.63391,3.05512,COMP,Comprehensive (multi-field),Generalista (multidisciplinare),AGR|ARC|ART|BUS|EDU|ENG|HUM|ICT|LAW|MED|SCI|SOC,ETER,ensc-lille.fr,http://www.ensc-lille.fr/,,,,,,,
397,Ecole Nationale Supérieure de Chimie de Montpellier,France,FR,Montpellier,43.61093,3.87635,COMP,Comprehensive (multi-field),Generalista (multidisciplinare),ARC|ENG|SCI,ETER,enscm.fr,http://www.enscm.fr/,,,,,,,
398,Ecole Nationale Supérieure de Chimie de Mulhouse,France,FR,Mulhouse,47.75205,7.32866,COMP,Comprehensive (multi-field),Generalista (multidisciplinare),COMP,name-heuristic,enscmu.univ-mulhouse.fr,http://www.enscmu.univ-mulhouse.fr/,,,,,,,
399,Ecole Nationale Supérieure de Chimie et de Physique de Bordeaux,France,FR,Bordeaux,44.84124,-0.58046,COMP,Comprehensive (multi-field),Generalista (multidisciplinare),COMP,name-heuristic,enscpb.u-bordeaux.fr,http://www.enscpb.u-bordeaux.fr/,,,,,,,
400,Ecole Nationale Supérieure de Chimie de Paris,France,FR,Paris,48.85341,2.3488,COMP,Comprehensive (multi-field),Generalista (multidisciplinare),ARC|ENG|SCI,ETER,enscp.jussieu.fr,http://www.enscp.jussieu.fr/,,,,,,,
401,Ecole Nationale Supérieure de Chimie de Rennes,France,FR,Rennes,48.11109,-1.67431,COMP,Comprehensive (multi-field),Generalista (multidisciplinare),AGR|ARC|ART|BUS|EDU|ENG|HUM|ICT|LAW|MED|SCI|SOC,ETER,ensc-rennes.fr,http://www.ensc-rennes.fr/,,,,,,,
402,Ecole Nationale Supérieure de l'Electronique et de ses Applications,France,FR,,,,COMP,Comprehensive (multi-field),Generalista (multidisciplinare),ARC|ENG,ETER,ensea.fr,http://www.ensea.fr/,,,,,,,
403,"Ecole Nationale Supérieure en Electrotechnique, Electronique, Informatique et Hydraulique de Toulouse",France,FR,Toulouse,43.60426,1.44367,COMP,Comprehensive (multi-field),Generalista (multidisciplinare),COMP,name-heuristic,enseeiht.fr,http://www.enseeiht.fr/,,,,,,,
404,Ecole Nationale Supérieure Electricité et Mécanique,France,FR,,,,COMP,Comprehensive (multi-field),Generalista (multidisciplinare),ARC|ENG|ICT|SCI,ETER,ensem.u-nancy.fr,http://www.ensem.u-nancy.fr/,,,,,,,
405,Ecole Nationale Supérieure d'Electronique et de Radioelectricite de Bordeaux,France,FR,Bordeaux,44.84124,-0.58046,COMP,Comprehensive (multi-field),Generalista (multidisciplinare),COMP,name-heuristic,enserb.u-bordeaux.fr,http://www.enserb.u-bordeaux.fr/,,,,,,,
406,Ecole Normale Supérieure de Fontenay-Saint Cloud,France,FR,Fontenay-sous-Bois,48.85442,2.48268,COMP,Comprehensive (multi-field),Generalista (multidisciplinare),COMP,name-heuristic,ens-fcl.fr,http://www.ens-fcl.fr/,,,,,,,
407,Ecole Normale Supérieure de Paris,France,FR,Paris,48.85341,2.3488,COMP,Comprehensive (multi-field),Generalista (multidisciplinare),ARC|ART|BUS|EDU|ENG|HUM|ICT|LAW|MED|SCI|SOC,ETER,ens.fr,http://www.ens.fr/,,,,,,,
408,Ecole Nationale des Sciences Géographiques,France,FR,,,,COMP,Comprehensive (multi-field),Generalista (multidisciplinare),ART|HUM|ICT|SOC,ETER,ensg.ign.fr,http://www.ensg.ign.fr/,,,,,,,
409,Ecole Nationale Supérieur de Géologie de Nancy,France,FR,Nancy,48.68439,6.18496,COMP,Comprehensive (multi-field),Generalista (multidisciplinare),COMP,name-heuristic,ensg.u-nancy.fr,http://www.ensg.u-nancy.fr/,,,,,,,
410,Ecole Nationale Supérieur d'Ingénieurs de Constructions Aéronautique,France,FR,,,,ENG,Engineering & Technology,Ingegneria e Tecnologia,ENG,name-heuristic,ensica.fr,http://www.ensica.fr/,,,,,,,
411,Ecole Nationale Supérieure des Industries Chimiques de Nancy,France,FR,Nancy,48.68439,6.18496,COMP,Comprehensive (multi-field),Generalista (multidisciplinare),COMP,name-heuristic,ensic.u-nancy.fr,http://www.ensic.u-nancy.fr/,,,,,,,
412,Ecole Nationale Supérieur des Ingénieur des Etudes et Techniques d'Armement,France,FR,,,,ENG,Engineering & Technology,Ingegneria e Tecnologia,ENG,name-heuristic,ensieta.fr,http://www.ensieta.fr/,,,,,,,
413,Ecole Nationale Supérieure des Industries Textiles de Mulhouse,France,FR,Mulhouse,47.75205,7.32866,COMP,Comprehensive (multi-field),Generalista (multidisciplinare),COMP,name-heuristic,ensitm.fr,http://www.ensitm.fr/,,,,,,,
414,Ecole Normale Supérieure de Lyon,France,FR,Lyon,45.74906,4.84789,COMP,Comprehensive (multi-field),Generalista (multidisciplinare),ARC|ART|BUS|EDU|ENG|HUM|ICT|LAW|SCI|SOC,ETER,ens-lyon.fr,http://www.ens-lyon.fr/,301–350,51.6,56.8,44.0,51.9,64.4,90.2
415,Ecole Nationale Supérieur de Mécanique et d'Aéronautique,France,FR,,,,ENG,Engineering & Technology,Ingegneria e Tecnologia,ENG,name-heuristic,ensma.fr,http://www.ensma.fr/,,,,,,,
416,Ecole Nationale Supérieure des Mines d'Alès,France,FR,Alès,44.12489,4.08082,COMP,Comprehensive (multi-field),Generalista (multidisciplinare),AGR|ARC|ART|BUS|EDU|ENG|HUM|ICT|LAW|MED|SCI|SOC,ETER,ensm-ales.fr,https://www.mines-ales.fr/,,,,,,,
417,Ecole Nationale Supérieure des Mines de Douai,France,FR,Douai,50.37069,3.07922,COMP,Comprehensive (multi-field),Generalista (multidisciplinare),ARC|ENG,ETER,ensm-douai.fr,http://www.ensm-douai.fr/,,,,,,,
418,Ecole Nationale Supérieure des Mines de Paris,France,FR,Paris,48.85341,2.3488,COMP,Comprehensive (multi-field),Generalista (multidisciplinare),ARC|BUS|ENG|ICT|LAW|MED|SCI|SOC,ETER,ensmp.fr,http://www.ensmp.fr/,,,,,,,
419,Ecole Nationale Supérieure de Physique de Marseille,France,FR,Marseille,43.29695,5.38107,COMP,Comprehensive (multi-field),Generalista (multidisciplinare),COMP,name-heuristic,enspm.u-3mrs.fr,http://www.enspm.u-3mrs.fr/,,,,,,,
420,Ecole Nationale Supérieure de Techniques Avancées,France,FR,,,,COMP,Comprehensive (multi-field),Generalista (multidisciplinare),AGR|ARC|ART|BUS|EDU|ENG|HUM|ICT|LAW|MED|SCI|SOC,ETER,ensta.fr,http://www.ensta.fr/,,,,,,,
421,Ecole Nationale Supérieure des Telecommunications de Bretagne,France,FR,,,,COMP,Comprehensive (multi-field),Generalista (multidisciplinare),COMP,name-heuristic,enst-bretagne.fr,http://www.enst-bretagne.fr/,,,,,,,
422,Ecole Nationale Supérieure des Telecommunications de Paris,France,FR,Paris,48.85341,2.3488,COMP,Comprehensive (multi-field),Generalista (multidisciplinare),COMP,name-heuristic,enst.fr,http://www.enst.fr/,,,,,,,
423,Ecole Nationale des Travaux Publics de l'Etat,France,FR,,,,COMP,Comprehensive (multi-field),Generalista (multidisciplinare),ARC|BUS|ENG|LAW|SOC,ETER,entpe.fr,http://www.entpe.fr/,601–800,39.0,36.4,37.2,41.8,71.7,80.1
424,Ecole Nationale Vétérinaire de Toulouse,France,FR,Toulouse,43.60426,1.44367,COMP,Comprehensive (multi-field),Generalista (multidisciplinare),COMP,name-heuristic,envt.fr,http://www.envt.fr/,,,,,,,
425,EPF Ecole d'Ingénieurs,France,FR,,,,ENG,Engineering & Technology,Ingegneria e Tecnologia,ARC|ENG,ETER,epf.fr,http://www.epf.fr/,,,,,,,
426,Ecole Supérieure d'Agriculture de Purpan,France,FR,,,,AGR,"Agriculture, Forestry & Veterinary",Agraria e Veterinaria,AGR,name-heuristic,esa-purpan.fr,http://www.esa-purpan.fr/,,,,,,,
427,Ecole Supérieure de Commerce de Bordeaux,France,FR,Bordeaux,44.84124,-0.58046,BUS,"Business, Economics & Management",Economia e Management,BUS,name-heuristic,esc-bordeaux.fr,http://www.esc-bordeaux.fr/,,,,,,,
428,Ecole Supérieure de Commerce de Brest,France,FR,Brest,48.39029,-4.48628,BUS,"Business, Economics & Management",Economia e Management,BUS,name-heuristic,esc-brest.fr,http://www.esc-brest.fr/,,,,,,,
429,Clermont School of Business,France,FR,Clermont-Ferrand,45.77969,3.08682,BUS,"Business, Economics & Management",Economia e Management,BUS,name-heuristic,clermont-sb.fr,http://www.clermont-sb.fr/,,,,,,,
430,Ecole Supérieure de Commerce de Dijon,France,FR,Dijon,47.31344,5.01391,BUS,"Business, Economics & Management",Economia e Management,BUS,name-heuristic,escdijon.com,http://www.escdijon.com/,,,,,,,
431,Ecole Supérieure de Commerce et Management,France,FR,,,,BUS,"Business, Economics & Management",Economia e Management,BUS,name-heuristic,escem.fr,http://www.escem.fr/,,,,,,,
432,Ecole Supérieure de Commerce de Lille,France,FR,Lille,50.63391,3.05512,BUS,"Business, Economics & Management",Economia e Management,BUS,name-heuristic,esc-lille.fr,http://www.esc-lille.fr/,,,,,,,
433,Ecole Supérieure de Commerce de Marseille-Provence,France,FR,Marseille,43.29695,5.38107,BUS,"Business, Economics & Management",Economia e Management,BUS,name-heuristic,esc-marseille.fr,http://www.esc-marseille.fr/,,,,,,,
434,Ecole Supérieure de Commerce de Nantes-Atlantique,France,FR,Nantes,47.21725,-1.55336,BUS,"Business, Economics & Management",Economia e Management,BUS,name-heuristic,escna.fr,http://www.escna.fr/,,,,,,,
435,Ecole Supérieure de Commerce de Le Havre/Caen,France,FR,Le Havre,49.49346,0.10785,BUS,"Business, Economics & Management",Economia e Management,BUS,name-heuristic,esc-normandie.fr,http://www.esc-normandie.fr/,,,,,,,
436,Ecole Supérieure de Chimie Organique et Minérale,France,FR,,,,COMP,Comprehensive (multi-field),Generalista (multidisciplinare),ARC|ENG|SCI,ETER,escom.fr,http://www.escom.fr/,,,,,,,
437,Ecole Supérieure de Commerce de Pau,France,FR,,,,BUS,"Business, Economics & Management",Economia e Management,BUS,name-heuristic,esc-pau.fr,http://www.esc-pau.fr/,,,,,,,
438,Ecole Supérieure de Commerce de Paris,France,FR,Paris,48.85341,2.3488,BUS,"Business, Economics & Management",Economia e Management,BUS,name-heuristic,escp.fr,http://www.escp.fr/,,,,,,,
439,Ecole Supérieure de Commerce de Reims,France,FR,Reims,49.26526,4.02853,BUS,"Business, Economics & Management",Economia e Management,BUS,name-heuristic,esc-reims.edu,http://www.esc-reims.edu/,,,,,,,
440,Ecole Supérieure de Commerce de Rouen,France,FR,Rouen,49.44313,1.09932,BUS,"Business, Economics & Management",Economia e Management,BUS,name-heuristic,esc-rouen.fr,http://www.esc-rouen.fr/,,,,,,,
441,Ecole Supérieure de Commerce de Toulouse,France,FR,Toulouse,43.60426,1.44367,BUS,"Business, Economics & Management",Economia e Management,BUS,name-heuristic,esc-toulouse.fr,http://www.esc-toulouse.fr/,,,,,,,
442,Ecole Supérieure d'Electronique de l'Ouest,France,FR,,,,COMP,Comprehensive (multi-field),Generalista (multidisciplinare),ARC|ENG,ETER,eseo.fr,http://www.eseo.fr/,,,,,,,
443,Ecole Supérieure Internationale d'Administration des Entreprises,France,FR,,,,COMP,Comprehensive (multi-field),Generalista (multidisciplinare),COMP,name-heuristic,esiae.fr,http://www.esiae.fr/,,,,,,,
444,Ecole Supérieure d'Informatique-Electronique-Automatique,France,FR,,,,COMP,Comprehensive (multi-field),Generalista (multidisciplinare),ARC|ENG,ETER,esiea.fr,http://www.esiea.fr/,,,,,,,
445,Ecole Supérieure d'Ingénieurs en Electronique et Electrotechnique,France,FR,,,,ENG,Engineering & Technology,Ingegneria e Tecnologia,ARC|ENG,ETER,esiee.fr,http://www.esiee.fr/,,,,,,,
446,Ecole Supérieure d'Ingénieurs en Génie Electrique,France,FR,,,,ENG,Engineering & Technology,Ingegneria e Tecnologia,ARC|ENG|ICT,ETER,esigelec.fr,http://www.esigelec.fr/,,,,,,,
447,Ecole Supérieure d'Ingénieurs de Marseille,France,FR,Marseille,43.29695,5.38107,ENG,Engineering & Technology,Ingegneria e Tecnologia,ENG,name-heuristic,esim.imt-mrs.fr,http://esim.imt-mrs.fr/,,,,,,,
448,Ecole Supérieure d'Ingénieurs et de Techniciens pour l'Agriculture,France,FR,,,,ENG,Engineering & Technology,Ingegneria e Tecnologia,ENG,name-heuristic,esitpa.org,http://www.esitpa.org/,,,,,,,
449,Ecole Spéciale de Mécanique et d'Electricité,France,FR,,,,COMP,Comprehensive (multi-field),Generalista (multidisciplinare),COMP,name-heuristic,esme.fr,http://www.esme.fr/,,,,,,,
450,Ecole Supérieure de Physique et de Chimie Industrielles,France,FR,,,,COMP,Comprehensive (multi-field),Generalista (multidisciplinare),AGR|ARC|ART|BUS|EDU|ENG|HUM|ICT|LAW|MED|SCI|SOC,ETER,espci.fr,http://www.espci.fr/,,,,,,,
451,Ecole Supérieure des Sciences Commerciales d'Angers,France,FR,Angers,47.47156,-0.55202,BUS,"Business, Economics & Management",Economia e Management,BUS,name-heuristic,essca.asso.fr,http://www.essca.asso.fr/,,,,,,,
452,Ecole Supérieure des Sciences Economiques et Commerciales,France,FR,,,,BUS,"Business, Economics & Management",Economia e Management,BUS,name-heuristic,essec.fr,http://www.essec.fr/,,,,,,,
453,Ecole Supérieure des Sciences et Technologie de l'Ingénieur de Nancy,France,FR,Nancy,48.68439,6.18496,ENG,Engineering & Technology,Ingegneria e Tecnologia,ENG,name-heuristic,esstin.u-nancy.fr,http://www.esstin.u-nancy.fr/,,,,,,,
454,Ecole Spéciale des Travaux Publics du Bâtiment et de l'Industrie,France,FR,,,,COMP,Comprehensive (multi-field),Generalista (multidisciplinare),ARC|ENG|ICT,ETER,estp.fr,http://www.estp.fr/,,,,,,,
455,Ecole Universitaire d'Ingénieurs de Lille,France,FR,Lille,50.63391,3.05512,ENG,Engineering & Technology,Ingegneria e Tecnologia,ENG,name-heuristic,eudil.fr,http://www.eudil.fr/,,,,,,,
456,Université Catholique de Lille,France,FR,Lille,50.63391,3.05512,COMP,Comprehensive (multi-field),Generalista (multidisciplinare),AGR|ARC|ART|BUS|EDU|ENG|HUM|ICT|LAW|MED|SCI|SOC,ETER,fupl.asso.fr,http://www.fupl.asso.fr/,,,,,,,
457,Grenoble Ecole de Management,France,FR,Grenoble,45.17869,5.71479,BUS,"Business, Economics & Management",Economia e Management,BUS,name-heuristic,grenoble-em.com,http://www.grenoble-em.com/,,,,,,,
458,Ecole Supérieure d'Agriculture d'Angers,France,FR,Angers,47.47156,-0.55202,AGR,"Agriculture, Forestry & Veterinary",Agraria e Veterinaria,AGR|ARC|BUS|ENG|LAW|SCI|SOC,ETER,groupe-esa.com,http://www.groupe-esa.com/,,,,,,,
459,École des Hautes Études Commerciales (HEC Business School),France,FR,,,,BUS,"Business, Economics & Management",Economia e Management,BUS,name-heuristic,hec.fr,http://www.hec.fr/,,,,,,,
460,Ecole des Hautes Etudes Industrielles de Lille,France,FR,Lille,50.63391,3.05512,COMP,Comprehensive (multi-field),Generalista (multidisciplinare),COMP,name-heuristic,hei.fr,http://www.hei.fr/,,,,,,,
461,Institut Catholique d'Arts et Métiers Lille,France,FR,Lille,50.63391,3.05512,COMP,Comprehensive (multi-field),Generalista (multidisciplinare),COMP,name-heuristic,icam.fr,http://www.icam.fr/,,,,,,,
462,Institut Commercial de Nancy,France,FR,Nancy,48.68439,6.18496,BUS,"Business, Economics & Management",Economia e Management,BUS,name-heuristic,icn-nancy.com,http://www.icn-nancy.com/,,,,,,,
463,Institut Catholique de Paris,France,FR,Paris,48.85341,2.3488,COMP,Comprehensive (multi-field),Generalista (multidisciplinare),ART|BUS|EDU|HUM|LAW|SOC,ETER,icp.fr,http://www.icp.fr/,,,,,,,
464,Institut Catholique de Toulouse,France,FR,Toulouse,43.60426,1.44367,COMP,Comprehensive (multi-field),Generalista (multidisciplinare),COMP,name-heuristic,ict-toulouse.asso.fr,http://www.ict-toulouse.asso.fr/,,,,,,,
465,Institut d'Etudes Politiques de Bordeaux,France,FR,Bordeaux,44.84124,-0.58046,COMP,Comprehensive (multi-field),Generalista (multidisciplinare),COMP,name-heuristic,iep.u-bordeaux.fr,http://www.iep.u-bordeaux.fr/,,,,,,,
466,Ecole Nationale Supérieure du Pétrole et des Monteurs,France,FR,,,,COMP,Comprehensive (multi-field),Generalista (multidisciplinare),COMP,name-heuristic,ifp.fr,http://www.ifp.fr/,,,,,,,
467,Institut National Polytechnique de Toulouse,France,FR,Toulouse,43.60426,1.44367,ENG,Engineering & Technology,Ingegneria e Tecnologia,ENG,name-heuristic,inp-fc.fr,http://www.inp-fc.fr/,,,,,,,
468,Institut National Polytechnique de Lorraine,France,FR,,,,ENG,Engineering & Technology,Ingegneria e Tecnologia,ENG,name-heuristic,inpl-nancy.fr,http://www.inpl-nancy.fr/,,,,,,,
469,Institut National des Sciences Appliquées de Lyon,France,FR,Lyon,45.74906,4.84789,COMP,Comprehensive (multi-field),Generalista (multidisciplinare),ARC|ENG|ICT|MED|SCI|SOC,ETER,insa-lyon.fr,http://www.insa-lyon.fr/,,,,,,,
470,Institut National des Sciences Appliquées de Rennes,France,FR,Rennes,48.11109,-1.67431,COMP,Comprehensive (multi-field),Generalista (multidisciplinare),ARC|ENG|ICT|SCI,ETER,insa-rennes.fr,http://www.insa-rennes.fr/,,,,,,,
471,Institut National des Sciences Appliquées de Rouen,France,FR,Rouen,49.44313,1.09932,COMP,Comprehensive (multi-field),Generalista (multidisciplinare),ARC|ENG|ICT|SCI|SOC,ETER,insa-rouen.fr,http://www.insa-rouen.fr/,,,,,,,
472,Institut National des Sciences Appliquées de Toulouse,France,FR,Toulouse,43.60426,1.44367,COMP,Comprehensive (multi-field),Generalista (multidisciplinare),AGR|ARC|BUS|ENG|ICT|LAW|SCI|SOC,ETER,insa-tlse.fr,http://www.insa-tlse.fr/,,,,,,,
473,Institut des hautes études économiques et commerciales,France,FR,,,,BUS,"Business, Economics & Management",Economia e Management,BUS,name-heuristic,inseec.fr,http://www.inseec.fr/,,,,,,,
474,Institut National des Télécommunications,France,FR,,,,COMP,Comprehensive (multi-field),Generalista (multidisciplinare),COMP,name-heuristic,int-evry.fr,http://www.int-evry.fr/,,,,,,,
475,Ecole Supérieure d'Optique,France,FR,,,,COMP,Comprehensive (multi-field),Generalista (multidisciplinare),COMP,name-heuristic,iso.fr,https://www.iso.fr/,,,,,,,
476,Institut de Recherche et Coordination Acoustique/Musique,France,FR,,,,COMP,Comprehensive (multi-field),Generalista (multidisciplinare),COMP,name-heuristic,ircam.fr,http://www.ircam.fr/,,,,,,,
477,Institut de Recherche et d'Enseignement Supérieur aux Techniques de l'électronique,France,FR,,,,COMP,Comprehensive (multi-field),Generalista (multidisciplinare),COMP,name-heuristic,ireste.fr,http://www.ireste.fr/,,,,,,,
478,Institut Supérieur Agricole de Beauvais,France,FR,Beauvais,49.43333,2.08333,COMP,Comprehensive (multi-field),Generalista (multidisciplinare),COMP,name-heuristic,isab.fr,http://www.isab.fr/,,,,,,,
479,Institut Supérieur d'Agriculture Lille,France,FR,Lille,50.63391,3.05512,AGR,"Agriculture, Forestry & Veterinary",Agraria e Veterinaria,AGR|ARC|ENG|SCI,ETER,isa.fupl.asso.fr,http://www.isa.fupl.asso.fr/,,,,,,,
480,Institut Supérieur d'Agriculture Rhone-Alpes,France,FR,,,,AGR,"Agriculture, Forestry & Veterinary",Agraria e Veterinaria,AGR,ETER,isara.fr,http://www.isara.fr/,,,,,,,
481,Institut Supérieure d'Electronique du Nord,France,FR,,,,COMP,Comprehensive (multi-field),Generalista (multidisciplinare),COMP,name-heuristic,isen.fr,http://www.isen.fr/,,,,,,,
482,Institut Supérieure d'Electronique de Paris,France,FR,Paris,48.85341,2.3488,COMP,Comprehensive (multi-field),Generalista (multidisciplinare),ARC|ENG,ETER,isep.fr,http://www.isep.fr/,,,,,,,
483,Institut des Sciences de l'Ingénieur de Montpellier,France,FR,Montpellier,43.61093,3.87635,ENG,Engineering & Technology,Ingegneria e Tecnologia,ENG,name-heuristic,isim.univ-montp2.fr,http://www.isim.univ-montp2.fr/,,,,,,,
484,Centre d'Etudes Supérieures des Techniques Industrielles,France,FR,,,,COMP,Comprehensive (multi-field),Generalista (multidisciplinare),ARC|ENG|ICT|SOC,ETER,ismcm-cesti.fr,http://www.ismcm-cesti.fr/,,,,,,,
485,Institut des Sciences de la Matière et du Rayonnement,France,FR,,,,COMP,Comprehensive (multi-field),Generalista (multidisciplinare),COMP,name-heuristic,ismra.fr,http://www.ismra.fr/,,,,,,,
486,Institut Textile et Chimique de Lyon,France,FR,Lyon,45.74906,4.84789,COMP,Comprehensive (multi-field),Generalista (multidisciplinare),ARC|ENG,ETER,itech.fr,http://www.itech.fr/,,,,,,,
487,Sorbonne Université - Faculté des Sciences (Paris VI),France,FR,Paris,48.85341,2.3488,COMP,Comprehensive (multi-field),Generalista (multidisciplinare),COMP,name-heuristic,jussieu.fr,https://sciences.sorbonne-universite.fr/,,,,,,,
488,Ecole Nationale Supérieure des Mines de Nancy,France,FR,Nancy,48.68439,6.18496,COMP,Comprehensive (multi-field),Generalista (multidisciplinare),COMP,name-heuristic,mines.u-nancy.fr,http://www.mines.u-nancy.fr/,,,,,,,
489,Université Michel de Montaigne (Bordeaux III ),France,FR,Bordeaux,44.84124,-0.58046,COMP,Comprehensive (multi-field),Generalista (multidisciplinare),COMP,name-heuristic,montaigne.u-bordeaux.fr,http://www.montaigne.u-bordeaux.fr/,,,,,,,
490,Université Montesquieu (Bordeaux IV),France,FR,Bordeaux,44.84124,-0.58046,COMP,Comprehensive (multi-field),Generalista (multidisciplinare),AGR|ARC|ART|BUS|EDU|ENG|HUM|ICT|LAW|MED|SCI|SOC,ETER,montesquieu.u-bordeaux.fr,http://www.montesquieu.u-bordeaux.fr/,,,,,,,
491,Ecole d'Architecture de Nancy,France,FR,Nancy,48.68439,6.18496,ARC,Architecture & Urban Planning,Architettura e Urbanistica,ARC,name-heuristic,nancy.archi.fr,http://www.nancy.archi.fr/,,,,,,,
492,Université Paris-Sorbonne (Paris IV),France,FR,Paris,48.85341,2.3488,COMP,Comprehensive (multi-field),Generalista (multidisciplinare),ARC|ART|BUS|EDU|ENG|HUM|ICT|LAW|SCI|SOC,ETER,paris4.sorbonne.fr,http://www.paris4.sorbonne.fr/,,,,,,,
493,Ecole Nationale Supérieure d'Arts et Métiers de Paris,France,FR,Paris,48.85341,2.3488,COMP,Comprehensive (multi-field),Generalista (multidisciplinare),ARC|BUS|ENG|ICT|LAW|MED|SCI,ETER,paris.ensam.fr,http://www.paris.ensam.fr/,,,,,,,
494,Ecole Polytechnique Universitaire de Lille,France,FR,Lille,50.63391,3.05512,ENG,Engineering & Technology,Ingegneria e Tecnologia,ENG,name-heuristic,polytech-lille.fr,http://www.polytech-lille.fr/,,,,,,,
495,Ecole Polytechnique Marseille,France,FR,Marseille,43.29695,5.38107,ENG,Engineering & Technology,Ingegneria e Tecnologia,ENG,name-heuristic,polytech-marseille.fr,http://www.polytech-marseille.fr/,,,,,,,
496,École Polytechnique,France,FR,,,,ENG,Engineering & Technology,Ingegneria e Tecnologia,ARC|BUS|EDU|ENG|ICT|LAW|SCI|SOC,ETER,polytechnique.fr,http://www.polytechnique.fr/,,,,,,,
497,"Schiller International University, Paris",France,FR,Paris,48.85341,2.3488,COMP,Comprehensive (multi-field),Generalista (multidisciplinare),COMP,name-heuristic,schillerparis.com,http://www.schillerparis.com/,,,,,,,
498,"Schiller International University, Strasbourg",France,FR,Strasbourg,48.58392,7.74553,COMP,Comprehensive (multi-field),Generalista (multidisciplinare),COMP,name-heuristic,schillerstrasbourg.com,http://www.schillerstrasbourg.com/,,,,,,,
499,Institut d'Etudes Politiques de Paris (Sciences Po),France,FR,Paris,48.85341,2.3488,SOC,Social & Political Sciences,Scienze Sociali e Politiche,SOC,name-heuristic,sciences-po.fr,http://www.sciences-po.fr/,,,,,,,
500,Université Denis Diderot (Paris VII),France,FR,Paris,48.85341,2.3488,COMP,Comprehensive (multi-field),Generalista (multidisciplinare),COMP,name-heuristic,sigu7.jussieu.fr,http://www.sigu7.jussieu.fr/,,,,,,,
501,Ecole Superieure Robert de Sorbon,France,FR,,,,COMP,Comprehensive (multi-field),Generalista (multidisciplinare),COMP,name-heuristic,sorbon.fr,http://www.sorbon.fr/,,,,,,,
502,Ecole Nationale Supérieure de l'Aéronautique et de l'Espace,France,FR,,,,ENG,Engineering & Technology,Ingegneria e Tecnologia,ENG,name-heuristic,supaero.fr,http://www.supaero.fr/,,,,,,,
503,Groupe Sup de Co Amiens Picardie,France,FR,Amiens,49.9,2.3,COMP,Comprehensive (multi-field),Generalista (multidisciplinare),COMP,name-heuristic,supco-amiens.fr,http://www.supco-amiens.fr/,,,,,,,
504,Groupe Sup de Co Montpellier,France,FR,Montpellier,43.61093,3.87635,COMP,Comprehensive (multi-field),Generalista (multidisciplinare),COMP,name-heuristic,supco-montpellier.fr,http://www.supco-montpellier.fr/,,,,,,,
505,Ecole Supérieure d'Electricité,France,FR,,,,COMP,Comprehensive (multi-field),Generalista (multidisciplinare),ARC|ENG|ICT|SCI|SOC,ETER,supelec.fr,http://www.supelec.fr/,,,,,,,
506,Université d'Aix-Marseille III,France,FR,Marseille,43.29695,5.38107,COMP,Comprehensive (multi-field),Generalista (multidisciplinare),COMP,name-heuristic,u-3mrs.fr,http://www.u-3mrs.fr/,,,,,,,
507,Université Victor Segalen (Bordeaux II),France,FR,Bordeaux,44.84124,-0.58046,COMP,Comprehensive (multi-field),Generalista (multidisciplinare),COMP,name-heuristic,u-bordeaux2.fr,http://www.u-bordeaux2.fr/,,,,,,,
508,Université Bourgogne - Franche-Comté,France,FR,,,,COMP,Comprehensive (multi-field),Generalista (multidisciplinare),AGR|ARC|ART|BUS|EDU|ENG|HUM|ICT|LAW|MED|SCI|SOC,ETER,ubfc.fr,http://www.ubfc.fr/,,,,,,,
509,Université de Cergy-Pontoise,France,FR,Cergy-Pontoise,49.03894,2.07805,COMP,Comprehensive (multi-field),Generalista (multidisciplinare),ARC|ART|BUS|EDU|ENG|HUM|ICT|LAW|MED|SCI|SOC,ETER,u-cergy.fr,http://www.u-cergy.fr/,,,,,,,
510,Université d'Auvergne (Clermont-Ferrand I),France,FR,Clermont-Ferrand,45.77969,3.08682,COMP,Comprehensive (multi-field),Generalista (multidisciplinare),COMP,name-heuristic,u-clermont1.fr,http://www.u-clermont1.fr/,,,,,,,
511,Université Catholique de l' Ouest,France,FR,,,,COMP,Comprehensive (multi-field),Generalista (multidisciplinare),COMP,name-heuristic,uco.fr,http://www.uco.fr/,,,,,,,
512,Université Grenoble Alpes,France,FR,Grenoble,45.17869,5.71479,COMP,Comprehensive (multi-field),Generalista (multidisciplinare),AGR|ARC|ART|BUS|EDU|ENG|HUM|ICT|LAW|MED|SCI|SOC,ETER,u-grenoble3.fr,https://www.univ-grenoble-alpes.fr/,351–400,49.9,42.6,36.7,62.7,69.4,70.0
513,Université Rennes II - Haute-Bretagne,France,FR,Rennes,48.11109,-1.67431,COMP,Comprehensive (multi-field),Generalista (multidisciplinare),COMP,name-heuristic,uhb.fr,http://www.uhb.fr/,,,,,,,
514,Université Henri Poincaré (Nancy I),France,FR,Nancy,48.68439,6.18496,COMP,Comprehensive (multi-field),Generalista (multidisciplinare),COMP,name-heuristic,uhp-nancy.fr,http://www.uhp-nancy.fr/,,,,,,,
515,Université de Caen Basse Normandie,France,FR,Caen,49.18585,-0.35912,COMP,Comprehensive (multi-field),Generalista (multidisciplinare),COMP,name-heuristic,unicaen.fr,http://www.unicaen.fr/,,,,,,,
516,Université de Nice-Sophia Antipolis,France,FR,Nice,43.70313,7.26608,COMP,Comprehensive (multi-field),Generalista (multidisciplinare),ARC|ART|BUS|EDU|ENG|HUM|ICT|LAW|MED|SCI|SOC,ETER,unice.fr,http://www.unice.fr/,,,,,,,
517,Université de Limoges,France,FR,Limoges,45.83362,1.24759,COMP,Comprehensive (multi-field),Generalista (multidisciplinare),AGR|ARC|ART|BUS|EDU|ENG|HUM|ICT|LAW|MED|SCI|SOC,ETER,unilim.fr,http://www.unilim.fr/,,,,,,,
518,Université d'Angers,France,FR,Angers,47.47156,-0.55202,COMP,Comprehensive (multi-field),Generalista (multidisciplinare),AGR|ARC|ART|BUS|EDU|ENG|HUM|ICT|LAW|MED|SCI|SOC,ETER,univ-angers.fr,http://www.univ-angers.fr/,1001–1200,32.1,18.8,23.1,51.1,70.9,58.6
519,Université d'Artois,France,FR,,,,COMP,Comprehensive (multi-field),Generalista (multidisciplinare),AGR|ARC|ART|BUS|EDU|ENG|HUM|ICT|LAW|MED|SCI|SOC,ETER,univ-artois.fr,http://www.univ-artois.fr/,,,,,,,
520,Université d'Avignon,France,FR,Avignon,43.94834,4.80892,COMP,Comprehensive (multi-field),Generalista (multidisciplinare),AGR|ARC|ART|BUS|EDU|ENG|HUM|ICT|LAW|MED|SCI|SOC,ETER,univ-avignon.fr,http://www.univ-avignon.fr/,,,,,,,
521,Université Blaise Pascal (Clermont-Ferrand II),France,FR,Clermont-Ferrand,45.77969,3.08682,COMP,Comprehensive (multi-field),Generalista (multidisciplinare),AGR|ARC|ART|BUS|EDU|ENG|HUM|ICT|LAW|MED|SCI|SOC,ETER,univ-bpclermont.fr,http://www.univ-bpclermont.fr/,,,,,,,
522,Université de Bretagne Occidentale,France,FR,,,,MED,Medicine & Health,Medicina e Salute,MED,name-heuristic,univ-brest.fr,http://www.univ-brest.fr/,801–1000,35.5,27.0,19.6,51.8,63.3,49.4
523,Université Catholique de Lyon,France,FR,Lyon,45.74906,4.84789,COMP,Comprehensive (multi-field),Generalista (multidisciplinare),COMP,name-heuristic,univ-catholyon.fr,http://www.univ-catholyon.fr/,,,,,,,
524,Université de Corse Pascal Paoli,France,FR,,,,COMP,Comprehensive (multi-field),Generalista (multidisciplinare),COMP,name-heuristic,univ-corse.fr,http://www.univ-corse.fr/,,,,,,,
525,Université d'Evry Val d'Essonne,France,FR,Évry,48.6328,2.44049,COMP,Comprehensive (multi-field),Generalista (multidisciplinare),ARC|ART|BUS|EDU|ENG|HUM|ICT|LAW|MED|SCI|SOC,ETER,univ-evry.fr,http://www.univ-evry.fr/,,,,,,,
526,Université du Havre,France,FR,Le Havre,49.49346,0.10785,COMP,Comprehensive (multi-field),Generalista (multidisciplinare),AGR|ARC|ART|BUS|EDU|ENG|HUM|ICT|LAW|MED|SCI|SOC,ETER,univ-lehavre.fr,http://www.univ-lehavre.fr/,,,,,,,
527,Université du Maine,France,FR,,,,COMP,Comprehensive (multi-field),Generalista (multidisciplinare),COMP,name-heuristic,univ-lemans.fr,http://www.univ-lemans.fr/,,,,,,,
528,Université des Sciences et Technologies de Lille (Lille I),France,FR,Lille,50.63391,3.05512,ENG,Engineering & Technology,Ingegneria e Tecnologia,ENG,name-heuristic,univ-lille1.fr,http://www.univ-lille1.fr/,,,,,,,
529,Université du Droit et de la Sante (Lille II),France,FR,Lille,50.63391,3.05512,MED,Medicine & Health,Medicina e Salute,MED,name-heuristic,univ-lille2.fr,http://www.univ-lille2.fr/,,,,,,,
530,Université Charles-de-Gaulle (Lille III),France,FR,Lille,50.63391,3.05512,COMP,Comprehensive (multi-field),Generalista (multidisciplinare),ARC|ART|BUS|EDU|ENG|HUM|ICT|LAW|MED|SCI|SOC,ETER,univ-lille3.fr,http://www.univ-lille3.fr/,,,,,,,
531,Université du Littoral Cote d'Opale,France,FR,,,,COMP,Comprehensive (multi-field),Generalista (multidisciplinare),COMP,name-heuristic,univ-littoral.fr,http://www.univ-littoral.fr/,,,,,,,
532,Université de Lorraine,France,FR,,,,COMP,Comprehensive (multi-field),Generalista (multidisciplinare),AGR|ARC|ART|BUS|EDU|ENG|HUM|ICT|LAW|MED|SCI|SOC,ETER,univ-lorraine.fr,http://www.univ-lorraine.fr/,,,,,,,
533,Université de La Rochelle,France,FR,La Rochelle,46.16308,-1.15222,COMP,Comprehensive (multi-field),Generalista (multidisciplinare),AGR|ARC|ART|BUS|EDU|ENG|HUM|ICT|LAW|MED|SCI|SOC,ETER,univ-lr.fr,http://www.univ-lr.fr/,1501+,10.3,19.7,12.6,33.6,65.5,30.2
534,Université Claude Bernard (Lyon I),France,FR,Lyon,45.74906,4.84789,COMP,Comprehensive (multi-field),Generalista (multidisciplinare),AGR|ARC|ART|BUS|EDU|ENG|HUM|ICT|LAW|MED|SCI|SOC,ETER,univ-lyon1.fr,http://www.univ-lyon1.fr/,601–800,39.0,27.0,26.4,62.6,60.2,70.1
535,Université Lumiére (Lyon II),France,FR,Lyon,45.74906,4.84789,COMP,Comprehensive (multi-field),Generalista (multidisciplinare),ARC|ART|BUS|EDU|ENG|HUM|ICT|LAW|MED|SCI|SOC,ETER,univ-lyon2.fr,http://www.univ-lyon2.fr/,,,,,,,
536,Université Jean Moulin (Lyon III),France,FR,Lyon,45.74906,4.84789,COMP,Comprehensive (multi-field),Generalista (multidisciplinare),ARC|ART|BUS|EDU|ENG|HUM|ICT|LAW|SCI|SOC,ETER,univ-lyon3.fr,http://www.univ-lyon3.fr/,1501+,10.3,15.0,13.7,16.0,59.6,29.6
537,Université de la Méditerranée (Aix Marseille II),France,FR,Marseille,43.29695,5.38107,COMP,Comprehensive (multi-field),Generalista (multidisciplinare),COMP,name-heuristic,univmed.fr,http://www.univmed.fr/,,,,,,,
538,Université de Metz,France,FR,Metz,49.11911,6.17269,COMP,Comprehensive (multi-field),Generalista (multidisciplinare),COMP,name-heuristic,univ-metz.fr,http://www.univ-metz.fr/,,,,,,,
539,Université Paris-Est Marne-la-Vallée,France,FR,Paris,48.85341,2.3488,COMP,Comprehensive (multi-field),Generalista (multidisciplinare),COMP,name-heuristic,univ-mlv.fr,http://www.univ-mlv.fr/,,,,,,,
540,Université de Montpellier,France,FR,Montpellier,43.61093,3.87635,COMP,Comprehensive (multi-field),Generalista (multidisciplinare),AGR|ARC|ART|BUS|EDU|ENG|HUM|ICT|LAW|MED|SCI|SOC,ETER,univ-montp1.fr,https://www.umontpellier.fr/,401–500,46.2,39.5,33.5,68.7,66.8,68.7
541,Université Paul Valéry (Montpellier III),France,FR,Montpellier,43.61093,3.87635,COMP,Comprehensive (multi-field),Generalista (multidisciplinare),AGR|ARC|ART|BUS|EDU|ENG|HUM|ICT|LAW|MED|SCI|SOC,ETER,univ-montp3.fr,http://www.univ-montp3.fr/,,,,,,,
542,Université de Haute-Alsace,France,FR,,,,COMP,Comprehensive (multi-field),Generalista (multidisciplinare),COMP,name-heuristic,univ-mulhouse.fr,http://www.univ-mulhouse.fr/,,,,,,,
543,Université Nancy II,France,FR,Nancy,48.68439,6.18496,COMP,Comprehensive (multi-field),Generalista (multidisciplinare),COMP,name-heuristic,univ-nancy2.fr,http://www.univ-nancy2.fr/,,,,,,,
544,Université de Nantes,France,FR,Nantes,47.21725,-1.55336,COMP,Comprehensive (multi-field),Generalista (multidisciplinare),AGR|ARC|ART|BUS|EDU|ENG|HUM|ICT|LAW|MED|SCI|SOC,ETER,univ-nantes.fr,http://www.univ-nantes.fr/,601–800,39.0,29.3,21.4,65.6,59.8,67.6
545,Université d'Orléans,France,FR,Orléans,47.90248,1.90407,COMP,Comprehensive (multi-field),Generalista (multidisciplinare),AGR|ARC|ART|BUS|EDU|ENG|HUM|ICT|LAW|MED|SCI|SOC,ETER,univ-orleans.fr,http://www.univ-orleans.fr/,,,,,,,
546,Université Val-de-Marne (Paris XII),France,FR,Paris,48.85341,2.3488,COMP,Comprehensive (multi-field),Generalista (multidisciplinare),ARC|ART|BUS|EDU|ENG|HUM|ICT|LAW|MED|SCI|SOC,ETER,univ-paris12.fr,http://www.univ-paris12.fr/,,,,,,,
547,Université Paris Nord (Paris XIII),France,FR,Paris,48.85341,2.3488,COMP,Comprehensive (multi-field),Generalista (multidisciplinare),COMP,name-heuristic,univ-paris13.fr,http://www.univ-paris13.fr/,,,,,,,
548,Université Panthéon-Sorbonne (Paris I),France,FR,Paris,48.85341,2.3488,COMP,Comprehensive (multi-field),Generalista (multidisciplinare),ARC|ART|BUS|EDU|ENG|HUM|ICT|LAW|MED|SCI|SOC,ETER,univ-paris1.fr,http://www.univ-paris1.fr/,801–1000,35.5,36.9,34.0,38.0,63.4,35.8
549,Université Sorbonne-Nouvelle (Paris III),France,FR,Paris,48.85341,2.3488,COMP,Comprehensive (multi-field),Generalista (multidisciplinare),ART|BUS|EDU|HUM|ICT|LAW|MED|SOC,ETER,univ-paris3.fr,http://www.univ-paris3.fr/,,,,,,,
550,Université René Descartes (Paris V),France,FR,Paris,48.85341,2.3488,COMP,Comprehensive (multi-field),Generalista (multidisciplinare),ARC|ART|BUS|EDU|ENG|HUM|ICT|LAW|MED|SCI|SOC,ETER,univ-paris5.fr,http://www.univ-paris5.fr/,,,,,,,
551,Université Vincennes Saint-Denis (Paris VIII),France,FR,Paris,48.85341,2.3488,COMP,Comprehensive (multi-field),Generalista (multidisciplinare),COMP,name-heuristic,univ-paris8.fr,http://www.univ-paris8.fr/,,,,,,,
552,Université de Pau et des Pays de l'Adour,France,FR,,,,COMP,Comprehensive (multi-field),Generalista (multidisciplinare),AGR|ARC|ART|BUS|EDU|ENG|HUM|ICT|LAW|MED|SCI|SOC,ETER,univ-pau.fr,http://www.univ-pau.fr/,,,,,,,
553,Université de Perpignan,France,FR,Perpignan,42.69764,2.89541,COMP,Comprehensive (multi-field),Generalista (multidisciplinare),AGR|ARC|ART|BUS|EDU|ENG|HUM|ICT|LAW|MED|SCI|SOC,ETER,univ-perp.fr,http://www.univ-perp.fr/,,,,,,,
554,Université de Poitiers,France,FR,Poitiers,46.58261,0.34348,COMP,Comprehensive (multi-field),Generalista (multidisciplinare),AGR|ARC|ART|BUS|EDU|ENG|HUM|ICT|LAW|MED|SCI|SOC,ETER,univ-poitiers.fr,http://www.univ-poitiers.fr/,1201–1500,27.3,27.5,20.9,30.5,61.6,39.7
555,Université de Reims Champagne-Ardenne,France,FR,Reims,49.26526,4.02853,COMP,Comprehensive (multi-field),Generalista (multidisciplinare),AGR|ARC|ART|BUS|EDU|ENG|HUM|ICT|LAW|MED|SCI|SOC,ETER,univ-reims.fr,http://www.univ-reims.fr/,1201–1500,27.3,29.1,9.8,37.4,56.1,36.4
556,Université Rennes I,France,FR,Rennes,48.11109,-1.67431,COMP,Comprehensive (multi-field),Generalista (multidisciplinare),AGR|ARC|ART|BUS|EDU|ENG|HUM|ICT|LAW|MED|SCI|SOC,ETER,univ-rennes1.fr,http://www.univ-rennes1.fr/,601–800,39.0,34.3,20.0,53.4,62.2,70.0
557,Université de Rouen - Haute Normandie,France,FR,Rouen,49.44313,1.09932,COMP,Comprehensive (multi-field),Generalista (multidisciplinare),COMP,name-heuristic,univ-rouen.fr,http://www.univ-rouen.fr/,1201–1500,27.3,24.9,13.9,38.3,55.9,51.6
558,Université de Savoie,France,FR,,,,COMP,Comprehensive (multi-field),Generalista (multidisciplinare),COMP,name-heuristic,univ-savoie.fr,http://www.univ-savoie.fr/,,,,,,,
559,Université Jean Monnet,France,FR,,,,COMP,Comprehensive (multi-field),Generalista (multidisciplinare),ARC|ART|BUS|EDU|ENG|HUM|ICT|LAW|MED|SCI|SOC,ETER,univ-st-etienne.fr,http://www.univ-st-etienne.fr/,,,,,,,
560,"Université du Sud, Toulon et Var",France,FR,Toulon,43.12442,5.92836,COMP,Comprehensive (multi-field),Generalista (multidisciplinare),COMP,name-heuristic,univ-tln.fr,http://www.univ-tln.fr/,,,,,,,
561,Université des Sciences Sociales (Toulouse I),France,FR,Toulouse,43.60426,1.44367,COMP,Comprehensive (multi-field),Generalista (multidisciplinare),COMP,name-heuristic,univ-tlse1.fr,http://www.univ-tlse1.fr/,,,,,,,
562,Université de Toulouse-le-Mirail (Toulouse II),France,FR,Toulouse,43.60426,1.44367,COMP,Comprehensive (multi-field),Generalista (multidisciplinare),ARC|ART|BUS|EDU|ENG|HUM|ICT|LAW|MED|SCI|SOC,ETER,univ-tlse2.fr,http://www.univ-tlse2.fr/,,,,,,,
563,Université de Toulouse-le-Mirail (Toulouse III),France,FR,Toulouse,43.60426,1.44367,COMP,Comprehensive (multi-field),Generalista (multidisciplinare),COMP,name-heuristic,univ-tlse3.fr,http://www.univ-tlse3.fr/,,,,,,,
564,Université de Toulouse,France,FR,Toulouse,43.60426,1.44367,COMP,Comprehensive (multi-field),Generalista (multidisciplinare),COMP,name-heuristic,univ-toulouse.fr,http://www.univ-toulouse.fr/,,,,,,,
565,Université François Rabelais de Tours,France,FR,Tours,47.39484,0.70398,COMP,Comprehensive (multi-field),Generalista (multidisciplinare),COMP,name-heuristic,univ-tours.fr,http://www.univ-tours.fr/,,,,,,,
566,Université de Bretagne Sud,France,FR,,,,COMP,Comprehensive (multi-field),Generalista (multidisciplinare),COMP,name-heuristic,univ-ubs.fr,http://www.univ-ubs.fr/,,,,,,,
567,Université de Valenciennes et du Hainaut-Cambrésis,France,FR,Valenciennes,50.35909,3.52506,COMP,Comprehensive (multi-field),Generalista (multidisciplinare),COMP,name-heuristic,univ-valenciennes.fr,http://www.univ-valenciennes.fr/,,,,,,,
568,Université Paris Nanterre (Paris X),France,FR,Paris,48.85341,2.3488,COMP,Comprehensive (multi-field),Generalista (multidisciplinare),ARC|ART|BUS|EDU|ENG|HUM|ICT|LAW|MED|SCI|SOC,ETER,u-paris10.fr,http://www.u-paris10.fr/,1501+,10.3,21.5,16.6,27.0,61.5,35.7
569,Université Panthéon-Assas (Paris II),France,FR,Paris,48.85341,2.3488,COMP,Comprehensive (multi-field),Generalista (multidisciplinare),ART|BUS|HUM|ICT|LAW|MED|SOC,ETER,u-paris2.fr,http://www.u-paris2.fr/,Reporter,,,,,,
570,Université de Picardie Jules-Verne,France,FR,,,,COMP,Comprehensive (multi-field),Generalista (multidisciplinare),COMP,name-heuristic,u-picardie.fr,http://www.u-picardie.fr/,,,,,,,
571,Université Paul Sabatier (Toulouse III),France,FR,Toulouse,43.60426,1.44367,COMP,Comprehensive (multi-field),Generalista (multidisciplinare),AGR|ARC|ART|BUS|EDU|ENG|HUM|ICT|LAW|MED|SCI|SOC,ETER,ups-tlse.fr,http://www.ups-tlse.fr/,,,,,,,
572,Université Paris Sud (Paris XI),France,FR,Paris,48.85341,2.3488,COMP,Comprehensive (multi-field),Generalista (multidisciplinare),AGR|ARC|ART|BUS|EDU|ENG|HUM|ICT|LAW|MED|SCI|SOC,ETER,u-psud.fr,http://www.u-psud.fr/,,,,,,,
573,Université d'Aix-Marseille,France,FR,Marseille,43.29695,5.38107,COMP,Comprehensive (multi-field),Generalista (multidisciplinare),AGR|ARC|ART|BUS|EDU|ENG|HUM|ICT|LAW|MED|SCI|SOC,ETER,univ-amu.fr,http://www.univ-amu.fr/,,,,,,,
574,Université de Provence (Aix-Marseille I),France,FR,Marseille,43.29695,5.38107,COMP,Comprehensive (multi-field),Generalista (multidisciplinare),COMP,name-heuristic,up.univ-mrs.fr,http://www.up.univ-mrs.fr/,,,,,,,
575,Université des Sciences Humaines (Strasbourg II),France,FR,Strasbourg,48.58392,7.74553,COMP,Comprehensive (multi-field),Generalista (multidisciplinare),ARC|ENG|ICT|SCI,ETER,ushs.u-strasbg.fr,http://ushs.u-strasbg.fr/,,,,,,,
576,Université de Technologie de Belfort Montbéliard,France,FR,Belfort,47.64218,6.85385,ENG,Engineering & Technology,Ingegneria e Tecnologia,ENG,name-heuristic,utbm.fr,http://www.utbm.fr/,,,,,,,
577,Université de Technologie de Compiègne,France,FR,Compiègne,49.41794,2.82606,ENG,Engineering & Technology,Ingegneria e Tecnologia,ENG,name-heuristic,utc.fr,http://www.utc.fr/,,,,,,,
578,Université de Technologie de Troyes,France,FR,Troyes,48.30073,4.08524,ENG,Engineering & Technology,Ingegneria e Tecnologia,ENG,name-heuristic,utt.fr,http://www.utt.fr/,,,,,,,
579,Université de Versailles Saint-Quentin-en-Yvelines,France,FR,Saint-Quentin-en-Yvelines,48.77186,2.01891,COMP,Comprehensive (multi-field),Generalista (multidisciplinare),AGR|ARC|ART|BUS|EDU|ENG|HUM|ICT|LAW|MED|SCI|SOC,ETER,uvsq.fr,http://www.uvsq.fr/,,,,,,,
580,Ecole Nationale Vétérinaire d'Alfort,France,FR,,,,COMP,Comprehensive (multi-field),Generalista (multidisciplinare),COMP,name-heuristic,vet-alfort.fr,http://www.vet-alfort.fr/,,,,,,,
581,Ecole Nationale Vétérinaire de Lyon,France,FR,Lyon,45.74906,4.84789,COMP,Comprehensive (multi-field),Generalista (multidisciplinare),COMP,name-heuristic,vet-lyon.fr,http://www.vet-lyon.fr/,,,,,,,
582,Ecole Nationale Vétérinaire de Nantes,France,FR,Nantes,47.21725,-1.55336,COMP,Comprehensive (multi-field),Generalista (multidisciplinare),COMP,name-heuristic,vet-nantes.fr,http://www.vet-nantes.fr/,,,,,,,
583,"Ecole Européenne de Chimie, Polymères et Matériaux de Strasbourg",France,FR,Strasbourg,48.58392,7.74553,COMP,Comprehensive (multi-field),Generalista (multidisciplinare),COMP,name-heuristic,www-ecpm.u-strasbg.fr,http://www-ecpm.u-strasbg.fr/,,,,,,,
584,Ecole Nationale du Génie de l'Eau et de l'Environnement de Strasbourg,France,FR,Strasbourg,48.58392,7.74553,COMP,Comprehensive (multi-field),Generalista (multidisciplinare),AGR|ARC|ART|BUS|EDU|ENG|HUM|ICT|LAW|MED|SCI|SOC,ETER,www-engees.u-strasbg.fr,http://www-engees.u-strasbg.fr/,,,,,,,
585,Ecole Nationale Supérieure des Arts et Industries de Strasbourg,France,FR,Strasbourg,48.58392,7.74553,COMP,Comprehensive (multi-field),Generalista (multidisciplinare),COMP,name-heuristic,www-ensais.u-strasbg.fr,http://www-ensais.u-strasbg.fr/,,,,,,,
586,Institut polytechnique de Grenoble,France,FR,Grenoble,45.17869,5.71479,ENG,Engineering & Technology,Ingegneria e Tecnologia,ENG,name-heuristic,grenoble-inp.fr,https://grenoble-inp.fr/,,,,,,,
587,Ecole Nationale Supérieure de Physique de Strasbourg,France,FR,Strasbourg,48.58392,7.74553,COMP,Comprehensive (multi-field),Generalista (multidisciplinare),COMP,name-heuristic,www-ensps.u-strasbg.fr,http://www-ensps.u-strasbg.fr/,,,,,,,
588,Université Louis Pasteur (Strasbourg I),France,FR,Strasbourg,48.58392,7.74553,COMP,Comprehensive (multi-field),Generalista (multidisciplinare),COMP,name-heuristic,www-ulp.u-strasbg.fr,http://www-ulp.u-strasbg.fr/,,,,,,,
589,Université Robert Schuman (Strasbourg III),France,FR,Strasbourg,48.58392,7.74553,COMP,Comprehensive (multi-field),Generalista (multidisciplinare),COMP,name-heuristic,www-urs.u-strasbg.fr,http://www-urs.u-strasbg.fr/,,,,,,,
590,Université de Strasbourg,France,FR,Strasbourg,48.58392,7.74553,COMP,Comprehensive (multi-field),Generalista (multidisciplinare),AGR|ARC|ART|BUS|EDU|ENG|HUM|ICT|LAW|MED|SCI|SOC,ETER,unistra.fr,https://www.unistra.fr/,,,,,,,
591,Ecole pour l'Informatique et les nouvelles Technologies,France,FR,,,,ENG,Engineering & Technology,Ingegneria e Tecnologia,ENG,name-heuristic,epitech.eu,http://www.epitech.eu/,,,,,,,
592,Ecole Pour l'Informatique et les Techniques Avancees,France,FR,,,,COMP,Comprehensive (multi-field),Generalista (multidisciplinare),ARC|ENG|ICT,ETER,epita.fr,http://www.epita.fr/,,,,,,,
593,Institut polytechnique des sciences avancees,France,FR,,,,ENG,Engineering & Technology,Ingegneria e Tecnologia,AGR|ARC|ART|BUS|EDU|ENG|HUM|ICT|LAW|MED|SCI|SOC,ETER,ipsa.fr,http://www.ipsa.fr/,,,,,,,
594,Ecole des technologies numeriques appliquees,France,FR,,,,ENG,Engineering & Technology,Ingegneria e Tecnologia,ENG,name-heuristic,etna.io,http://www.etna.io/,,,,,,,
595,Institut Sup'Biotech de Paris,France,FR,Paris,48.85341,2.3488,COMP,Comprehensive (multi-field),Generalista (multidisciplinare),COMP,name-heuristic,supbiotech.fr,http://www.supbiotech.fr/,,,,,,,
596,IU Internationale Hochschule GmbH,Germany,DE,,,,COMP,Comprehensive (multi-field),Generalista (multidisciplinare),COMP,name-heuristic,iubh-fernstudium.de,https://www.iu-fernstudium.de/,,,,,,,
597,"AKAD Hochschulen für Berufstätige, Fachhochschule Leipzig",Germany,DE,Leipzig,51.33962,12.37129,COMP,Comprehensive (multi-field),Generalista (multidisciplinare),COMP,name-heuristic,akad.de,http://www.akad.de/,,,,,,,
598,Alice-Salomon-Fachhochschule für Sozialarbeit und Sozialpädagogik Berlin,Germany,DE,Berlin,52.52437,13.41053,COMP,Comprehensive (multi-field),Generalista (multidisciplinare),COMP,name-heuristic,asfh-berlin.de,http://www.asfh-berlin.de/,,,,,,,
599,Augustana Hochschule Neuendettelsau,Germany,DE,,,,COMP,Comprehensive (multi-field),Generalista (multidisciplinare),AGR|ARC|ART|BUS|EDU|ENG|HUM|ICT|LAW|MED|SCI|SOC,ETER,augustana.de,http://www.augustana.de/,,,,,,,
600,Kirchliche Hochschule Bethel,Germany,DE,,,,COMP,Comprehensive (multi-field),Generalista (multidisciplinare),COMP,name-heuristic,bethel.de,http://www.bethel.de/,,,,,,,
601,BiTS - Business and Information Technology School gGmbH,Germany,DE,,,,ENG,Engineering & Technology,Ingegneria e Tecnologia,ENG,name-heuristic,bits-iserlohn.de,http://www.bits-iserlohn.de/,,,,,,,
602,Cologne Business School,Germany,DE,Köln,50.93333,6.95,BUS,"Business, Economics & Management",Economia e Management,BUS,name-heuristic,cbs.de,http://www.cbs.de/,,,,,,,
603,CODE University of Applied Sciences Berlin,Germany,DE,Berlin,52.52437,13.41053,COMP,Comprehensive (multi-field),Generalista (multidisciplinare),BUS|EDU|ICT|LAW,ETER,code.berlin,http://code.berlin/,,,,,,,
604,Deutsche Hochschule für Verwaltungswissenschaften Speyer,Germany,DE,Speyer,49.32083,8.43111,COMP,Comprehensive (multi-field),Generalista (multidisciplinare),COMP,name-heuristic,dhv-speyer.de,http://www.dhv-speyer.de/,,,,,,,
605,DIPLOMA-Fachhochschule Ölsnitz/Vogtland,Germany,DE,,,,COMP,Comprehensive (multi-field),Generalista (multidisciplinare),COMP,name-heuristic,diploma.de,http://www.diploma.de/,,,,,,,
606,Deutsche Sporthochschule Köln,Germany,DE,Köln,50.93333,6.95,EDU,Education & Sport Sciences,Scienze della Formazione e dello Sport,EDU,name-heuristic,dshs-koeln.de,http://www.dshs-koeln.de/,,,,,,,
607,E.A.P. Europäische Wirtschaftshochschule Berlin,Germany,DE,Berlin,52.52437,13.41053,BUS,"Business, Economics & Management",Economia e Management,BUS,name-heuristic,eap.net,http://www.eap.net/,,,,,,,
608,Europäische Betriebswirtschafts-Akademie,Germany,DE,,,,BUS,"Business, Economics & Management",Economia e Management,BUS,name-heuristic,eba-muenchen.de,http://www.eba-muenchen.de/,,,,,,,
609,European Business School Schloß Reichartshausen,Germany,DE,,,,BUS,"Business, Economics & Management",Economia e Management,BUS,name-heuristic,ebs.de,http://www.ebs.de/,,,,,,,
610,European College of Liberal Arts,Germany,DE,,,,HUM,Humanities & Languages,Studi Umanistici e Lingue,HUM,name-heuristic,ecla.de,http://www.ecla.de/,,,,,,,
611,Evangelische Fachhochschule Rheinland-Westfalen-Lippe,Germany,DE,,,,COMP,Comprehensive (multi-field),Generalista (multidisciplinare),COMP,name-heuristic,efh-bochum.de,http://www.efh-bochum.de/,,,,,,,
612,Evangelische Fachhochschule Darmstadt,Germany,DE,Darmstadt,49.87167,8.65027,COMP,Comprehensive (multi-field),Generalista (multidisciplinare),COMP,name-heuristic,eh-darmstadt.de,https://www.eh-darmstadt.de/,,,,,,,
613,"Evangelische Fachhochschule Freiburg, Hochschule für Soziale Arbeit, Diakonie und Religionspädagogik",Germany,DE,Freiburg,47.9959,7.85222,COMP,Comprehensive (multi-field),Generalista (multidisciplinare),COMP,name-heuristic,efh-freiburg.de,http://www.efh-freiburg.de/,,,,,,,
614,Evangelische Fachhochschule Hannover,Germany,DE,Hannover,52.37052,9.73322,COMP,Comprehensive (multi-field),Generalista (multidisciplinare),COMP,name-heuristic,efh-hannover.de,http://www.efh-hannover.de/,,,,,,,
615,Evangelische Fachhochschule Ludwigshafen Hochschule für Sozial- und Gesundheitswesen,Germany,DE,Ludwigshafen am Rhein,49.48121,8.44641,COMP,Comprehensive (multi-field),Generalista (multidisciplinare),COMP,name-heuristic,efhlu.de,http://www.efhlu.de/,,,,,,,
616,"Evangelische Fachhochschule Reutlingen-Ludwigsburg, Hochschule für Soziale Arbeit, Religionspädagogik und Diakonie",Germany,DE,Reutlingen,48.49144,9.20427,COMP,Comprehensive (multi-field),Generalista (multidisciplinare),COMP,name-heuristic,efh-reutlingen-ludwigsburg.de,http://www.efh-reutlingen-ludwigsburg.de/,,,,,,,
617,Evangelische Hochschule für Soziale Arbeit Dresden (FH),Germany,DE,Dresden,51.05089,13.73832,COMP,Comprehensive (multi-field),Generalista (multidisciplinare),AGR|ARC|ART|BUS|EDU|ENG|HUM|ICT|LAW|MED|SCI|SOC,ETER,ehs-dresden.de,http://www.ehs-dresden.de/,,,,,,,
618,European Management School,Germany,DE,,,,BUS,"Business, Economics & Management",Economia e Management,BUS,name-heuristic,ems-mainz.de,http://www.ems-mainz.de/,,,,,,,
619,Europäische Fachhochschule,Germany,DE,,,,COMP,Comprehensive (multi-field),Generalista (multidisciplinare),COMP,name-heuristic,eufh.de,http://www.eufh.de/,,,,,,,
620,Europa-Universität Viadrina Frankfurt (Oder),Germany,DE,Frankfurt am Main,50.11552,8.68417,COMP,Comprehensive (multi-field),Generalista (multidisciplinare),COMP,name-heuristic,euv-frankfurt-o.de,http://www.euv-frankfurt-o.de/,,,,,,,
621,"Evangelische Fachhochschule Berlin, Fachhochschule für Sozialarbeit und Sozialpädagogik",Germany,DE,Berlin,52.52437,13.41053,COMP,Comprehensive (multi-field),Generalista (multidisciplinare),COMP,name-heuristic,evfh-berlin.de,http://www.evfh-berlin.de/,,,,,,,
622,Evangelische Fachhochschule Nürnberg,Germany,DE,Nuremberg,49.45421,11.07752,COMP,Comprehensive (multi-field),Generalista (multidisciplinare),AGR|ARC|ART|BUS|EDU|ENG|HUM|ICT|LAW|MED|SCI|SOC,ETER,evfh-nuernberg.de,http://www.evfh-nuernberg.de/,,,,,,,
623,Fern-Fachhochschule Hamburg,Germany,DE,Hamburg,53.55073,9.99302,COMP,Comprehensive (multi-field),Generalista (multidisciplinare),COMP,name-heuristic,fern-fh.de,http://www.fern-fh.de/,,,,,,,
624,Fernuniversität Gesamthochschule Hagen,Germany,DE,Hagen,51.36081,7.47168,COMP,Comprehensive (multi-field),Generalista (multidisciplinare),COMP,name-heuristic,fernuni-hagen.de,http://www.fernuni-hagen.de/,,,,,,,
625,Fachhochschule Aachen,Germany,DE,Aachen,50.77664,6.08342,COMP,Comprehensive (multi-field),Generalista (multidisciplinare),ARC|ART|BUS|EDU|ENG|HUM|ICT|LAW|MED|SCI|SOC,ETER,fh-aachen.de,http://www.fh-aachen.de/,,,,,,,
626,Fachhochschule Aschaffenburg,Germany,DE,Aschaffenburg,49.97704,9.15214,COMP,Comprehensive (multi-field),Generalista (multidisciplinare),ARC|BUS|EDU|ENG|ICT|LAW,ETER,fh-aschaffenburg.de,http://www.fh-aschaffenburg.de/,,,,,,,
627,Technical University of Applied Sciences Augsburg,Germany,DE,Augsburg,48.37154,10.89851,ENG,Engineering & Technology,Ingegneria e Tecnologia,ARC|ART|BUS|EDU|ENG|HUM|ICT|LAW|MED|SCI|SOC,ETER,fh-augsburg.de,https://www.tha.de/,,,,,,,
628,Internationale Fachhochschule Bad Honnef,Germany,DE,Bad Honnef,50.64336,7.2278,COMP,Comprehensive (multi-field),Generalista (multidisciplinare),COMP,name-heuristic,fh-bad-honnef.de,http://www.fh-bad-honnef.de/,,,,,,,
629,"Fachhochschule Biberach, Hochschule für Bauwesen und Wirtschaft",Germany,DE,Biberach an der Riß,48.09345,9.79053,BUS,"Business, Economics & Management",Economia e Management,BUS,name-heuristic,fh-biberach.de,http://www.fh-biberach.de/,,,,,,,
630,Fachhochschule Bielefeld,Germany,DE,Bielefeld,52.03333,8.53333,COMP,Comprehensive (multi-field),Generalista (multidisciplinare),ART|BUS|HUM|LAW|MED,ETER,fh-bielefeld.de,http://www.fh-bielefeld.de/,,,,,,,
631,Fachhochschule Bingen,Germany,DE,Bingen am Rhein,49.96675,7.8992,COMP,Comprehensive (multi-field),Generalista (multidisciplinare),COMP,name-heuristic,fh-bingen.de,http://www.fh-bingen.de/,,,,,,,
632,Fachhochschule Bochum,Germany,DE,Bochum,51.48165,7.21648,COMP,Comprehensive (multi-field),Generalista (multidisciplinare),ARC|BUS|EDU|ENG|ICT|LAW,ETER,fh-bochum.de,http://www.fh-bochum.de/,,,,,,,
633,Hochschule Bonn-Rhein-Sieg,Germany,DE,Bonn,50.73438,7.09549,COMP,Comprehensive (multi-field),Generalista (multidisciplinare),ARC|BUS|EDU|ENG|ICT|LAW|SCI|SOC,ETER,hochschule-bonn-rhein-sieg.de,http://www.hochschule-bonn-rhein-sieg.de/,,,,,,,
634,Fachhochschule Brandenburg,Germany,DE,Brandenburg an der Havel,52.41667,12.55,COMP,Comprehensive (multi-field),Generalista (multidisciplinare),COMP,name-heuristic,fh-brandenburg.de,http://www.fh-brandenburg.de/,,,,,,,
635,Technische Hochschule Brandenburg,Germany,DE,Brandenburg an der Havel,52.41667,12.55,ENG,Engineering & Technology,Ingegneria e Tecnologia,ARC|BUS|EDU|ENG|ICT|LAW,ETER,th-brandenburg.de,http://www.th-brandenburg.de/,,,,,,,
636,Technische Hochschule Deggendorf,Germany,DE,Deggendorf,48.84085,12.96068,ENG,Engineering & Technology,Ingegneria e Tecnologia,ARC|ART|BUS|EDU|ENG|HUM|ICT|LAW|MED|SOC,ETER,th-deg.de,http://www.th-deg.de/,,,,,,,
637,Fachhochschule Dortmund,Germany,DE,Dortmund,51.51494,7.466,COMP,Comprehensive (multi-field),Generalista (multidisciplinare),COMP,name-heuristic,fh-dortmund.de,http://www.fh-dortmund.de/,,,,,,,
638,Hochschule Düsseldorf,Germany,DE,Düsseldorf,51.22319,6.77927,COMP,Comprehensive (multi-field),Generalista (multidisciplinare),ARC|ART|BUS|EDU|ENG|HUM|ICT|LAW|MED,ETER,hs-duesseldorf.de,http://www.hs-duesseldorf.de/,,,,,,,
639,Fachhochschule für die Wirtschaft,Germany,DE,,,,BUS,"Business, Economics & Management",Economia e Management,BUS,name-heuristic,fhdw.bib.de,http://www.fhdw.bib.de/,,,,,,,
640,Fachhochschule der Wirtschaft,Germany,DE,,,,BUS,"Business, Economics & Management",Economia e Management,BUS,name-heuristic,fhdw.de,http://www.fhdw.de/,,,,,,,
641,Fachhochschule Eberswalde,Germany,DE,Eberswalde,52.83492,13.81951,COMP,Comprehensive (multi-field),Generalista (multidisciplinare),COMP,name-heuristic,fh-eberswalde.de,http://www.fh-eberswalde.de/,,,,,,,
642,Fachhochschule Erfurt,Germany,DE,Erfurt,50.97734,11.03536,COMP,Comprehensive (multi-field),Generalista (multidisciplinare),COMP,name-heuristic,fh-erfurt.de,http://www.fh-erfurt.de/,,,,,,,
643,Fachhochschule Flensburg,Germany,DE,Flensburg,54.78805,9.43722,COMP,Comprehensive (multi-field),Generalista (multidisciplinare),COMP,name-heuristic,fh-flensburg.de,http://www.fh-flensburg.de/,,,,,,,
644,Fachhochschule Frankfurt am Main,Germany,DE,Frankfurt am Main,50.11552,8.68417,COMP,Comprehensive (multi-field),Generalista (multidisciplinare),COMP,name-heuristic,fh-frankfurt.de,http://www.fh-frankfurt.de/,,,,,,,
645,Europa Fachhochschule Fresenius,Germany,DE,,,,COMP,Comprehensive (multi-field),Generalista (multidisciplinare),COMP,name-heuristic,fh-fresenius.de,http://www.fh-fresenius.de/,,,,,,,
646,"Fachhochschule Furtwangen, Hochschule für Technik und Wirtschaft",Germany,DE,,,,BUS,"Business, Economics & Management",Economia e Management,BUS,name-heuristic,fh-furtwangen.de,http://www.fh-furtwangen.de/,,,,,,,
647,Fachhochschule Gelsenkirchen,Germany,DE,Gelsenkirchen,51.50508,7.09654,COMP,Comprehensive (multi-field),Generalista (multidisciplinare),COMP,name-heuristic,fh-gelsenkirchen.de,http://www.fh-gelsenkirchen.de/,,,,,,,
648,Fachhochschule Gießen-Friedberg,Germany,DE,Gießen,50.58727,8.67554,COMP,Comprehensive (multi-field),Generalista (multidisciplinare),COMP,name-heuristic,fh-giessen.de,http://www.fh-giessen.de/,,,,,,,
649,Fachhochschule Hamburg,Germany,DE,Hamburg,53.55073,9.99302,COMP,Comprehensive (multi-field),Generalista (multidisciplinare),COMP,name-heuristic,fh-hamburg.de,http://www.fh-hamburg.de/,,,,,,,
650,Hamburg University of Applied Sciences (HAW Hamburg),Germany,DE,Hamburg,53.55073,9.99302,COMP,Comprehensive (multi-field),Generalista (multidisciplinare),COMP,name-heuristic,haw-hamburg.de,https://haw-hamburg.de/,,,,,,,
651,Fachhochschule Hannover,Germany,DE,Hannover,52.37052,9.73322,COMP,Comprehensive (multi-field),Generalista (multidisciplinare),BUS|ICT|LAW,ETER,fh-hannover.de,http://www.fh-hannover.de/,,,,,,,
652,Fachhochschule Heidelberg,Germany,DE,Heidelberg,49.40768,8.69079,COMP,Comprehensive (multi-field),Generalista (multidisciplinare),ARC|ART|BUS|EDU|ENG|HUM|ICT|LAW|MED|SCI|SOC,ETER,fh-heidelberg.de,http://www.fh-heidelberg.de/,,,,,,,
653,"Fachhochschule Heilbronn, Hochschule für Technik und Wirtschaft",Germany,DE,Heilbronn,49.13995,9.22054,BUS,"Business, Economics & Management",Economia e Management,BUS,name-heuristic,fh-heilbronn.de,http://www.fh-heilbronn.de/,,,,,,,
654,"Fachhochschule Hildesheim/Holzminden/Göttingen, Hochschule für angewandte Wissenschaft und Kunst",Germany,DE,Göttingen,51.53443,9.93228,ART,"Arts, Design & Music","Arte, Design e Musica",ART,name-heuristic,fh-hildesheim.de,http://www.fh-hildesheim.de/,,,,,,,
655,Fachhochschule Hof,Germany,DE,,,,COMP,Comprehensive (multi-field),Generalista (multidisciplinare),COMP,name-heuristic,fh-hof.de,http://www.fh-hof.de/,,,,,,,
656,Technische Hochschule Ingolstadt,Germany,DE,Ingolstadt,48.76508,11.42372,ENG,Engineering & Technology,Ingegneria e Tecnologia,ARC|BUS|EDU|ENG|ICT|LAW,ETER,thi.de,https://www.thi.de/,Reporter,,,,,,
657,"Fachhochschule und Berufskollegs NTA, Prof.Dr. Grübler gemein. GmbH",Germany,DE,,,,COMP,Comprehensive (multi-field),Generalista (multidisciplinare),COMP,name-heuristic,fh-isny.de,http://www.fh-isny.de/,,,,,,,
658,Fachhochschule Jena,Germany,DE,Jena,50.92878,11.5899,COMP,Comprehensive (multi-field),Generalista (multidisciplinare),ARC|ART|BUS|EDU|ENG|HUM|ICT|LAW|MED|SCI,ETER,fh-jena.de,http://www.fh-jena.de/,,,,,,,
659,"Fachhochschule Karlsruhe, Hochschule für Technik",Germany,DE,Karlsruhe,49.00937,8.40444,COMP,Comprehensive (multi-field),Generalista (multidisciplinare),COMP,name-heuristic,fh-karlsruhe.de,http://www.fh-karlsruhe.de/,,,,,,,
660,"Fachhochschule Kempten, Hochschule für Technik und Wirtschaft",Germany,DE,Kempten (Allgäu),47.72674,10.31389,BUS,"Business, Economics & Management",Economia e Management,BUS,name-heuristic,fh-kempten.de,http://www.fh-Kempten.de/,,,,,,,
661,Fachhochschule Kiel,Germany,DE,Kiel,54.32133,10.13489,COMP,Comprehensive (multi-field),Generalista (multidisciplinare),AGR|ARC|ART|BUS|EDU|ENG|HUM|ICT|LAW|MED|SCI|SOC,ETER,fh-kiel.de,http://www.fh-kiel.de/,,,,,,,
662,Fachhochschule Kaiserslautern,Germany,DE,Kaiserslautern,49.443,7.77161,COMP,Comprehensive (multi-field),Generalista (multidisciplinare),COMP,name-heuristic,fh-kl.de,http://www.fh-kl.de/,,,,,,,
663,Fachhochschule Koblenz,Germany,DE,Koblenz,50.35357,7.57883,COMP,Comprehensive (multi-field),Generalista (multidisciplinare),ARC|ART|BUS|EDU|ENG|HUM|ICT|LAW|MED|SCI|SOC,ETER,fh-koblenz.de,http://www.fh-koblenz.de/,,,,,,,
664,Technische Hochschule Köln,Germany,DE,Köln,50.93333,6.95,ENG,Engineering & Technology,Ingegneria e Tecnologia,ENG,name-heuristic,th-koeln.de,https://www.th-koeln.de/,,,,,,,
665,"Fachhochschule Konstanz, Hochschule für Technik, Wirtschaft und Gestaltung",Germany,DE,Konstanz,47.66033,9.17582,BUS,"Business, Economics & Management",Economia e Management,BUS,name-heuristic,fh-konstanz.de,http://www.fh-konstanz.de/,,,,,,,
666,Staatlich anerkannte Fachhochschule für Kunsttherapie,Germany,DE,,,,ART,"Arts, Design & Music","Arte, Design e Musica",ART,name-heuristic,fhkt.de,http://www.fhkt.de/,,,,,,,
667,"Fachhochschule Landshut, Hochschule für Wirtschaft - Sozialwesen - Technik",Germany,DE,Landshut,48.52961,12.16179,BUS,"Business, Economics & Management",Economia e Management,BUS,name-heuristic,fh-landshut.de,http://www.fh-landshut.de/,,,,,,,
668,Fachhochschule Lausitz,Germany,DE,,,,COMP,Comprehensive (multi-field),Generalista (multidisciplinare),COMP,name-heuristic,fh-lausitz.de,http://www.fh-lausitz.de/,,,,,,,
669,Fachhochschule Lippe,Germany,DE,,,,COMP,Comprehensive (multi-field),Generalista (multidisciplinare),COMP,name-heuristic,fh-lippe.de,http://www.fh-lippe.de/,,,,,,,
670,"Fachhochschule Ludwigshafen, Hochschule für Wirtschaft",Germany,DE,Ludwigshafen am Rhein,49.48121,8.44641,BUS,"Business, Economics & Management",Economia e Management,BUS,name-heuristic,fh-ludwigshafen.de,http://www.fh-ludwigshafen.de/,,,,,,,
671,Fachhochschule Lübeck,Germany,DE,Lübeck,53.86893,10.68729,COMP,Comprehensive (multi-field),Generalista (multidisciplinare),ARC|ART|BUS|EDU|ENG|HUM|ICT|LAW|MED|SCI|SOC,ETER,fh-luebeck.de,http://www.fh-luebeck.de/,,,,,,,
672,Fachhochschule Mainz,Germany,DE,Mainz,49.98185,8.28008,COMP,Comprehensive (multi-field),Generalista (multidisciplinare),ARC|ART|BUS|EDU|ENG|HUM|ICT|LAW,ETER,fh-mainz.de,http://www.fh-mainz.de/,,,,,,,
673,"Fachhochschule Mannheim, Hochschule für Technik und Gestaltung",Germany,DE,Mannheim,49.4891,8.46694,COMP,Comprehensive (multi-field),Generalista (multidisciplinare),COMP,name-heuristic,fh-mannheim.de,http://www.fh-mannheim.de/,,,,,,,
674,Fachhochschule Merseburg,Germany,DE,Merseburg,51.35478,11.98923,COMP,Comprehensive (multi-field),Generalista (multidisciplinare),AGR|ARC|ART|BUS|EDU|ENG|HUM|ICT|LAW|MED|SCI|SOC,ETER,fh-merseburg.de,http://www.fh-merseburg.de/,,,,,,,
675,Fachhochschule des Mittelstandes (FHM),Germany,DE,,,,COMP,Comprehensive (multi-field),Generalista (multidisciplinare),COMP,name-heuristic,fhm-mittelstand.de,http://www.fhm-mittelstand.de/,,,,,,,
676,Fachhochschule München,Germany,DE,Munich,48.13743,11.57549,COMP,Comprehensive (multi-field),Generalista (multidisciplinare),COMP,name-heuristic,fh-muenchen.de,http://www.fh-muenchen.de/,,,,,,,
677,Hochschule München,Germany,DE,Munich,48.13743,11.57549,COMP,Comprehensive (multi-field),Generalista (multidisciplinare),COMP,name-heuristic,hm.edu,http://www.hm.edu/,,,,,,,
678,Fachhochschule Münster,Germany,DE,Münster,51.96236,7.62571,COMP,Comprehensive (multi-field),Generalista (multidisciplinare),ARC|ART|BUS|EDU|ENG|HUM|ICT|LAW|MED|SCI|SOC,ETER,fh-muenster.de,http://www.fh-muenster.de/,,,,,,,
679,Fachhochschule Neubrandenburg,Germany,DE,Neubrandenburg,53.55735,13.26105,COMP,Comprehensive (multi-field),Generalista (multidisciplinare),AGR|ARC|BUS|EDU|ENG|LAW|MED|SCI|SOC,ETER,fh-nb.de,http://www.fh-nb.de/,,,,,,,
680,"Hochschule Neu-Ulm, Hochschule Neu-Ulm University of applied sciences",Germany,DE,Neu-Ulm,48.39279,10.01112,COMP,Comprehensive (multi-field),Generalista (multidisciplinare),BUS|EDU|ICT|LAW|MED|SCI,ETER,hs-neu-ulm.de,http://www.hs-neu-ulm.de/,,,,,,,
681,Fachhochschule Niederrhein,Germany,DE,,,,COMP,Comprehensive (multi-field),Generalista (multidisciplinare),COMP,name-heuristic,fh-niederrhein.de,http://www.fh-niederrhein.de/,,,,,,,
682,Fachhochschule Nordostniedersachsen,Germany,DE,,,,COMP,Comprehensive (multi-field),Generalista (multidisciplinare),COMP,name-heuristic,fhnon.de,http://www.fhnon.de/,,,,,,,
683,Fachhochschule Nordhausen,Germany,DE,Nordhausen,51.5018,10.7957,COMP,Comprehensive (multi-field),Generalista (multidisciplinare),ARC|ART|BUS|EDU|ENG|HUM|ICT|LAW|MED,ETER,fh-nordhausen.de,http://www.fh-nordhausen.de/,,,,,,,
684,Georg-Simon-Ohm-Fachhochschule Nürnberg,Germany,DE,Nuremberg,49.45421,11.07752,COMP,Comprehensive (multi-field),Generalista (multidisciplinare),AGR|ARC|ART|BUS|EDU|ENG|HUM|ICT|LAW|MED|SCI|SOC,ETER,fh-nuernberg.de,http://www.fh-nuernberg.de/,,,,,,,
685,"Fachhochschule Nürtingen, Hochschule für Wirtschaft, Landwirtschaft und Landespflege",Germany,DE,Nürtingen,48.62565,9.34203,BUS,"Business, Economics & Management",Economia e Management,BUS,name-heuristic,fh-nuertingen.de,http://www.fh-nuertingen.de/,,,,,,,
686,Fachhochschule für das öffentliche Bibliothekswesen Bonn,Germany,DE,Bonn,50.73438,7.09549,COMP,Comprehensive (multi-field),Generalista (multidisciplinare),COMP,name-heuristic,fhoebb.de,http://www.fhoebb.de/,,,,,,,
687,"Fachhochschule Offenburg, Hochschule für Technik und Wirtschaft",Germany,DE,Offenburg,48.47377,7.94495,BUS,"Business, Economics & Management",Economia e Management,BUS,name-heuristic,fh-offenburg.de,http://www.fh-offenburg.de/,,,,,,,
688,Fachhochschule Oldenburg/Ostfriesland/Wilhelmshaven,Germany,DE,Oldenburg,53.14039,8.21479,COMP,Comprehensive (multi-field),Generalista (multidisciplinare),COMP,name-heuristic,fh-oow.de,http://www.fh-oow.de/,,,,,,,
689,Fachhochschule Osnabrück,Germany,DE,Osnabrück,52.27264,8.0498,COMP,Comprehensive (multi-field),Generalista (multidisciplinare),COMP,name-heuristic,fh-osnabrueck.de,http://www.fh-osnabrueck.de/,,,,,,,
690,Freie Kunst-Studienstätte Ottersberg,Germany,DE,,,,ART,"Arts, Design & Music","Arte, Design e Musica",ART,name-heuristic,fh-ottersberg.de,http://www.fh-ottersberg.de/,,,,,,,
691,"Fachhochschule Pforzheim, Hochschule für Gestaltung, Technik und Wirtschaft",Germany,DE,Pforzheim,48.88436,8.69892,BUS,"Business, Economics & Management",Economia e Management,BUS,name-heuristic,fh-pforzheim.de,http://www.fh-pforzheim.de/,,,,,,,
692,Fachhochschule Potsdam,Germany,DE,Potsdam,52.39886,13.06566,COMP,Comprehensive (multi-field),Generalista (multidisciplinare),COMP,name-heuristic,fh-potsdam.de,http://www.fh-potsdam.de/,,,,,,,
693,Fachhochschule Regensburg,Germany,DE,Regensburg,49.01513,12.10161,COMP,Comprehensive (multi-field),Generalista (multidisciplinare),COMP,name-heuristic,fh-regensburg.de,http://www.fh-regensburg.de/,,,,,,,
694,"Fachhochschule Reutlingen, Hochschule für Technik und Wirtschaft",Germany,DE,Reutlingen,48.49144,9.20427,BUS,"Business, Economics & Management",Economia e Management,BUS,name-heuristic,fh-reutlingen.de,http://www.fh-reutlingen.de/,,,,,,,
695,"Deutsch-Ordens Fachhochschule Riedlingen, Hochschule für Wirtschaft",Germany,DE,,,,BUS,"Business, Economics & Management",Economia e Management,BUS,name-heuristic,fh-riedlingen.de,http://www.fh-riedlingen.de/,,,,,,,
696,"Fachhochschule Rosenheim, Hochschule für Technik und Wirtschaft",Germany,DE,Rosenheim,47.85637,12.12247,BUS,"Business, Economics & Management",Economia e Management,BUS,name-heuristic,fh-rosenheim.de,http://www.fh-rosenheim.de/,,,,,,,
697,"Fachhochschule Rottenburg, Hochschule für Forstwirtschaft",Germany,DE,Rottenburg,48.47629,8.93528,BUS,"Business, Economics & Management",Economia e Management,BUS,name-heuristic,fh-rottenburg.de,http://www.fh-rottenburg.de/,,,,,,,
698,Fachhochschule Schmalkalden,Germany,DE,Schmalkalden,50.72136,10.44386,COMP,Comprehensive (multi-field),Generalista (multidisciplinare),ARC|BUS|EDU|ENG|ICT|LAW|SOC,ETER,fh-schmalkalden.de,http://www.fh-schmalkalden.de/,,,,,,,
699,"Fachhochschule Schwäbisch Hall, Hochschule für Gestaltung",Germany,DE,Schwäbisch Hall,49.11127,9.73908,COMP,Comprehensive (multi-field),Generalista (multidisciplinare),COMP,name-heuristic,fh-schwaebischhall.de,http://www.fh-schwaebischhall.de/,,,,,,,
700,"Fachhochschule Mannheim, Hochschule für Sozialwesen",Germany,DE,Mannheim,49.4891,8.46694,COMP,Comprehensive (multi-field),Generalista (multidisciplinare),COMP,name-heuristic,fhs-mannheim.de,http://www.fhs-mannheim.de/,,,,,,,
701,"Evangelische Fachhochschule für Religionspädagogik, und Gemeindediakonie Moritzburg",Germany,DE,,,,COMP,Comprehensive (multi-field),Generalista (multidisciplinare),COMP,name-heuristic,fhs-moritzburg.de,http://www.fhs-moritzburg.de/,,,,,,,
702,Fachhochschule Stralsund,Germany,DE,Stralsund,54.30911,13.0818,COMP,Comprehensive (multi-field),Generalista (multidisciplinare),ARC|BUS|ENG|ICT|LAW,ETER,fh-stralsund.de,http://www.fh-stralsund.de/,,,,,,,
703,Deutsche Telekom Fachhochschule Leipzig,Germany,DE,Leipzig,51.33962,12.37129,COMP,Comprehensive (multi-field),Generalista (multidisciplinare),COMP,name-heuristic,fh-telekom-leipzig.de,http://www.fh-telekom-leipzig.de/,,,,,,,
704,"Fachhochschule Trier, Hochschule für Technik, Wirtschaft und Gestaltung",Germany,DE,Trier,49.75565,6.63935,BUS,"Business, Economics & Management",Economia e Management,BUS,name-heuristic,fh-trier.de,http://www.fh-trier.de/,,,,,,,
705,"Fachhochschule Stuttgart, Hochschule für Technik",Germany,DE,Stuttgart,48.78232,9.17702,COMP,Comprehensive (multi-field),Generalista (multidisciplinare),COMP,name-heuristic,fht-stuttgart.de,http://www.fht-stuttgart.de/,,,,,,,
706,Hochschule für Technik und Wirtschaft Berlin,Germany,DE,Berlin,52.52437,13.41053,BUS,"Business, Economics & Management",Economia e Management,BUS,name-heuristic,fhtw-berlin.de,https://www.htw-berlin.de/,,,,,,,
707,"Hochschule Ulm, Hochschule für Angewandte Wissenschaft",Germany,DE,,,,COMP,Comprehensive (multi-field),Generalista (multidisciplinare),COMP,name-heuristic,hs-ulm.de,http://www.hs-ulm.de/,,,,,,,
708,Fachhochschule für Verwaltung und Rechtspflege Berlin,Germany,DE,Berlin,52.52437,13.41053,COMP,Comprehensive (multi-field),Generalista (multidisciplinare),COMP,name-heuristic,fhvr.berlin.de,http://www.fhvr.berlin.de/,,,,,,,
709,Fachhochschule für Wirtschaft Berlin,Germany,DE,Berlin,52.52437,13.41053,BUS,"Business, Economics & Management",Economia e Management,BUS,name-heuristic,fhw-berlin.de,http://www.fhw-berlin.de/,,,,,,,
710,Fachhochschule Wedel,Germany,DE,Wedel,53.58374,9.69835,COMP,Comprehensive (multi-field),Generalista (multidisciplinare),BUS|ICT|LAW,ETER,fh-wedel.de,http://www.fh-wedel.de/,,,,,,,
711,Fachhochschule Weihenstephan,Germany,DE,,,,COMP,Comprehensive (multi-field),Generalista (multidisciplinare),COMP,name-heuristic,fh-weihenstephan.de,http://www.fh-weihenstephan.de/,,,,,,,
712,Fachhochschule Ravensburg-Weingarten,Germany,DE,Ravensburg,47.78198,9.61062,COMP,Comprehensive (multi-field),Generalista (multidisciplinare),ARC|ART|BUS|EDU|ENG|HUM|ICT|LAW|MED|SOC,ETER,fh-weingarten.de,http://www.fh-weingarten.de/,,,,,,,
713,"Fachhochschule Westküste, Hochschule für Wirtschaft und Technik",Germany,DE,,,,BUS,"Business, Economics & Management",Economia e Management,BUS,name-heuristic,fh-westkueste.de,http://www.fh-westkueste.de/,,,,,,,
714,Fachhochschule Wiesbaden,Germany,DE,Wiesbaden,50.08601,8.24435,COMP,Comprehensive (multi-field),Generalista (multidisciplinare),COMP,name-heuristic,fh-wiesbaden.de,http://www.fh-wiesbaden.de/,,,,,,,
715,Ostfalia Hochschule für angewandte Wissenschaften,Germany,DE,,,,COMP,Comprehensive (multi-field),Generalista (multidisciplinare),COMP,name-heuristic,ostfalia.de,https://www.ostfalia.de/,,,,,,,
716,Fachhochschule Worms,Germany,DE,Worms,49.63278,8.35916,COMP,Comprehensive (multi-field),Generalista (multidisciplinare),BUS|ICT|LAW,ETER,fh-worms.de,http://www.fh-worms.de/,,,,,,,
717,Private Fachhochschule für Wirtschaft und Technik Vechta/Diepholz,Germany,DE,Vechta,52.72632,8.28598,BUS,"Business, Economics & Management",Economia e Management,ARC|BUS|ENG|ICT|LAW,ETER,fhwt.de,http://www.fhwt.de/,,,,,,,
718,Fachhochschule Würzburg - Schweinfurt,Germany,DE,Würzburg,49.79391,9.95121,COMP,Comprehensive (multi-field),Generalista (multidisciplinare),ARC|ART|BUS|EDU|ENG|HUM|ICT|LAW|MED|SCI|SOC,ETER,fh-wuerzburg.de,http://www.fh-wuerzburg.de/,,,,,,,
719,Westsächsische Hochschule Zwickau (FH),Germany,DE,Zwickau,50.72724,12.48839,COMP,Comprehensive (multi-field),Generalista (multidisciplinare),COMP,name-heuristic,fh-zwickau.de,http://www.fh-zwickau.de/,,,,,,,
720,Fachhochschule für Oekonomie und Management (FOM),Germany,DE,,,,BUS,"Business, Economics & Management",Economia e Management,BUS,name-heuristic,fom.de,http://www.fom.de/,,,,,,,
721,Freie Universität Berlin,Germany,DE,Berlin,52.52437,13.41053,COMP,Comprehensive (multi-field),Generalista (multidisciplinare),COMP,name-heuristic,fu-berlin.de,http://www.fu-berlin.de/,,,,,,,
722,Private Hanseuniversität,Germany,DE,,,,COMP,Comprehensive (multi-field),Generalista (multidisciplinare),COMP,name-heuristic,hanseuni.de,http://www.hanseuni.de/,,,,,,,
723,Hafencity Universität Hamburg,Germany,DE,Hamburg,53.55073,9.99302,COMP,Comprehensive (multi-field),Generalista (multidisciplinare),AGR|ARC|ART|BUS|EDU|ENG|HUM|ICT|LAW|MED|SCI|SOC,ETER,hcu-hamburg.de,http://www.hcu-hamburg.de/,,,,,,,
724,"Fachhochschule Stuttgart, Hochschule der Medien",Germany,DE,Stuttgart,48.78232,9.17702,COMP,Comprehensive (multi-field),Generalista (multidisciplinare),COMP,name-heuristic,hdm-stuttgart.de,http://www.hdm-stuttgart.de/,,,,,,,
725,Hertie School of Governance,Germany,DE,,,,COMP,Comprehensive (multi-field),Generalista (multidisciplinare),AGR|ARC|ART|BUS|EDU|ENG|HUM|ICT|LAW|MED|SCI|SOC,ETER,hertie-school.org,http://www.hertie-school.org/,,,,,,,
726,"Hochschule für Bankwirtschaft (HfB), Private Fachhochschule der Bankakademie",Germany,DE,,,,BUS,"Business, Economics & Management",Economia e Management,BUS,name-heuristic,hfb.de,http://www.hfb.de/,,,,,,,
727,"Fachhochschule Schwäbisch Gmünd, Hochschule für Gestaltung",Germany,DE,Schwäbisch Gmünd,48.79947,9.79809,COMP,Comprehensive (multi-field),Generalista (multidisciplinare),COMP,name-heuristic,hfg-gmuend.de,http://www.hfg-gmuend.de/,,,,,,,
728,Hochschule für Philosophie München,Germany,DE,Munich,48.13743,11.57549,COMP,Comprehensive (multi-field),Generalista (multidisciplinare),COMP,name-heuristic,hfph.mwn.de,http://www.hfph.mwn.de/,,,,,,,
729,Hochschule für Politik (HFP),Germany,DE,,,,COMP,Comprehensive (multi-field),Generalista (multidisciplinare),COMP,name-heuristic,hfp.mhn.de,http://www.hfp.mhn.de/,,,,,,,
730,Handelshochschule Leipzig,Germany,DE,Leipzig,51.33962,12.37129,BUS,"Business, Economics & Management",Economia e Management,BUS,name-heuristic,hhl.de,http://www.hhl.de/,,,,,,,
731,Hochschule für Internationales Management,Germany,DE,,,,BUS,"Business, Economics & Management",Economia e Management,BUS,name-heuristic,himh.de,http://www.himh.de/,,,,,,,
732,Hochschule für Jüdische Studien Heidelberg,Germany,DE,Heidelberg,49.40768,8.69079,COMP,Comprehensive (multi-field),Generalista (multidisciplinare),AGR|ARC|ART|BUS|EDU|ENG|HUM|ICT|LAW|MED|SCI|SOC,ETER,hjs.uni-heidelberg.de,http://www.hjs.uni-heidelberg.de/,,,,,,,
733,Hochschule Albstadt-Sigmaringen,Germany,DE,Albstadt,48.21644,9.02596,COMP,Comprehensive (multi-field),Generalista (multidisciplinare),ARC|BUS|EDU|ENG|ICT|LAW|SCI,ETER,hs-albsig.de,http://www.hs-albsig.de/,,,,,,,
734,"Hochschule Anhalt (FH), Hochschule für angewandte Wissenschaften",Germany,DE,,,,COMP,Comprehensive (multi-field),Generalista (multidisciplinare),COMP,name-heuristic,hs-anhalt.de,http://www.hs-anhalt.de/,,,,,,,
735,Hochschule Bremen,Germany,DE,Bremen,53.07582,8.80717,COMP,Comprehensive (multi-field),Generalista (multidisciplinare),ARC|ART|BUS|EDU|ENG|HUM|ICT|LAW|MED|SCI|SOC,ETER,hs-bremen.de,http://www.hs-bremen.de/,301–350,51.6,39.7,39.6,72.3,63.0,78.9
736,Hochschule Bremerhaven,Germany,DE,Bremerhaven,53.55357,8.57553,COMP,Comprehensive (multi-field),Generalista (multidisciplinare),AGR|ARC|ART|BUS|EDU|ENG|HUM|ICT|LAW|MED|SCI|SOC,ETER,hs-bremerhaven.de,http://www.hs-bremerhaven.de/,,,,,,,
737,Hochschule Coburg,Germany,DE,Coburg,50.25937,10.96384,COMP,Comprehensive (multi-field),Generalista (multidisciplinare),ARC|ART|BUS|EDU|ENG|HUM|ICT|LAW|MED|SCI,ETER,hs-coburg.de,http://www.hs-coburg.de/,,,,,,,
738,Hochschule Darmstadt,Germany,DE,Darmstadt,49.87167,8.65027,COMP,Comprehensive (multi-field),Generalista (multidisciplinare),ARC|ART|BUS|EDU|ENG|HUM|ICT|LAW|MED|SCI|SOC,ETER,h-da.de,https://www.h-da.de/,251–300,54.3,43.1,46.8,65.7,73.1,99.8
739,Hochschule Esslingen,Germany,DE,Esslingen,48.73961,9.30473,COMP,Comprehensive (multi-field),Generalista (multidisciplinare),ARC|BUS|EDU|ENG|ICT|LAW|MED|SCI,ETER,hs-esslingen.de,http://www.hs-esslingen.de/,,,,,,,
740,Hochschule Fulda,Germany,DE,Fulda,50.55162,9.67518,COMP,Comprehensive (multi-field),Generalista (multidisciplinare),AGR|ARC|BUS|EDU|ENG|ICT|LAW|MED|SOC,ETER,hs-fulda.de,http://www.hs-fulda.de/,,,,,,,
741,"Hochschule Harz, Hochschule für angewandte Wissenschaften (FH)",Germany,DE,,,,COMP,Comprehensive (multi-field),Generalista (multidisciplinare),COMP,name-heuristic,hs-harz.de,http://www.hs-harz.de/,,,,,,,
742,Hochschule Magdeburg-Stendal (FH),Germany,DE,Magdeburg,52.13129,11.63189,COMP,Comprehensive (multi-field),Generalista (multidisciplinare),ARC|ART|BUS|EDU|ENG|HUM|LAW|MED|SCI|SOC,ETER,hs-magdeburg.de,http://www.hs-magdeburg.de/,,,,,,,
743,"Hochschule Wismar, Fachhochschule für Technik, Wirtschaft und Gestaltung",Germany,DE,Wismar,53.89218,11.45563,BUS,"Business, Economics & Management",Economia e Management,BUS,name-heuristic,hs-wismar.de,http://www.hs-wismar.de/,,,,,,,
744,Hochschule Zittau/Görlitz (FH),Germany,DE,Görlitz,51.15518,14.98853,COMP,Comprehensive (multi-field),Generalista (multidisciplinare),AGR|ARC|ART|BUS|EDU|ENG|HUM|ICT|LAW|MED|SCI|SOC,ETER,hs-zigr.de,http://www.hs-zigr.de/,,,,,,,
745,Hochschule für Technik und Wirtschaft Dresden (FH),Germany,DE,Dresden,51.05089,13.73832,BUS,"Business, Economics & Management",Economia e Management,BUS,name-heuristic,htw-dresden.de,http://www.htw-dresden.de/,,,,,,,
746,"Hochschule für Technik, Wirtschaft und Kultur Leipzig (FH)",Germany,DE,Leipzig,51.33962,12.37129,BUS,"Business, Economics & Management",Economia e Management,BUS,name-heuristic,htwk-leipzig.de,http://www.htwk-leipzig.de/,,,,,,,
747,"Hochschule Mittweida, University of Applied Sciences",Germany,DE,Mittweida,50.98622,12.97537,COMP,Comprehensive (multi-field),Generalista (multidisciplinare),AGR|ARC|ART|BUS|EDU|ENG|HUM|ICT|LAW|MED|SCI|SOC,ETER,htwm.de,http://www.htwm.de/,,,,,,,
748,Hochschule für Technik und Wirtschaft des Saarlandes,Germany,DE,,,,BUS,"Business, Economics & Management",Economia e Management,BUS,name-heuristic,htw-saarland.de,http://www.htw-saarland.de/,,,,,,,
749,Humboldt Universität Berlin,Germany,DE,Berlin,52.52437,13.41053,COMP,Comprehensive (multi-field),Generalista (multidisciplinare),AGR|ARC|ART|BUS|EDU|ENG|HUM|ICT|LAW|SCI|SOC,ETER,hu-berlin.de,http://www.hu-berlin.de/,89,67.2,52.6,60.6,85.5,77.6,65.9
750,HWP - Hamburger Universität für Wirtschaft und Politik,Germany,DE,,,,BUS,"Business, Economics & Management",Economia e Management,BUS,name-heuristic,hwp-hamburg.de,http://www.hwp-hamburg.de/,,,,,,,
751,Internationales Hochschulinstitut Zittau,Germany,DE,Zittau,50.89772,14.80764,COMP,Comprehensive (multi-field),Generalista (multidisciplinare),COMP,name-heuristic,ihi-zittau.de,http://www.ihi-zittau.de/,,,,,,,
752,Internationale Fachhochschule Aalen,Germany,DE,Aalen,48.83777,10.0933,COMP,Comprehensive (multi-field),Generalista (multidisciplinare),COMP,name-heuristic,international.fh-aalen.de,http://www.international.fh-aalen.de/,,,,,,,
753,International School of Management ISM Dortmund,Germany,DE,Dortmund,51.51494,7.466,BUS,"Business, Economics & Management",Economia e Management,BUS|ICT|LAW|SOC,ETER,ism-dortmund.de,http://www.ism-dortmund.de/,,,,,,,
754,"International School of New Media, University of Lübeck",Germany,DE,Lübeck,53.86893,10.68729,COMP,Comprehensive (multi-field),Generalista (multidisciplinare),COMP,name-heuristic,isnm.de,http://www.isnm.de/,,,,,,,
755,International University in Germany,Germany,DE,,,,COMP,Comprehensive (multi-field),Generalista (multidisciplinare),COMP,name-heuristic,i-u.de,http://www.i-u.de/,,,,,,,
756,Jacobs University Bremen,Germany,DE,Bremen,53.07582,8.80717,COMP,Comprehensive (multi-field),Generalista (multidisciplinare),ARC|ART|BUS|EDU|ENG|HUM|ICT|LAW|SCI|SOC,ETER,jacobs-university.de,http://www.jacobs-university.de/,,,,,,,
757,Karlshochschule International University,Germany,DE,,,,COMP,Comprehensive (multi-field),Generalista (multidisciplinare),AGR|ARC|ART|BUS|EDU|ENG|HUM|ICT|LAW|MED|SCI|SOC,ETER,karlshochschule.de,http://www.karlshochschule.de/,,,,,,,
758,Katholische Fachhochschule Norddeutschland,Germany,DE,,,,COMP,Comprehensive (multi-field),Generalista (multidisciplinare),COMP,name-heuristic,kath-fh-nord.de,http://www.kath-fh-nord.de/,,,,,,,
759,Katholische Fachhochschule Berlin (KFB),Germany,DE,Berlin,52.52437,13.41053,COMP,Comprehensive (multi-field),Generalista (multidisciplinare),COMP,name-heuristic,kfb-berlin.de,http://www.kfb-berlin.de/,,,,,,,
760,"Katholische Fachhochschule Freiburg, Hochschule für Sozialwesen, Religionspädagogik und Pflege",Germany,DE,Freiburg,47.9959,7.85222,COMP,Comprehensive (multi-field),Generalista (multidisciplinare),COMP,name-heuristic,kfh-freiburg.de,http://www.kfh-Freiburg.de/,,,,,,,
761,Katholische Fachhochschule Mainz,Germany,DE,Mainz,49.98185,8.28008,COMP,Comprehensive (multi-field),Generalista (multidisciplinare),COMP,name-heuristic,kfh-mainz.de,http://www.kfh-mainz.de/,,,,,,,
762,Katholische Fachhochschule Nordrhein-Westfalen,Germany,DE,,,,COMP,Comprehensive (multi-field),Generalista (multidisciplinare),COMP,name-heuristic,kfhnw.de,http://www.kfhnw.de/,,,,,,,
763,"Kunsthochschule Berlin-Weissensee, Hochschule für Gestaltung",Germany,DE,Berlin,52.52437,13.41053,ART,"Arts, Design & Music","Arte, Design e Musica",ART,name-heuristic,kh-berlin.de,http://www.kh-berlin.de/,,,,,,,
764,Katholische Hochschule für Soziale Arbeit Saarbrücken,Germany,DE,Saarbrücken,49.23262,7.00982,COMP,Comprehensive (multi-field),Generalista (multidisciplinare),COMP,name-heuristic,khsa.de,http://www.khsa.de/,,,,,,,
765,Katholische Stiftungsfachhochschule München,Germany,DE,Munich,48.13743,11.57549,COMP,Comprehensive (multi-field),Generalista (multidisciplinare),ART|BUS|EDU|HUM|LAW|MED,ETER,ksfh.de,http://www.ksfh.de/,,,,,,,
766,Katholische Universität Eichstätt,Germany,DE,,,,COMP,Comprehensive (multi-field),Generalista (multidisciplinare),COMP,name-heuristic,ku-eichstaett.de,http://www.ku-eichstaett.de/,,,,,,,
767,Kunstakademie Düsseldorf.,Germany,DE,Düsseldorf,51.22319,6.77927,ART,"Arts, Design & Music","Arte, Design e Musica",ARC|ART|EDU|ENG|HUM,ETER,kunstakademie-duesseldorf.de,http://www.kunstakademie-duesseldorf.de/,,,,,,,
768,Merkur Internationale FH Karlsruhe,Germany,DE,Karlsruhe,49.00937,8.40444,COMP,Comprehensive (multi-field),Generalista (multidisciplinare),COMP,name-heuristic,merkur-fh.org,http://www.merkur-fh.org/,,,,,,,
769,"Merz Akademie, Hochschule für Gestaltung Stuttgart",Germany,DE,Stuttgart,48.78232,9.17702,COMP,Comprehensive (multi-field),Generalista (multidisciplinare),ART|HUM,ETER,merz-akademie.de,http://www.merz-akademie.de/,,,,,,,
770,Märkische Fachhochschule Iserlohn,Germany,DE,Iserlohn,51.37547,7.70281,COMP,Comprehensive (multi-field),Generalista (multidisciplinare),COMP,name-heuristic,mfh-iserlohn.de,http://www.mfh-iserlohn.de/,,,,,,,
771,Medizinische Hochschule Hannover,Germany,DE,Hannover,52.37052,9.73322,MED,Medicine & Health,Medicina e Salute,MED,name-heuristic,mh-hannover.de,http://www.mh-hannover.de/,Reporter,,,,,,
772,Staatliche Hochschule für Musik,Germany,DE,,,,ART,"Arts, Design & Music","Arte, Design e Musica",ART,name-heuristic,mh-trossingen.de,http://www.mh-trossingen.de/,,,,,,,
773,Medizinische Universität Lübeck,Germany,DE,Lübeck,53.86893,10.68729,MED,Medicine & Health,Medicina e Salute,MED,name-heuristic,mu-luebeck.de,http://www.mu-luebeck.de/,,,,,,,
774,"Muthesius-Hochschule, Fachhochschule für Kunst und Gestaltung",Germany,DE,,,,ART,"Arts, Design & Music","Arte, Design e Musica",ART,name-heuristic,muthesius.de,http://www.muthesius.de/,,,,,,,
775,"Nordakademie, Staatlich anerkannte private Fachhochschule mit dualen Studiengängen",Germany,DE,,,,COMP,Comprehensive (multi-field),Generalista (multidisciplinare),COMP,name-heuristic,nordakademie.de,http://www.nordakademie.de/,,,,,,,
776,Theologische Fakultät Paderborn,Germany,DE,Paderborn,51.71905,8.75439,THEO,Theology & Religious Studies,Teologia e Studi Religiosi,THEO,name-heuristic,paderborn.de,http://www.paderborn.de/,,,,,,,
777,Private Fachhochschule Göttingen,Germany,DE,Göttingen,51.53443,9.93228,COMP,Comprehensive (multi-field),Generalista (multidisciplinare),COMP,name-heuristic,pfh-goettingen.de,http://www.pfh-goettingen.de/,,,,,,,
778,Pädagogische Hochschule Erfurt/Mühlhausen,Germany,DE,Erfurt,50.97734,11.03536,COMP,Comprehensive (multi-field),Generalista (multidisciplinare),COMP,name-heuristic,ph-erfurt.de,http://www.ph-erfurt.de/,,,,,,,
779,Pädagogische Hochschule Freiburg,Germany,DE,Freiburg,47.9959,7.85222,COMP,Comprehensive (multi-field),Generalista (multidisciplinare),COMP,name-heuristic,ph-freiburg.de,http://www.ph-freiburg.de/,,,,,,,
780,Pädagogische Hochschule Schwäbisch Gmünd,Germany,DE,Schwäbisch Gmünd,48.79947,9.79809,COMP,Comprehensive (multi-field),Generalista (multidisciplinare),AGR|ARC|ART|BUS|EDU|ENG|HUM|ICT|LAW|MED|SCI|SOC,ETER,ph-gmuend.de,http://www.ph-gmuend.de/,,,,,,,
781,Pädagogische Hochschule Heidelberg,Germany,DE,Heidelberg,49.40768,8.69079,COMP,Comprehensive (multi-field),Generalista (multidisciplinare),COMP,name-heuristic,ph-heidelberg.de,http://www.ph-heidelberg.de/,,,,,,,
782,Philosophisch-Theologische Hochschule SVD Sankt Augustin,Germany,DE,Sankt Augustin,50.77538,7.197,THEO,Theology & Religious Studies,Teologia e Studi Religiosi,AGR|ARC|ART|BUS|EDU|ENG|HUM|ICT|LAW|MED|SCI|SOC,ETER,philtheol-augustin.de,http://www.philtheol-augustin.de/,,,,,,,
783,Pädagogische Hochschule Karlsruhe,Germany,DE,Karlsruhe,49.00937,8.40444,COMP,Comprehensive (multi-field),Generalista (multidisciplinare),AGR|ARC|ART|BUS|EDU|ENG|HUM|ICT|LAW|MED|SCI|SOC,ETER,ph-karlsruhe.de,http://www.ph-karlsruhe.de/,,,,,,,
784,Pädagogische Hochschule Ludwigsburg,Germany,DE,Ludwigsburg,48.89731,9.19161,COMP,Comprehensive (multi-field),Generalista (multidisciplinare),ART|BUS|EDU|HUM|ICT|LAW|SCI|SOC,ETER,ph-ludwigsburg.de,http://www.ph-ludwigsburg.de/,,,,,,,
785,Pädagogische Hochschule Weingarten,Germany,DE,Weingarten,47.81009,9.63863,COMP,Comprehensive (multi-field),Generalista (multidisciplinare),ARC|ART|BUS|EDU|ENG|HUM|ICT|LAW|SCI|SOC,ETER,ph-weingarten.de,http://www.ph-weingarten.de/,,,,,,,
786,Popakademie Baden-Württemberg,Germany,DE,Baden-Baden,48.7606,8.23975,COMP,Comprehensive (multi-field),Generalista (multidisciplinare),COMP,name-heuristic,popakademie.de,http://www.popakademie.de/,,,,,,,
787,Private FernFachhochschule Darmstadt,Germany,DE,Darmstadt,49.87167,8.65027,COMP,Comprehensive (multi-field),Generalista (multidisciplinare),COMP,name-heuristic,privatfh-da.de,http://www.privatfh-da.de/,,,,,,,
788,Philosophisch-Theologische Hochschule der Salesianer Don Boscos,Germany,DE,,,,THEO,Theology & Religious Studies,Teologia e Studi Religiosi,THEO,name-heuristic,pth-bb.de,http://www.pth-bb.de/,,,,,,,
789,Philosophisch-Theologische Hochschule Münster,Germany,DE,Münster,51.96236,7.62571,THEO,Theology & Religious Studies,Teologia e Studi Religiosi,THEO,name-heuristic,pth-muenster.de,http://www.pth-muenster.de/,,,,,,,
790,Philosophisch-Theologische Hochschule Vallendar der Gesellschaft des Katholischen Apostolates (Pallottiner),Germany,DE,,,,THEO,Theology & Religious Studies,Teologia e Studi Religiosi,THEO,name-heuristic,pthv.de,http://www.pthv.de/,,,,,,,
791,"Evangelische Fachhochschule für Sozialpädagogik der ""Diakonenanstalt des Rauhen Hauses"" Hamburg",Germany,DE,Hamburg,53.55073,9.99302,COMP,Comprehensive (multi-field),Generalista (multidisciplinare),COMP,name-heuristic,rauheshaus.de,http://www.rauheshaus.de/,,,,,,,
792,Rheinische Fachhochschule Köln,Germany,DE,Köln,50.93333,6.95,COMP,Comprehensive (multi-field),Generalista (multidisciplinare),COMP,name-heuristic,rfh-koeln.de,http://www.rfh-koeln.de/,,,,,,,
793,Ruhr-Universität Bochum,Germany,DE,Bochum,51.48165,7.21648,COMP,Comprehensive (multi-field),Generalista (multidisciplinare),ARC|ART|BUS|EDU|ENG|HUM|ICT|LAW|MED|SCI|SOC,ETER,ruhr-uni-bochum.de,http://www.ruhr-uni-bochum.de/,251–300,54.3,39.9,46.1,72.6,63.7,98.9
794,Rheinisch Westfälische Technische Hochschule Aachen,Germany,DE,Aachen,50.77664,6.08342,ENG,Engineering & Technology,Ingegneria e Tecnologia,ENG,name-heuristic,rwth-aachen.de,http://www.rwth-aachen.de/,,,,,,,
795,Lutherische Theologische Hochschule Oberursel,Germany,DE,Oberursel,50.20731,8.57747,THEO,Theology & Religious Studies,Teologia e Studi Religiosi,THEO,name-heuristic,selk.de,http://www.selk.de/,,,,,,,
796,Gustav-Siewerth-Akademie,Germany,DE,,,,COMP,Comprehensive (multi-field),Generalista (multidisciplinare),COMP,name-heuristic,siewerth-akademie.de,http://www.siewerth-akademie.de/,,,,,,,
797,"Schiller International University, Heidelberg",Germany,DE,Heidelberg,49.40768,8.69079,COMP,Comprehensive (multi-field),Generalista (multidisciplinare),COMP,name-heuristic,siu-heidelberg.de,http://www.siu-heidelberg.de/,,,,,,,
798,SRH University of Applied Sciences,Germany,DE,,,,COMP,Comprehensive (multi-field),Generalista (multidisciplinare),COMP,name-heuristic,srh-berlin.de,http://www.srh-berlin.de/,,,,,,,
799,Philosophisch-Theologische Hochschule Sankt Georgen,Germany,DE,,,,THEO,Theology & Religious Studies,Teologia e Studi Religiosi,THEO,name-heuristic,st-georgen.uni-frankfurt.de,http://www.st-georgen.uni-frankfurt.de/,,,,,,,
800,Steinbeis-Hochschule-Berlin,Germany,DE,Berlin,52.52437,13.41053,COMP,Comprehensive (multi-field),Generalista (multidisciplinare),AGR|ARC|ART|BUS|EDU|ENG|HUM|ICT|LAW|MED|SCI|SOC,ETER,stw.de,http://www.stw.de/,,,,,,,
801,Technische Fachhochschule Berlin,Germany,DE,Berlin,52.52437,13.41053,ENG,Engineering & Technology,Ingegneria e Tecnologia,AGR|ARC|ART|BUS|EDU|ENG|HUM|ICT|LAW|MED|SCI|SOC,ETER,tfh-berlin.de,http://www.tfh-berlin.de/,,,,,,,
802,"Technische Fachhochschule Georg Agricola für Rohstoff, Energie und, Umwelt zu Bochum",Germany,DE,Bochum,51.48165,7.21648,ENG,Engineering & Technology,Ingegneria e Tecnologia,ENG,name-heuristic,tfh-bochum.de,http://www.tfh-bochum.de/,,,,,,,
803,Technische Fachhochschule Wildau,Germany,DE,,,,ENG,Engineering & Technology,Ingegneria e Tecnologia,ENG,name-heuristic,tfh-wildau.de,http://www.tfh-wildau.de/,,,,,,,
804,Theologische Hochschule Friedensau,Germany,DE,,,,THEO,Theology & Religious Studies,Teologia e Studi Religiosi,THEO,name-heuristic,thh-friedensau.de,http://www.thh-friedensau.de/,,,,,,,
805,Tierärztliche Hochschule Hannover,Germany,DE,Hannover,52.37052,9.73322,COMP,Comprehensive (multi-field),Generalista (multidisciplinare),COMP,name-heuristic,tiho-hannover.de,http://www.tiho-hannover.de/,,,,,,,
806,Technische Universität Berlin,Germany,DE,Berlin,52.52437,13.41053,ENG,Engineering & Technology,Ingegneria e Tecnologia,AGR|ARC|ART|BUS|EDU|ENG|HUM|ICT|LAW|MED|SCI|SOC,ETER,tu-berlin.de,http://www.tu-berlin.de/,=160,61.0,45.2,52.8,77.8,70.3,95.2
807,Technische Universität Carolo-Wilhelmina zu Braunschweig,Germany,DE,Braunschweig,52.26594,10.52673,ENG,Engineering & Technology,Ingegneria e Tecnologia,ENG,name-heuristic,tu-braunschweig.de,https://www.tu-braunschweig.de/,,,,,,,
808,Technische Universität Chemnitz,Germany,DE,Chemnitz,50.8357,12.92922,ENG,Engineering & Technology,Ingegneria e Tecnologia,ARC|ART|BUS|EDU|ENG|HUM|ICT|LAW|SCI|SOC,ETER,tu-chemnitz.de,http://www.tu-chemnitz.de/,,,,,,,
809,Technische Universität Clausthal,Germany,DE,,,,ENG,Engineering & Technology,Ingegneria e Tecnologia,ENG,name-heuristic,tu-clausthal.de,http://www.tu-clausthal.de/,,,,,,,
810,Brandenburgische Technische Universität Cottbus,Germany,DE,Cottbus,51.75769,14.32888,ENG,Engineering & Technology,Ingegneria e Tecnologia,ENG,name-heuristic,tu-cottbus.de,http://www.tu-cottbus.de/,,,,,,,
811,Technische Universität Darmstadt,Germany,DE,Darmstadt,49.87167,8.65027,ENG,Engineering & Technology,Ingegneria e Tecnologia,ENG,name-heuristic,tu-darmstadt.de,https://www.tu-darmstadt.de/,,,,,,,
812,Technische Universität Dresden,Germany,DE,Dresden,51.05089,13.73832,ENG,Engineering & Technology,Ingegneria e Tecnologia,AGR|ARC|ART|BUS|EDU|ENG|HUM|ICT|LAW|MED|SCI|SOC,ETER,tu-dresden.de,http://www.tu-dresden.de/,,,,,,,
813,Technische Universität Bergakademie Freiberg,Germany,DE,Freiberg,50.91089,13.33881,ENG,Engineering & Technology,Ingegneria e Tecnologia,ARC|ART|BUS|EDU|ENG|HUM|ICT|LAW|SCI,ETER,tu-freiberg.de,http://www.tu-freiberg.de/,1001–1200,32.1,38.0,25.5,28.5,68.1,57.0
814,Technische Universität Hamburg,Germany,DE,Hamburg,53.55073,9.99302,ENG,Engineering & Technology,Ingegneria e Tecnologia,AGR|ARC|ART|BUS|EDU|ENG|HUM|ICT|LAW|MED|SCI|SOC,ETER,tuhh.de,http://www.tuhh.de/,=125,63.7,45.7,52.8,87.1,63.6,99.8
815,Technische Universität Ilmenau,Germany,DE,Ilmenau,50.68322,10.91858,ENG,Engineering & Technology,Ingegneria e Tecnologia,ARC|ART|BUS|EDU|ENG|HUM|ICT|LAW|SCI|SOC,ETER,tu-ilmenau.de,http://www.tu-ilmenau.de/,1001–1200,32.1,31.4,21.9,37.1,64.8,70.9
816,Technische Universität München,Germany,DE,Munich,48.13743,11.57549,ENG,Engineering & Technology,Ingegneria e Tecnologia,ENG,name-heuristic,tum.de,http://www.tum.de/,,,,,,,
817,Universität Augsburg,Germany,DE,Augsburg,48.37154,10.89851,COMP,Comprehensive (multi-field),Generalista (multidisciplinare),COMP,name-heuristic,uni-augsburg.de,http://www.uni-augsburg.de/,,,,,,,
818,Otto-Friedrich Universität Bamberg,Germany,DE,Bamberg,49.89873,10.90067,COMP,Comprehensive (multi-field),Generalista (multidisciplinare),COMP,name-heuristic,uni-bamberg.de,http://www.uni-bamberg.de/,,,,,,,
819,Universität Bayreuth,Germany,DE,Bayreuth,49.94782,11.57893,COMP,Comprehensive (multi-field),Generalista (multidisciplinare),ARC|ART|BUS|EDU|ENG|HUM|ICT|LAW|MED|SCI|SOC,ETER,uni-bayreuth.de,http://www.uni-bayreuth.de/,301–350,51.6,39.8,41.3,68.6,68.0,84.5
820,Universität Bielefeld,Germany,DE,Bielefeld,52.03333,8.53333,COMP,Comprehensive (multi-field),Generalista (multidisciplinare),ARC|ART|BUS|EDU|ENG|HUM|ICT|LAW|MED|SCI|SOC,ETER,uni-bielefeld.de,http://www.uni-bielefeld.de/,,,,,,,
821,Rheinische Friedrich-Wilhelms Universität Bonn,Germany,DE,Bonn,50.73438,7.09549,COMP,Comprehensive (multi-field),Generalista (multidisciplinare),COMP,name-heuristic,uni-bonn.de,http://www.uni-bonn.de/,,,,,,,
822,Universität Bremen,Germany,DE,Bremen,53.07582,8.80717,COMP,Comprehensive (multi-field),Generalista (multidisciplinare),COMP,name-heuristic,uni-bremen.de,http://www.uni-bremen.de/,,,,,,,
823,Universität der Bundeswehr Hamburg,Germany,DE,Hamburg,53.55073,9.99302,COMP,Comprehensive (multi-field),Generalista (multidisciplinare),COMP,name-heuristic,unibw-hamburg.de,http://www.unibw-hamburg.de/,,,,,,,
824,Universität der Bundeswehr München,Germany,DE,Munich,48.13743,11.57549,COMP,Comprehensive (multi-field),Generalista (multidisciplinare),COMP,name-heuristic,unibw-muenchen.de,http://www.unibw-muenchen.de/,,,,,,,
825,Technische Universität Dortmund,Germany,DE,Dortmund,51.51494,7.466,ENG,Engineering & Technology,Ingegneria e Tecnologia,ARC|ART|BUS|EDU|ENG|HUM|ICT|LAW|MED|SCI|SOC,ETER,tu-dortmund.de,http://www.tu-dortmund.de/,,,,,,,
826,Heinrich-Heine Universität Düsseldorf,Germany,DE,Düsseldorf,51.22319,6.77927,COMP,Comprehensive (multi-field),Generalista (multidisciplinare),ART|BUS|EDU|HUM|ICT|LAW|MED|SCI|SOC,ETER,uni-duesseldorf.de,http://www.uni-duesseldorf.de/,251–300,54.3,36.2,34.3,84.3,67.2,83.9
827,Universität Duisburg-Essen,Germany,DE,Essen,51.45657,7.01228,COMP,Comprehensive (multi-field),Generalista (multidisciplinare),ARC|ART|BUS|EDU|ENG|HUM|ICT|LAW|MED|SCI|SOC,ETER,uni-duisburg-essen.de,http://www.uni-duisburg-essen.de/,301–350,51.6,35.4,34.6,82.7,64.3,87.4
828,Universität Erfurt,Germany,DE,Erfurt,50.97734,11.03536,COMP,Comprehensive (multi-field),Generalista (multidisciplinare),AGR|ARC|ART|BUS|EDU|ENG|HUM|ICT|LAW|MED|SCI|SOC,ETER,uni-erfurt.de,http://www.uni-erfurt.de/,,,,,,,
829,Friedrich-Alexander Universität Erlangen-Nürnberg,Germany,DE,Nuremberg,49.45421,11.07752,COMP,Comprehensive (multi-field),Generalista (multidisciplinare),COMP,name-heuristic,fau.de,https://www.fau.de/,,,,,,,
830,Universität Flensburg,Germany,DE,Flensburg,54.78805,9.43722,COMP,Comprehensive (multi-field),Generalista (multidisciplinare),AGR|ARC|ART|BUS|EDU|ENG|HUM|ICT|LAW|MED|SCI|SOC,ETER,uni-flensburg.de,http://www.uni-flensburg.de/,,,,,,,
831,Johann Wolfgang Goethe Universität Frankfurt am Main,Germany,DE,Frankfurt am Main,50.11552,8.68417,COMP,Comprehensive (multi-field),Generalista (multidisciplinare),COMP,name-heuristic,uni-frankfurt.de,http://www.uni-frankfurt.de/,,,,,,,
832,Albert-Ludwigs-Universität Freiburg,Germany,DE,Freiburg,47.9959,7.85222,COMP,Comprehensive (multi-field),Generalista (multidisciplinare),COMP,name-heuristic,uni-freiburg.de,http://www.uni-freiburg.de/,,,,,,,
833,Justus Liebig Universität Gießen,Germany,DE,Gießen,50.58727,8.67554,COMP,Comprehensive (multi-field),Generalista (multidisciplinare),AGR|ARC|ART|BUS|EDU|ENG|HUM|ICT|LAW|MED|SCI|SOC,ETER,uni-giessen.de,http://www.uni-giessen.de/,,,,,,,
834,Georg-August Universität Göttingen,Germany,DE,Göttingen,51.53443,9.93228,COMP,Comprehensive (multi-field),Generalista (multidisciplinare),AGR|ARC|ART|BUS|EDU|ENG|HUM|ICT|LAW|MED|SCI|SOC,ETER,uni-goettingen.de,http://www.uni-goettingen.de/,,,,,,,
835,Ernst-Moritz-Arndt Universität Greifswald,Germany,DE,Universitäts- und Hansestadt Greifswald,54.08905,13.40244,COMP,Comprehensive (multi-field),Generalista (multidisciplinare),COMP,name-heuristic,uni-greifswald.de,http://www.uni-greifswald.de/,,,,,,,
836,Martin-Luther Universität Halle-Wittenberg,Germany,DE,Halle (Saale),51.48158,11.97947,COMP,Comprehensive (multi-field),Generalista (multidisciplinare),AGR|ARC|ART|BUS|EDU|ENG|HUM|ICT|LAW|MED|SCI|SOC,ETER,uni-halle.de,http://www.uni-halle.de/,,,,,,,
837,Universität Hamburg,Germany,DE,Hamburg,53.55073,9.99302,COMP,Comprehensive (multi-field),Generalista (multidisciplinare),COMP,name-heuristic,uni-hamburg.de,http://www.uni-hamburg.de/,,,,,,,
838,Universität Hannover,Germany,DE,Hannover,52.37052,9.73322,COMP,Comprehensive (multi-field),Generalista (multidisciplinare),AGR|ARC|ART|BUS|EDU|ENG|HUM|ICT|LAW|MED|SCI|SOC,ETER,uni-hannover.de,http://www.uni-hannover.de/,,,,,,,
839,Ruprecht-Karls-Universität Heidelberg,Germany,DE,Heidelberg,49.40768,8.69079,COMP,Comprehensive (multi-field),Generalista (multidisciplinare),COMP,name-heuristic,uni-heidelberg.de,http://www.uni-heidelberg.de/,,,,,,,
840,Universität Hildesheim,Germany,DE,Hildesheim,52.15077,9.95112,COMP,Comprehensive (multi-field),Generalista (multidisciplinare),ARC|ART|BUS|EDU|ENG|HUM|ICT|LAW|MED|SCI|SOC,ETER,uni-hildesheim.de,http://www.uni-hildesheim.de/,,,,,,,
841,Universität Hohenheim,Germany,DE,,,,COMP,Comprehensive (multi-field),Generalista (multidisciplinare),AGR|ARC|ART|BUS|EDU|ENG|HUM|ICT|LAW|MED|SCI|SOC,ETER,uni-hohenheim.de,http://www.uni-hohenheim.de/,301–350,51.6,36.0,36.4,78.4,61.3,76.7
842,Friedrich-Schiller Universität Jena,Germany,DE,Jena,50.92878,11.5899,COMP,Comprehensive (multi-field),Generalista (multidisciplinare),ARC|ART|BUS|EDU|ENG|HUM|ICT|LAW|MED|SCI|SOC,ETER,uni-jena.de,http://www.uni-jena.de/,201–250,56.4,44.0,42.5,83.5,62.0,88.7
843,Karlsruher Institut für Technologie,Germany,DE,,,,ENG,Engineering & Technology,Ingegneria e Tecnologia,ENG,name-heuristic,kit.edu,http://www.kit.edu/,,,,,,,
844,Universität Kassel,Germany,DE,Kassel,51.31667,9.5,COMP,Comprehensive (multi-field),Generalista (multidisciplinare),AGR|ARC|ART|BUS|EDU|ENG|HUM|ICT|LAW|MED|SCI|SOC,ETER,uni-kassel.de,http://www.uni-kassel.de/,,,,,,,
845,Christian-Albrechts-Universität Kiel,Germany,DE,Kiel,54.32133,10.13489,COMP,Comprehensive (multi-field),Generalista (multidisciplinare),COMP,name-heuristic,uni-kiel.de,http://www.uni-kiel.de/,,,,,,,
846,Universität Kaiserslautern,Germany,DE,Kaiserslautern,49.443,7.77161,COMP,Comprehensive (multi-field),Generalista (multidisciplinare),ARC|ART|BUS|EDU|ENG|HUM|ICT|LAW|MED|SCI|SOC,ETER,uni-kl.de,http://www.uni-kl.de/,,,,,,,
847,Universität Koblenz-Landau,Germany,DE,Koblenz,50.35357,7.57883,COMP,Comprehensive (multi-field),Generalista (multidisciplinare),ARC|ART|BUS|EDU|ENG|HUM|ICT|LAW|MED|SCI|SOC,ETER,uni-koblenz-landau.de,http://www.uni-koblenz-landau.de/,,,,,,,
848,Universität Köln,Germany,DE,Köln,50.93333,6.95,COMP,Comprehensive (multi-field),Generalista (multidisciplinare),COMP,name-heuristic,uni-koeln.de,http://www.uni-koeln.de/,,,,,,,
849,Universität Konstanz,Germany,DE,Konstanz,47.66033,9.17582,COMP,Comprehensive (multi-field),Generalista (multidisciplinare),ARC|ART|BUS|EDU|ENG|HUM|ICT|LAW|MED|SCI|SOC,ETER,uni-konstanz.de,http://www.uni-konstanz.de/,251–300,54.3,38.5,42.8,72.9,75.8,95.7
850,Universität Leipzig,Germany,DE,Leipzig,51.33962,12.37129,COMP,Comprehensive (multi-field),Generalista (multidisciplinare),AGR|ARC|ART|BUS|EDU|ENG|HUM|ICT|LAW|MED|SCI|SOC,ETER,uni-leipzig.de,http://www.uni-leipzig.de/,,,,,,,
851,Universität Lüneburg,Germany,DE,Lüneburg,53.25122,10.41548,COMP,Comprehensive (multi-field),Generalista (multidisciplinare),COMP,name-heuristic,uni-lueneburg.de,http://www.uni-lueneburg.de/,,,,,,,
852,Otto-von-Guericke Universität Magdeburg,Germany,DE,Magdeburg,52.13129,11.63189,COMP,Comprehensive (multi-field),Generalista (multidisciplinare),ARC|ART|BUS|EDU|ENG|HUM|ICT|LAW|MED|SCI|SOC,ETER,uni-magdeburg.de,http://www.uni-magdeburg.de/,601–800,39.0,34.6,18.2,56.6,72.6,57.7
853,Johannes-Gutenberg Universität Mainz,Germany,DE,Mainz,49.98185,8.28008,COMP,Comprehensive (multi-field),Generalista (multidisciplinare),ART|BUS|EDU|HUM|ICT|LAW|MED|SCI|SOC,ETER,uni-mainz.de,http://www.uni-mainz.de/,301–350,51.6,38.9,27.1,83.0,66.0,72.3
854,Universität Mannheim,Germany,DE,Mannheim,49.4891,8.46694,COMP,Comprehensive (multi-field),Generalista (multidisciplinare),ARC|ART|BUS|EDU|ENG|HUM|ICT|LAW|MED|SCI|SOC,ETER,uni-mannheim.de,http://www.uni-mannheim.de/,201–250,56.4,37.0,44.5,85.5,71.1,88.2
855,Phillips-Universität Marburg,Germany,DE,Marburg an der Lahn,50.80904,8.77069,COMP,Comprehensive (multi-field),Generalista (multidisciplinare),COMP,name-heuristic,uni-marburg.de,http://www.uni-marburg.de/,,,,,,,
856,Ludwig-Maximilians-Universität München,Germany,DE,Munich,48.13743,11.57549,COMP,Comprehensive (multi-field),Generalista (multidisciplinare),COMP,name-heuristic,lmu.de,http://www.lmu.de/,,,,,,,
857,Westfälische Wilhelms-Universität Münster,Germany,DE,Münster,51.96236,7.62571,COMP,Comprehensive (multi-field),Generalista (multidisciplinare),COMP,name-heuristic,uni-muenster.de,http://www.uni-muenster.de/,,,,,,,
858,Carl von Ossietzky Universität Oldenburg,Germany,DE,Oldenburg,53.14039,8.21479,COMP,Comprehensive (multi-field),Generalista (multidisciplinare),ARC|ART|BUS|EDU|ENG|HUM|ICT|LAW|MED|SCI|SOC,ETER,uol.de,https://uol.de/,,,,,,,
859,Universität Osnabrück,Germany,DE,Osnabrück,52.27264,8.0498,COMP,Comprehensive (multi-field),Generalista (multidisciplinare),AGR|ARC|ART|BUS|EDU|ENG|HUM|ICT|LAW|MED|SCI|SOC,ETER,uni-osnabrueck.de,http://www.uni-osnabrueck.de/,,,,,,,
860,Universität Paderborn,Germany,DE,Paderborn,51.71905,8.75439,COMP,Comprehensive (multi-field),Generalista (multidisciplinare),ARC|ART|BUS|EDU|ENG|HUM|ICT|LAW|MED|SCI|SOC,ETER,uni-paderborn.de,http://www.uni-paderborn.de/,601–800,39.0,31.1,35.9,51.4,50.0,70.7
861,Universität Passau,Germany,DE,Passau,48.5665,13.43122,COMP,Comprehensive (multi-field),Generalista (multidisciplinare),ART|BUS|EDU|HUM|ICT|LAW|SCI|SOC,ETER,uni-passau.de,http://www.uni-passau.de/,601–800,39.0,32.7,37.0,52.5,57.2,70.4
862,Universität Potsdam,Germany,DE,Potsdam,52.39886,13.06566,COMP,Comprehensive (multi-field),Generalista (multidisciplinare),ARC|ART|BUS|EDU|ENG|HUM|ICT|LAW|MED|SCI|SOC,ETER,uni-potsdam.de,http://www.uni-potsdam.de/,201–250,56.4,37.9,44.3,81.7,66.4,92.4
863,Universität Regensburg,Germany,DE,Regensburg,49.01513,12.10161,COMP,Comprehensive (multi-field),Generalista (multidisciplinare),ARC|ART|BUS|EDU|ENG|HUM|ICT|LAW|MED|SCI|SOC,ETER,uni-regensburg.de,http://www.uni-regensburg.de/,401–500,46.2,36.3,30.8,70.9,58.4,67.6
864,Universität Rostock,Germany,DE,Rostock,54.0887,12.14049,COMP,Comprehensive (multi-field),Generalista (multidisciplinare),AGR|ARC|ART|BUS|EDU|ENG|HUM|ICT|LAW|MED|SCI|SOC,ETER,uni-rostock.de,http://www.uni-rostock.de/,,,,,,,
865,Universität des Saarlandes,Germany,DE,,,,COMP,Comprehensive (multi-field),Generalista (multidisciplinare),COMP,name-heuristic,uni-saarland.de,http://www.uni-saarland.de/,,,,,,,
866,Universität Siegen,Germany,DE,Siegen,50.87481,8.02431,COMP,Comprehensive (multi-field),Generalista (multidisciplinare),ARC|ART|BUS|EDU|ENG|HUM|ICT|LAW|MED|SCI|SOC,ETER,uni-siegen.de,http://www.uni-siegen.de/,501–600,43.6,30.4,36.7,63.6,60.0,63.6
867,Universität Stuttgart,Germany,DE,Stuttgart,48.78232,9.17702,COMP,Comprehensive (multi-field),Generalista (multidisciplinare),ARC|ART|BUS|EDU|ENG|HUM|ICT|LAW|SCI|SOC,ETER,uni-stuttgart.de,http://www.uni-stuttgart.de/,251–300,54.3,44.5,48.4,63.4,58.5,99.9
868,Universität Trier,Germany,DE,Trier,49.75565,6.63935,COMP,Comprehensive (multi-field),Generalista (multidisciplinare),AGR|ARC|ART|BUS|EDU|ENG|HUM|ICT|LAW|MED|SCI|SOC,ETER,uni-trier.de,http://www.uni-trier.de/,,,,,,,
869,Eberhard-Karls-Universität Tübingen,Germany,DE,Tübingen,48.52266,9.05222,COMP,Comprehensive (multi-field),Generalista (multidisciplinare),COMP,name-heuristic,uni-tuebingen.de,http://www.uni-tuebingen.de/,,,,,,,
870,Universität Ulm,Germany,DE,,,,COMP,Comprehensive (multi-field),Generalista (multidisciplinare),ARC|ART|BUS|EDU|ENG|HUM|ICT|LAW|MED|SCI|SOC,ETER,uni-ulm.de,http://www.uni-ulm.de/,251–300,54.3,42.3,31.6,83.1,64.8,91.2
871,Hochschule Vechta,Germany,DE,Vechta,52.72632,8.28598,COMP,Comprehensive (multi-field),Generalista (multidisciplinare),ARC|ART|EDU|ENG|HUM|MED|SCI|SOC,ETER,uni-vechta.de,http://www.uni-vechta.de/,,,,,,,
872,Bauhaus Universität Weimar,Germany,DE,Weimar,50.9803,11.32903,COMP,Comprehensive (multi-field),Generalista (multidisciplinare),ARC|ART|BUS|EDU|ENG|HUM|ICT|LAW|SOC,ETER,uni-weimar.de,http://www.uni-weimar.de/,,,,,,,
873,Private Universität Witten/Herdecke,Germany,DE,Witten,51.44362,7.35258,COMP,Comprehensive (multi-field),Generalista (multidisciplinare),ART|BUS|EDU|HUM|LAW|MED|SCI|SOC,ETER,uni-wh.de,http://www.uni-wh.de/,,,,,,,
874,Bayerische Julius-Maximilians-Universität Würzburg,Germany,DE,Würzburg,49.79391,9.95121,COMP,Comprehensive (multi-field),Generalista (multidisciplinare),COMP,name-heuristic,uni-wuerzburg.de,http://www.uni-wuerzburg.de/,,,,,,,
875,Bergische Universität Gesamthochschule Wuppertal,Germany,DE,Wuppertal,51.25627,7.14816,COMP,Comprehensive (multi-field),Generalista (multidisciplinare),COMP,name-heuristic,uni-wuppertal.de,http://www.uni-wuppertal.de/,,,,,,,
876,WHU – Otto Beisheim School of Management,Germany,DE,,,,BUS,"Business, Economics & Management",Economia e Management,BUS|LAW,ETER,whu-koblenz.de,https://www.whu.edu/,,,,,,,
877,American College of Greece,Greece,GR,,,,COMP,Comprehensive (multi-field),Generalista (multidisciplinare),COMP,name-heuristic,acg.gr,https://www.acg.edu/,,,,,,,
878,American College of Thessaloniki,Greece,GR,Thessaloníki,40.64072,22.93493,COMP,Comprehensive (multi-field),Generalista (multidisciplinare),COMP,name-heuristic,act.edu,https://www.act.edu/,,,,,,,
879,Aegean University,Greece,GR,,,,COMP,Comprehensive (multi-field),Generalista (multidisciplinare),AGR|ARC|ART|BUS|EDU|ENG|HUM|ICT|LAW|MED|SCI|SOC,ETER,aegean.gr,https://www.aegean.gr/,1001–1200,32.1,18.1,24.0,52.7,32.0,83.5
880,School of Pedagogical and Technological Education - A.S.PAI.T.E.,Greece,GR,,,,ENG,Engineering & Technology,Ingegneria e Tecnologia,EDU,ETER,aspete.gr,https://www.aspete.gr/,,,,,,,
881,Athens Graduate School of Management (AGSM),Greece,GR,Athens,37.98376,23.72784,BUS,"Business, Economics & Management",Economia e Management,BUS,name-heuristic,agsm.gr,https://www.agsm.gr/,,,,,,,
882,Athens Laboratory of Business Administration (ALBA),Greece,GR,Athens,37.98376,23.72784,BUS,"Business, Economics & Management",Economia e Management,BUS,name-heuristic,alba.edu.gr,https://alba.acg.edu/,,,,,,,
883,Athens School of Fine Arts,Greece,GR,Athens,37.98376,23.72784,ART,"Arts, Design & Music","Arte, Design e Musica",AGR|ARC|ART|BUS|EDU|ENG|HUM|ICT|LAW|MED|SCI|SOC,ETER,asfa.gr,https://www.asfa.gr/,,,,,,,
884,Agricultural University of Athens,Greece,GR,Athens,37.98376,23.72784,AGR,"Agriculture, Forestry & Veterinary",Agraria e Veterinaria,AGR|ARC|BUS|ENG|ICT|LAW|SCI|SOC,ETER,aua.gr,https://www.aua.gr/,,,,,,,
885,Athens University of Economics and Business,Greece,GR,Athens,37.98376,23.72784,BUS,"Business, Economics & Management",Economia e Management,BUS|ICT|LAW|SCI|SOC,ETER,aueb.gr,https://www.aueb.gr/,1001–1200,32.1,18.7,24.6,45.3,43.4,63.4
886,Aristotle University of Thessaloniki,Greece,GR,Thessaloníki,40.64072,22.93493,COMP,Comprehensive (multi-field),Generalista (multidisciplinare),AGR|ARC|ART|BUS|EDU|ENG|HUM|ICT|LAW|MED|SCI|SOC,ETER,auth.gr,https://www.auth.gr/,801–1000,35.5,22.7,19.4,63.4,37.0,62.6
887,City University Athens,Greece,GR,Athens,37.98376,23.72784,COMP,Comprehensive (multi-field),Generalista (multidisciplinare),COMP,name-heuristic,cityu.gr,https://www.cityu.gr/,,,,,,,
888,DEI Bachelor & Master Degrees,Greece,GR,,,,COMP,Comprehensive (multi-field),Generalista (multidisciplinare),COMP,name-heuristic,dei.edu.gr,https://www.dei.edu.gr/,,,,,,,
889,Dimocritus University of Thrace,Greece,GR,,,,COMP,Comprehensive (multi-field),Generalista (multidisciplinare),COMP,name-heuristic,duth.gr,https://www.duth.gr/,,,,,,,
890,Hellenic Open University,Greece,GR,,,,COMP,Comprehensive (multi-field),Generalista (multidisciplinare),AGR|ARC|ART|BUS|EDU|ENG|HUM|ICT|LAW|MED|SCI|SOC,ETER,eap.gr,https://www.eap.gr/,1501+,10.3,23.8,8.9,44.4,27.3,16.8
891,Harokopio University,Greece,GR,,,,COMP,Comprehensive (multi-field),Generalista (multidisciplinare),ICT|MED|SCI|SOC,ETER,hua.gr,https://www.hua.gr/,,,,,,,
892,International Hellenic University,Greece,GR,,,,COMP,Comprehensive (multi-field),Generalista (multidisciplinare),AGR|ARC|ART|BUS|EDU|ENG|HUM|ICT|LAW|MED|SCI|SOC,ETER,ihu.gr,https://www.ihu.gr/,1501+,10.3,9.8,10.5,48.8,32.2,28.9
893,National Technical University of Athens,Greece,GR,Athens,37.98376,23.72784,ENG,Engineering & Technology,Ingegneria e Tecnologia,AGR|ARC|ART|BUS|EDU|ENG|HUM|ICT|LAW|MED|SCI|SOC,ETER,ntua.gr,https://www.ntua.gr/,801–1000,35.5,33.3,24.4,55.1,35.4,61.2
894,Panteios University of Economics and Political Sciences Athens,Greece,GR,Athens,37.98376,23.72784,BUS,"Business, Economics & Management",Economia e Management,BUS,name-heuristic,panteion.gr,https://www.panteion.gr/,,,,,,,
895,Hellenic Army Academy,Greece,GR,,,,COMP,Comprehensive (multi-field),Generalista (multidisciplinare),COMP,name-heuristic,sse.army.gr,https://sse.army.gr/,,,,,,,
896,University of West Attica,Greece,GR,,,,COMP,Comprehensive (multi-field),Generalista (multidisciplinare),ARC|ART|BUS|EDU|ENG|HUM|LAW|MED|SOC,ETER,uniwa.gr,https://www.uniwa.gr/,1501+,10.3,10.2,11.6,43.1,25.2,30.1
897,Hellenic Mediterranean University,Greece,GR,,,,COMP,Comprehensive (multi-field),Generalista (multidisciplinare),AGR|ARC|ART|BUS|ENG|HUM|LAW|MED,ETER,hmu.gr,https://hmu.gr/,,,,,,,
898,Technical University of Crete,Greece,GR,,,,ENG,Engineering & Technology,Ingegneria e Tecnologia,ARC|ART|EDU|ENG|HUM|ICT|MED|SCI|SOC,ETER,tuc.gr,https://www.tuc.gr/,1501+,10.3,15.6,15.1,45.0,38.9,45.1
899,Ionian University,Greece,GR,,,,COMP,Comprehensive (multi-field),Generalista (multidisciplinare),ARC|ART|BUS|EDU|ENG|HUM|ICT|LAW|SCI|SOC,ETER,ionio.gr,https://ionio.gr/,1501+,10.3,16.3,11.6,26.0,24.2,23.8
900,University of Piraeus,Greece,GR,Piraeus,37.94203,23.64619,COMP,Comprehensive (multi-field),Generalista (multidisciplinare),ARC|BUS|ENG|ICT|LAW|SCI|SOC,ETER,unipi.gr,https://www.unipi.gr/,1001–1200,32.1,16.7,21.7,53.3,25.6,88.3
901,University of Athens,Greece,GR,Athens,37.98376,23.72784,COMP,Comprehensive (multi-field),Generalista (multidisciplinare),COMP,name-heuristic,uoa.gr,https://www.uoa.gr/,,,,,,,
902,University of Crete,Greece,GR,,,,COMP,Comprehensive (multi-field),Generalista (multidisciplinare),COMP,name-heuristic,uoc.gr,https://www.uoc.gr/,,,,,,,
903,University of Ioannina,Greece,GR,Ioánnina,39.66341,20.85187,COMP,Comprehensive (multi-field),Generalista (multidisciplinare),AGR|ARC|ART|BUS|EDU|ENG|HUM|ICT|LAW|MED|SCI|SOC,ETER,uoi.gr,https://www.uoi.gr/,1201–1500,27.3,16.9,15.7,50.5,39.5,52.8
904,University of Macedonia,Greece,GR,,,,COMP,Comprehensive (multi-field),Generalista (multidisciplinare),ART|BUS|EDU|HUM|ICT|LAW|MED|SCI|SOC,ETER,uom.gr,https://www.uom.gr/,1501+,10.3,17.7,18.0,43.8,27.5,31.8
905,University of Peloponnese,Greece,GR,,,,COMP,Comprehensive (multi-field),Generalista (multidisciplinare),AGR|ARC|ART|BUS|EDU|ENG|HUM|ICT|LAW|MED|SOC,ETER,uop.gr,https://www.uop.gr/,,,,,,,
906,University of Western Macedonia,Greece,GR,,,,COMP,Comprehensive (multi-field),Generalista (multidisciplinare),AGR|ARC|ART|BUS|EDU|ENG|HUM|ICT|LAW|MED|SCI|SOC,ETER,uowm.gr,https://www.uowm.gr/,1501+,10.3,13.3,13.0,44.9,26.7,28.7
907,University of Patras,Greece,GR,Pátra,38.2462,21.73508,COMP,Comprehensive (multi-field),Generalista (multidisciplinare),AGR|ARC|ART|BUS|EDU|ENG|HUM|ICT|LAW|MED|SCI|SOC,ETER,upatras.gr,https://www.upatras.gr/,801–1000,35.5,18.5,23.6,60.0,34.2,73.2
908,University of Thessaly,Greece,GR,,,,COMP,Comprehensive (multi-field),Generalista (multidisciplinare),AGR|ARC|ART|BUS|EDU|ENG|HUM|ICT|LAW|MED|SCI|SOC,ETER,uth.gr,https://www.uth.gr/,1001–1200,32.1,14.3,15.5,64.7,34.7,43.1
909,Debrecen University of Agricultural Sciences,Hungary,HU,Debrecen,47.53167,21.62444,AGR,"Agriculture, Forestry & Veterinary",Agraria e Veterinaria,AGR,name-heuristic,agr.unideb.hu,http://www.agr.unideb.hu/,,,,,,,
910,Andrassy Gyula German Speaking University Budapest,Hungary,HU,Budapest,47.49835,19.04045,COMP,Comprehensive (multi-field),Generalista (multidisciplinare),AGR|ARC|ART|BUS|EDU|ENG|HUM|ICT|LAW|MED|SCI|SOC,ETER,andrassyuni.hu,http://www.andrassyuni.hu/,,,,,,,
911,Hungarian Academy of Fine Arts Budapest,Hungary,HU,Budapest,47.49835,19.04045,ART,"Arts, Design & Music","Arte, Design e Musica",ART|EDU|HUM,ETER,arts7.hu,http://www.arts7.hu/,,,,,,,
912,Avicenna International College,Hungary,HU,,,,COMP,Comprehensive (multi-field),Generalista (multidisciplinare),COMP,name-heuristic,avicenna.hu,http://www.avicenna.hu/,,,,,,,
913,Dániel Berzsenyi Teacher Training College,Hungary,HU,,,,EDU,Education & Sport Sciences,Scienze della Formazione e dello Sport,EDU,name-heuristic,bdtf.hu,http://www.bdtf.hu/,,,,,,,
914,Budapest University of Economic Sciences and Public Administration,Hungary,HU,Budapest,47.49835,19.04045,BUS,"Business, Economics & Management",Economia e Management,BUS,name-heuristic,bke.hu,http://www.bke.hu/,,,,,,,
915,Budapest University of Technology and Economics,Hungary,HU,Budapest,47.49835,19.04045,ENG,Engineering & Technology,Ingegneria e Tecnologia,AGR|ARC|ART|BUS|EDU|ENG|HUM|ICT|LAW|MED|SCI|SOC,ETER,bme.hu,http://www.bme.hu/,1201–1500,27.3,23.0,18.4,34.2,38.9,65.1
916,Central European University,Hungary,HU,,,,COMP,Comprehensive (multi-field),Generalista (multidisciplinare),AGR|ARC|ART|BUS|EDU|ENG|HUM|ICT|LAW|MED|SCI|SOC,ETER,ceu.hu,http://www.ceu.hu/,,,,,,,
917,University Medical School of Debrecen,Hungary,HU,Debrecen,47.53167,21.62444,MED,Medicine & Health,Medicina e Salute,MED,name-heuristic,dote.hu,http://www.dote.hu/,,,,,,,
918,Reformed Theological Academy of Debrecen,Hungary,HU,Debrecen,47.53167,21.62444,THEO,Theology & Religious Studies,Teologia e Studi Religiosi,AGR|ARC|ART|BUS|EDU|ENG|HUM|ICT|LAW|MED|SCI|SOC,ETER,drk.hu,http://www.drk.hu/,,,,,,,
919,College of Dunaujvaros,Hungary,HU,Dunaújváros,46.96479,18.93974,COMP,Comprehensive (multi-field),Generalista (multidisciplinare),ARC|ART|BUS|EDU|ENG|HUM|ICT|LAW|SCI|SOC,ETER,duf.hu,http://www.duf.hu/,,,,,,,
920,University of Sopron,Hungary,HU,Sopron,47.68501,16.59049,COMP,Comprehensive (multi-field),Generalista (multidisciplinare),AGR|ARC|ART|BUS|EDU|ENG|HUM|ICT|LAW|MED|SCI|SOC,ETER,efe.hu,http://www.efe.hu/,Reporter,,,,,,
921,Esztergom Theological College,Hungary,HU,Esztergom,47.7928,18.74148,THEO,Theology & Religious Studies,Teologia e Studi Religiosi,THEO,name-heuristic,ehf.hu,http://www.ehf.hu/,,,,,,,
922,Eötvös Lorand University,Hungary,HU,,,,COMP,Comprehensive (multi-field),Generalista (multidisciplinare),AGR|ARC|ART|BUS|EDU|ENG|HUM|ICT|LAW|MED|SCI|SOC,ETER,elte.hu,http://www.elte.hu/,801–1000,35.5,29.6,19.8,55.4,50.3,39.7
923,Academy of Drama and Film,Hungary,HU,,,,ART,"Arts, Design & Music","Arte, Design e Musica",ART,name-heuristic,filmacademy.hu,http://www.filmacademy.hu/,,,,,,,
924,Haynal Imre University of Health Sciences Budapest,Hungary,HU,Budapest,47.49835,19.04045,MED,Medicine & Health,Medicina e Salute,MED,name-heuristic,hiete.hu,http://www.hiete.hu/,,,,,,,
925,Hungarian University of Physical Education,Hungary,HU,,,,EDU,Education & Sport Sciences,Scienze della Formazione e dello Sport,EDU,name-heuristic,hupe.hu,http://www.hupe.hu/,,,,,,,
926,Janus Pannonius University,Hungary,HU,,,,COMP,Comprehensive (multi-field),Generalista (multidisciplinare),COMP,name-heuristic,jpte.hu,http://www.jpte.hu/,,,,,,,
927,University of Horticulture and Food Industry,Hungary,HU,,,,COMP,Comprehensive (multi-field),Generalista (multidisciplinare),COMP,name-heuristic,kee.hu,http://www.kee.hu/,,,,,,,
928,Károl Gáspár University of the Reformed Church,Hungary,HU,,,,COMP,Comprehensive (multi-field),Generalista (multidisciplinare),COMP,name-heuristic,kgre.hu,http://www.kgre.hu/,,,,,,,
929,Kodolanyi Janos University College,Hungary,HU,,,,COMP,Comprehensive (multi-field),Generalista (multidisciplinare),ARC|ART|BUS|EDU|ENG|HUM|LAW|MED|SOC,ETER,kodolanyi.hu,http://www.kodolanyi.hu/,,,,,,,
930,Liszt Ferenc Academy of Music Budapest,Hungary,HU,Budapest,47.49835,19.04045,ART,"Arts, Design & Music","Arte, Design e Musica",ART|BUS|EDU|HUM|LAW,ETER,lfze.hu,http://www.lfze.hu/,,,,,,,
931,Kossuth Lajos University,Hungary,HU,,,,COMP,Comprehensive (multi-field),Generalista (multidisciplinare),COMP,name-heuristic,lib.klte.hu,http://www.lib.klte.hu/,,,,,,,
932,Hungarian Academy of Craft and Design,Hungary,HU,,,,ART,"Arts, Design & Music","Arte, Design e Musica",ART,name-heuristic,mif.hu,http://www.mif.hu/,,,,,,,
933,University of West Hungary,Hungary,HU,,,,COMP,Comprehensive (multi-field),Generalista (multidisciplinare),COMP,name-heuristic,nyme.hu,http://www.nyme.hu/,,,,,,,
934,University Medical School of Pécs,Hungary,HU,Pécs,46.07617,18.22814,MED,Medicine & Health,Medicina e Salute,MED,name-heuristic,pote.hu,http://www.pote.hu/,,,,,,,
935,Pázmány Péter Catholic University,Hungary,HU,,,,COMP,Comprehensive (multi-field),Generalista (multidisciplinare),ARC|ART|BUS|EDU|ENG|HUM|ICT|LAW|MED|SCI|SOC,ETER,ppke.hu,http://www.ppke.hu/,1501+,10.3,23.0,11.7,27.1,36.3,23.2
936,University of Pecs,Hungary,HU,Pécs,46.07617,18.22814,COMP,Comprehensive (multi-field),Generalista (multidisciplinare),AGR|ARC|ART|BUS|EDU|ENG|HUM|ICT|LAW|MED|SCI|SOC,ETER,pte.hu,http://www.pte.hu/,1001–1200,32.1,32.4,18.7,38.3,55.9,40.6
937,Semmelweis University of Medical Sciences,Hungary,HU,,,,MED,Medicine & Health,Medicina e Salute,MED,name-heuristic,sote.hu,http://www.sote.hu/,,,,,,,
938,Séchenyi István University,Hungary,HU,,,,COMP,Comprehensive (multi-field),Generalista (multidisciplinare),COMP,name-heuristic,sze.hu,http://www.sze.hu/,,,,,,,
939,Szent István University,Hungary,HU,,,,COMP,Comprehensive (multi-field),Generalista (multidisciplinare),AGR|ARC|ART|BUS|EDU|ENG|HUM|LAW|MED|SCI|SOC,ETER,szie.hu,http://www.szie.hu/,,,,,,,
940,Budapest Buddhist University,Hungary,HU,Budapest,47.49835,19.04045,COMP,Comprehensive (multi-field),Generalista (multidisciplinare),COMP,name-heuristic,tkbf.hu,http://www.tkbf.hu/,,,,,,,
941,University of Debrecen,Hungary,HU,Debrecen,47.53167,21.62444,COMP,Comprehensive (multi-field),Generalista (multidisciplinare),AGR|ARC|ART|BUS|EDU|ENG|HUM|ICT|LAW|MED|SCI|SOC,ETER,unideb.hu,http://www.unideb.hu/,801–1000,35.5,41.7,18.2,45.7,58.0,50.6
942,University of Miskolc,Hungary,HU,Miskolc,48.10327,20.77806,COMP,Comprehensive (multi-field),Generalista (multidisciplinare),ARC|ART|BUS|EDU|ENG|HUM|ICT|LAW|MED|SCI|SOC,ETER,uni-miskolc.hu,http://www.uni-miskolc.hu/,1501+,10.3,23.8,14.7,21.2,36.4,24.3
943,University of Pannonia,Hungary,HU,,,,COMP,Comprehensive (multi-field),Generalista (multidisciplinare),AGR|ARC|ART|BUS|EDU|ENG|HUM|ICT|LAW|MED|SCI|SOC,ETER,uni-pannon.hu,http://www.uni-pannon.hu/,1501+,10.3,22.7,17.7,29.9,35.9,31.8
944,University of Veterinary Science,Hungary,HU,,,,AGR,"Agriculture, Forestry & Veterinary",Agraria e Veterinaria,AGR,name-heuristic,univet.hu,http://www.univet.hu/,,,,,,,
945,University of Szeged,Hungary,HU,Szeged,46.253,20.14824,COMP,Comprehensive (multi-field),Generalista (multidisciplinare),AGR|ARC|ART|BUS|EDU|ENG|HUM|ICT|LAW|MED|SCI|SOC,ETER,u-szeged.hu,http://www.u-szeged.hu/,1001–1200,32.1,31.2,16.4,42.3,53.8,48.7
946,Bifrost School of Business,Iceland,IS,,,,BUS,"Business, Economics & Management",Economia e Management,BUS,name-heuristic,bifrost.is,http://www.bifrost.is/,,,,,,,
947,University of Iceland,Iceland,IS,,,,COMP,Comprehensive (multi-field),Generalista (multidisciplinare),AGR|ARC|ART|BUS|EDU|ENG|HUM|ICT|LAW|MED|SCI|SOC,ETER,hi.is,http://www.hi.is/,501–600,43.6,24.6,35.3,69.3,55.2,83.1
948,Holar University College,Iceland,IS,,,,COMP,Comprehensive (multi-field),Generalista (multidisciplinare),AGR|ARC|ART|BUS|EDU|ENG|HUM|ICT|LAW|MED|SCI|SOC,ETER,holar.is,http://www.holar.is/,,,,,,,
949,University Centre of the Westfjords,Iceland,IS,,,,COMP,Comprehensive (multi-field),Generalista (multidisciplinare),COMP,name-heuristic,hsvest.is,http://www.hsvest.is/,,,,,,,
950,Hvanneyri Agricultural University,Iceland,IS,,,,AGR,"Agriculture, Forestry & Veterinary",Agraria e Veterinaria,AGR,name-heuristic,hvanneyri.is,http://www.hvanneyri.is/,,,,,,,
951,Technological University of Iceland,Iceland,IS,,,,ENG,Engineering & Technology,Ingegneria e Tecnologia,ENG,name-heuristic,iti.is,http://www.iti.is/,,,,,,,
952,Iceland University of Education,Iceland,IS,,,,EDU,Education & Sport Sciences,Scienze della Formazione e dello Sport,EDU,name-heuristic,khi.is,http://www.khi.is/,,,,,,,
953,Iceland Academy of the Arts,Iceland,IS,,,,COMP,Comprehensive (multi-field),Generalista (multidisciplinare),ARC|ART|EDU|ENG|HUM|ICT,ETER,lhi.is,http://www.lhi.is/,,,,,,,
954,Reykjavík University,Iceland,IS,Reykjavík,64.13548,-21.89541,COMP,Comprehensive (multi-field),Generalista (multidisciplinare),AGR|ARC|ART|BUS|EDU|ENG|HUM|ICT|LAW|MED|SCI|SOC,ETER,ru.is,http://www.ru.is/,801–1000,35.5,18.8,25.9,62.5,62.4,33.7
955,University of Akureyri,Iceland,IS,Akureyri,65.68353,-18.0878,COMP,Comprehensive (multi-field),Generalista (multidisciplinare),AGR|ARC|ART|BUS|EDU|ENG|HUM|LAW|MED|SCI|SOC,ETER,unak.is,http://www.unak.is/,,,,,,,
956,Athlone Institute of Technology,Ireland,IE,Athlone,53.42278,-7.93722,ENG,Engineering & Technology,Ingegneria e Tecnologia,AGR|ARC|ART|BUS|EDU|ENG|HUM|ICT|LAW|MED|SCI|SOC,ETER,ait.ie,http://www.ait.ie/,,,,,,,
957,Cork Institute of Technology,Ireland,IE,Cork,51.89797,-8.47061,ENG,Engineering & Technology,Ingegneria e Tecnologia,AGR|ARC|ART|BUS|EDU|ENG|HUM|ICT|LAW|MED|SCI|SOC,ETER,cit.ie,http://www.cit.ie/,,,,,,,
958,Dublin City University,Ireland,IE,Dublin,53.33306,-6.24889,COMP,Comprehensive (multi-field),Generalista (multidisciplinare),AGR|ARC|ART|BUS|EDU|ENG|HUM|ICT|LAW|MED|SCI|SOC,ETER,dcu.ie,http://www.dcu.ie/,301–350,51.6,28.5,36.6,88.6,71.1,69.0
959,Dublin Institute for Advanced Studies,Ireland,IE,Dublin,53.33306,-6.24889,COMP,Comprehensive (multi-field),Generalista (multidisciplinare),COMP,name-heuristic,dias.ie,http://www.dias.ie/,,,,,,,
960,Dublin Institute of Technology,Ireland,IE,Dublin,53.33306,-6.24889,ENG,Engineering & Technology,Ingegneria e Tecnologia,AGR|ARC|ART|BUS|EDU|ENG|HUM|ICT|LAW|MED|SCI|SOC,ETER,dit.ie,http://www.dit.ie/,,,,,,,
961,Griffith College,Ireland,IE,,,,COMP,Comprehensive (multi-field),Generalista (multidisciplinare),COMP,name-heuristic,gcd.ie,http://www.gcd.ie/,,,,,,,
962,Galway Mayo Institute of Technology,Ireland,IE,Galway,53.27245,-9.05095,ENG,Engineering & Technology,Ingegneria e Tecnologia,AGR|ARC|ART|BUS|EDU|ENG|HUM|ICT|LAW|MED|SCI|SOC,ETER,gmit.ie,http://www.gmit.ie/,,,,,,,
963,Irish International University (Distance Education),Ireland,IE,,,,EDU,Education & Sport Sciences,Scienze della Formazione e dello Sport,EDU,name-heuristic,iiuedu.ie,http://www.iiuedu.ie/,,,,,,,
964,Carlow Institute of Technology,Ireland,IE,Carlow,52.84083,-6.92611,ENG,Engineering & Technology,Ingegneria e Tecnologia,AGR|ARC|ART|BUS|EDU|ENG|HUM|ICT|LAW|MED|SCI|SOC,ETER,itcarlow.ie,http://www.itcarlow.ie/,,,,,,,
965,"Institue of Technology, Tralee",Ireland,IE,Tralee,52.27042,-9.70264,ENG,Engineering & Technology,Ingegneria e Tecnologia,AGR|ARC|ART|BUS|EDU|ENG|HUM|ICT|LAW|MED|SCI|SOC,ETER,ittralee.ie,http://www.ittralee.ie/,,,,,,,
966,LSB College,Ireland,IE,,,,COMP,Comprehensive (multi-field),Generalista (multidisciplinare),COMP,name-heuristic,lsb.ie,http://www.lsb.ie/,,,,,,,
967,"National University of Ireland, Maynooth",Ireland,IE,,,,COMP,Comprehensive (multi-field),Generalista (multidisciplinare),COMP,name-heuristic,may.ie,http://www.may.ie/,,,,,,,
968,National College of Ireland,Ireland,IE,,,,COMP,Comprehensive (multi-field),Generalista (multidisciplinare),COMP,name-heuristic,ncirl.ie,http://www.ncirl.ie/,,,,,,,
969,National University of Ireland,Ireland,IE,,,,COMP,Comprehensive (multi-field),Generalista (multidisciplinare),COMP,name-heuristic,nui.ie,http://www.nui.ie/,,,,,,,
970,Royal College of Physicians of Ireland,Ireland,IE,,,,COMP,Comprehensive (multi-field),Generalista (multidisciplinare),COMP,name-heuristic,rcpi.ie,http://www.rcpi.ie/,,,,,,,
971,Royal College of Surgeons,Ireland,IE,,,,COMP,Comprehensive (multi-field),Generalista (multidisciplinare),COMP,name-heuristic,rcsi.ie,http://www.rcsi.ie/,,,,,,,
972,Shannon College of Hotel Management,Ireland,IE,,,,BUS,"Business, Economics & Management",Economia e Management,BUS,name-heuristic,shannoncollege.com,http://www.shannoncollege.com/,,,,,,,
973,Technological University of the Shannon,Ireland,IE,,,,ENG,Engineering & Technology,Ingegneria e Tecnologia,ENG,name-heuristic,tus.ie,https://tus.ie/,,,,,,,
974,"University of Dublin, Trinity College",Ireland,IE,Dublin,53.33306,-6.24889,COMP,Comprehensive (multi-field),Generalista (multidisciplinare),AGR|ARC|ART|BUS|EDU|ENG|HUM|ICT|LAW|MED|SCI|SOC,ETER,tcd.ie,http://www.tcd.ie/,173,60.5,42.8,44.9,83.2,91.2,76.2
975,University College Cork,Ireland,IE,Cork,51.89797,-8.47061,COMP,Comprehensive (multi-field),Generalista (multidisciplinare),AGR|ARC|ART|BUS|EDU|ENG|HUM|ICT|LAW|MED|SCI|SOC,ETER,ucc.ie,http://www.ucc.ie/,351–400,49.9,29.3,33.2,78.7,79.0,77.6
976,University College Dublin,Ireland,IE,Dublin,53.33306,-6.24889,COMP,Comprehensive (multi-field),Generalista (multidisciplinare),AGR|ARC|ART|BUS|EDU|ENG|HUM|ICT|LAW|MED|SCI|SOC,ETER,ucd.ie,http://www.ucd.ie/,201–250,56.4,35.5,41.7,84.0,89.4,74.9
977,University of Galway,Ireland,IE,Galway,53.27245,-9.05095,COMP,Comprehensive (multi-field),Generalista (multidisciplinare),AGR|ARC|ART|BUS|EDU|ENG|HUM|ICT|LAW|MED|SCI|SOC,ETER,universityofgalway.ie,https://www.universityofgalway.ie/,351–400,49.9,30.2,34.7,76.9,77.6,86.7
978,University of Limerick,Ireland,IE,Limerick,52.66472,-8.62306,COMP,Comprehensive (multi-field),Generalista (multidisciplinare),AGR|ARC|ART|BUS|EDU|ENG|HUM|ICT|LAW|MED|SCI|SOC,ETER,ul.ie,http://www.ul.ie/,501–600,43.6,28.6,34.6,61.7,75.0,73.1
979,Waterford Institute Of Technology,Ireland,IE,Waterford,52.25833,-7.11194,ENG,Engineering & Technology,Ingegneria e Tecnologia,AGR|ARC|ART|BUS|EDU|ENG|HUM|ICT|LAW|MED|SCI|SOC,ETER,wit.ie,http://www.wit.ie/,,,,,,,
980,Pontificia Università S. Tommaso,Italy,IT,,,,COMP,Comprehensive (multi-field),Generalista (multidisciplinare),COMP,name-heuristic,angelicum.org,http://www.angelicum.org/,,,,,,,
981,Pontificio Ateneo Antonianum,Italy,IT,,,,COMP,Comprehensive (multi-field),Generalista (multidisciplinare),COMP,name-heuristic,antonianum.ofm.org,http://www.antonianum.ofm.org/,,,,,,,
982,University of Modena,Italy,IT,Modena,44.64783,10.92539,COMP,Comprehensive (multi-field),Generalista (multidisciplinare),COMP,name-heuristic,casa.unimo.it,http://www.casa.unimo.it/,,,,,,,
983,Abdus Salam international centre for theoretical physics,Italy,IT,,,,COMP,Comprehensive (multi-field),Generalista (multidisciplinare),COMP,name-heuristic,ictp.trieste.it,http://www.ictp.trieste.it/,,,,,,,
984,Institute for Advanced Studies Lucca,Italy,IT,Lucca,43.84369,10.50447,COMP,Comprehensive (multi-field),Generalista (multidisciplinare),ARC|ART|BUS|ENG|HUM|ICT|LAW|SCI|SOC,ETER,imtlucca.it,http://www.imtlucca.it/,,,,,,,
985,University Institute of Architecture Venice,Italy,IT,Venice,45.43713,12.33265,ARC,Architecture & Urban Planning,Architettura e Urbanistica,ARC,name-heuristic,iuav.unive.it,http://www.iuav.unive.it/,,,,,,,
986,European University Institute,Italy,IT,,,,COMP,Comprehensive (multi-field),Generalista (multidisciplinare),COMP,name-heuristic,iue.it,http://www.iue.it/,,,,,,,
987,University Institute of Modern Languages,Italy,IT,,,,HUM,Humanities & Languages,Studi Umanistici e Lingue,HUM,name-heuristic,iulm.it,http://www.iulm.it/,,,,,,,
988,Dutch University Institute for Art History (DUIA),Italy,IT,,,,COMP,Comprehensive (multi-field),Generalista (multidisciplinare),COMP,name-heuristic,iuoart.org,http://www.iuoart.org/,,,,,,,
989,University Institute of Oriental Studies,Italy,IT,,,,COMP,Comprehensive (multi-field),Generalista (multidisciplinare),COMP,name-heuristic,iuo.it,http://www.iuo.it/,,,,,,,
990,Istituto Universitario di Studi Superiori,Italy,IT,,,,COMP,Comprehensive (multi-field),Generalista (multidisciplinare),COMP,name-heuristic,iusspavia.it,http://www.iusspavia.it/,,,,,,,
991,"Johns Hopkins University, SAIS Bologna Center",Italy,IT,Bologna,44.49381,11.33875,COMP,Comprehensive (multi-field),Generalista (multidisciplinare),COMP,name-heuristic,jhubc.it,http://www.jhubc.it/,,,,,,,
992,John Cabot University,Italy,IT,,,,COMP,Comprehensive (multi-field),Generalista (multidisciplinare),COMP,name-heuristic,johncabot.edu,http://www.johncabot.edu/,,,,,,,
993,"Free University Institute ""Carlo Cattaneo""",Italy,IT,,,,COMP,Comprehensive (multi-field),Generalista (multidisciplinare),COMP,name-heuristic,liuc.it,http://www.liuc.it/,,,,,,,
994,"Free University ""Maria Santissima Assunta""",Italy,IT,,,,COMP,Comprehensive (multi-field),Generalista (multidisciplinare),COMP,name-heuristic,lumsa.it,http://www.lumsa.it/,,,,,,,
995,"NABA - Nuova Accademia di Belle Arti, Milan",Italy,IT,Milan,45.46427,9.18951,ART,"Arts, Design & Music","Arte, Design e Musica",ART,name-heuristic,naba.it,http://www.naba.it/,,,,,,,
996,"Yorker International University, Milano",Italy,IT,Milan,45.46427,9.18951,COMP,Comprehensive (multi-field),Generalista (multidisciplinare),COMP,name-heuristic,nyuniversity.net,http://www.nyuniversity.net/,,,,,,,
997,Pontificio Istituto Orientale,Italy,IT,,,,COMP,Comprehensive (multi-field),Generalista (multidisciplinare),COMP,name-heuristic,pio.urbe.it,http://www.pio.urbe.it/,,,,,,,
998,Polytechnic Institute of Bari,Italy,IT,Bari,41.12066,16.86982,ENG,Engineering & Technology,Ingegneria e Tecnologia,ARC|ART|EDU|ENG|HUM|ICT|MED|SCI,ETER,poliba.it,http://www.poliba.it/,501–600,43.6,27.0,31.1,72.8,36.7,73.9
999,Polytechnic Institute of Milan,Italy,IT,Milan,45.46427,9.18951,ENG,Engineering & Technology,Ingegneria e Tecnologia,AGR|ARC|ART|BUS|ENG|HUM|ICT|LAW|MED|SCI|SOC,ETER,polimi.it,http://www.polimi.it/,301–350,51.6,38.9,32.5,86.1,47.2,71.2
1000,Polytechnic Institute of Turin,Italy,IT,Turin,45.07049,7.68682,ENG,Engineering & Technology,Ingegneria e Tecnologia,AGR|ARC|ART|BUS|EDU|ENG|HUM|ICT|LAW|MED|SCI|SOC,ETER,polito.it,http://www.polito.it/,401–500,46.2,24.3,31.9,81.7,44.3,74.0
1001,Pontificia Università Lateranense,Italy,IT,,,,COMP,Comprehensive (multi-field),Generalista (multidisciplinare),COMP,name-heuristic,pul.it,http://www.pul.it/,,,,,,,
1002,Pontificia Università della Santa Croce,Italy,IT,,,,COMP,Comprehensive (multi-field),Generalista (multidisciplinare),COMP,name-heuristic,pusc.it,http://www.pusc.it/,,,,,,,
1003,Fondazione Sacro Cuore,Italy,IT,,,,COMP,Comprehensive (multi-field),Generalista (multidisciplinare),COMP,name-heuristic,sacrocuore.org,http://www.sacrocuore.org/,,,,,,,
1004,International Higher School for Advanced Studies Trieste,Italy,IT,Trieste,45.64953,13.77678,COMP,Comprehensive (multi-field),Generalista (multidisciplinare),MED|SCI|SOC,ETER,sissa.it,http://www.sissa.it/,,,,,,,
1005,School of Education Pisa,Italy,IT,Pisa,43.70853,10.4036,EDU,Education & Sport Sciences,Scienze della Formazione e dello Sport,AGR|ARC|ART|BUS|EDU|ENG|HUM|ICT|LAW|MED|SCI|SOC,ETER,sns.it,http://www.sns.it/,351–400,49.9,36.3,34.7,77.7,43.2,67.7
1006,Higher School of University and Advanced Studies Pisa,Italy,IT,Pisa,43.70853,10.4036,COMP,Comprehensive (multi-field),Generalista (multidisciplinare),COMP,name-heuristic,sssup.it,http://www.sssup.it/,201–250,56.4,50.2,38.3,77.5,56.8,93.7
1007,University of Ancona,Italy,IT,Ancona,43.60717,13.5103,COMP,Comprehensive (multi-field),Generalista (multidisciplinare),COMP,name-heuristic,unian.it,http://www.unian.it/,,,,,,,
1008,University of Bari,Italy,IT,Bari,41.12066,16.86982,COMP,Comprehensive (multi-field),Generalista (multidisciplinare),COMP,name-heuristic,uniba.it,http://www.uniba.it/,,,,,,,
1009,Basilicata University Potenza,Italy,IT,Potenza,40.64175,15.80794,COMP,Comprehensive (multi-field),Generalista (multidisciplinare),AGR|ARC|ART|BUS|EDU|ENG|HUM|ICT|LAW|MED|SCI|SOC,ETER,unibas.it,http://www.unibas.it/,,,,,,,
1010,University of Bergamo,Italy,IT,Bergamo,45.69601,9.66721,COMP,Comprehensive (multi-field),Generalista (multidisciplinare),ARC|ART|BUS|EDU|ENG|HUM|LAW|MED|SCI|SOC,ETER,unibg.it,http://www.unibg.it/,,,,,,,
1011,Bocconi University,Italy,IT,,,,COMP,Comprehensive (multi-field),Generalista (multidisciplinare),BUS|ICT|LAW|SCI|SOC,ETER,unibocconi.it,http://www.unibocconi.eu/,,,,,,,
1012,University of Bologna,Italy,IT,Bologna,44.49381,11.33875,COMP,Comprehensive (multi-field),Generalista (multidisciplinare),AGR|ARC|ART|BUS|EDU|ENG|HUM|ICT|LAW|MED|SCI|SOC,ETER,unibo.it,http://www.unibo.it/,130,63.3,54.2,50.1,83.3,59.7,82.5
1013,University of Brescia,Italy,IT,Brescia,45.53558,10.21472,COMP,Comprehensive (multi-field),Generalista (multidisciplinare),AGR|ARC|ART|BUS|ENG|HUM|ICT|LAW|MED|SCI|SOC,ETER,unibs.it,http://www.unibs.it/,351–400,49.9,35.4,24.7,88.0,43.2,72.0
1014,Free University of Bozen,Italy,IT,Bolzano,46.49067,11.33982,COMP,Comprehensive (multi-field),Generalista (multidisciplinare),AGR|ARC|ART|BUS|EDU|ENG|HUM|ICT|LAW|MED|SCI|SOC,ETER,unibz.it,http://www.unibz.it/,401–500,46.2,31.4,21.9,83.7,78.2,51.3
1015,University of Cagliari,Italy,IT,Cagliari,39.23054,9.11917,COMP,Comprehensive (multi-field),Generalista (multidisciplinare),AGR|ARC|ART|BUS|EDU|ENG|HUM|ICT|LAW|MED|SCI|SOC,ETER,unica.it,http://www.unica.it/,601–800,39.0,33.8,24.0,64.3,40.5,62.7
1016,University of Calabria,Italy,IT,,,,COMP,Comprehensive (multi-field),Generalista (multidisciplinare),AGR|ARC|ART|BUS|EDU|ENG|HUM|ICT|LAW|MED|SCI|SOC,ETER,unical.it,http://www.unical.it/,601–800,39.0,39.5,21.9,62.4,42.5,59.7
1017,University of Camerino,Italy,IT,,,,COMP,Comprehensive (multi-field),Generalista (multidisciplinare),AGR|ARC|ART|BUS|ENG|HUM|ICT|LAW|MED|SCI|SOC,ETER,unicam.it,http://www.unicam.it/,,,,,,,
1018,Campus Bio-Medico University of Rome,Italy,IT,Rome,41.89193,12.51133,MED,Medicine & Health,Medicina e Salute,AGR|ARC|ART|ENG|HUM|MED|SCI,ETER,unicampus.it,http://www.unicampus.it/,501–600,43.6,36.9,27.2,73.3,33.6,54.1
1019,University of Cassino,Italy,IT,Cassino,41.48581,13.82835,COMP,Comprehensive (multi-field),Generalista (multidisciplinare),COMP,name-heuristic,unicas.it,http://www.unicas.it/,,,,,,,
1020,Catholic University of the Sacred Heart,Italy,IT,,,,COMP,Comprehensive (multi-field),Generalista (multidisciplinare),COMP,name-heuristic,unicatt.it,http://www.unicatt.it/,,,,,,,
1021,University of Chieti,Italy,IT,Chieti,42.34827,14.16494,COMP,Comprehensive (multi-field),Generalista (multidisciplinare),COMP,name-heuristic,unich.it,http://www.unich.it/,,,,,,,
1022,University of Catania,Italy,IT,Catania,37.49223,15.07041,COMP,Comprehensive (multi-field),Generalista (multidisciplinare),AGR|ARC|ART|BUS|EDU|ENG|HUM|ICT|LAW|MED|SCI|SOC,ETER,unict.it,http://www.unict.it/,501–600,43.6,31.4,22.0,78.7,47.2,59.0
1023,Università eCampus,Italy,IT,,,,COMP,Comprehensive (multi-field),Generalista (multidisciplinare),COMP,name-heuristic,uniecampus.it,http://www.uniecampus.it/,,,,,,,
1024,European School of Economics,Italy,IT,,,,BUS,"Business, Economics & Management",Economia e Management,BUS,name-heuristic,uniese.it,http://www.uniese.it/,,,,,,,
1025,University of Ferrara,Italy,IT,Ferrara,44.83804,11.62057,COMP,Comprehensive (multi-field),Generalista (multidisciplinare),AGR|ARC|ART|BUS|EDU|ENG|HUM|ICT|LAW|MED|SCI|SOC,ETER,unife.it,http://www.unife.it/,501–600,43.6,31.9,26.8,70.3,44.0,68.5
1026,University of Foggia,Italy,IT,Foggia,41.45845,15.55188,COMP,Comprehensive (multi-field),Generalista (multidisciplinare),AGR|ARC|ART|BUS|EDU|ENG|HUM|LAW|MED|SCI|SOC,ETER,unifg.it,http://www.unifg.it/,801–1000,35.5,16.8,26.0,63.6,32.2,38.0
1027,University of Florence,Italy,IT,Florence,43.77925,11.24626,COMP,Comprehensive (multi-field),Generalista (multidisciplinare),AGR|ARC|ART|BUS|EDU|ENG|HUM|ICT|LAW|MED|SCI|SOC,ETER,unifi.it,http://www.unifi.it/,351–400,49.9,37.6,37.9,75.9,46.7,76.7
1028,University of Genoa,Italy,IT,Genoa,44.40478,8.94439,COMP,Comprehensive (multi-field),Generalista (multidisciplinare),AGR|ARC|ART|BUS|EDU|ENG|HUM|ICT|LAW|MED|SCI|SOC,ETER,unige.it,http://www.unige.it/,401–500,46.2,39.4,30.9,74.6,46.9,76.2
1029,Pontifica Università Gregoriana,Italy,IT,,,,COMP,Comprehensive (multi-field),Generalista (multidisciplinare),COMP,name-heuristic,unigre.it,http://www.unigre.it/,,,,,,,
1030,University of Lecce,Italy,IT,Lecce,40.35481,18.17244,COMP,Comprehensive (multi-field),Generalista (multidisciplinare),COMP,name-heuristic,unile.it,http://www.unile.it/,,,,,,,
1031,Link Campus University of Malta,Italy,IT,,,,COMP,Comprehensive (multi-field),Generalista (multidisciplinare),ART|BUS|HUM|LAW|SOC,ETER,unilink.it,http://www.unilink.it/,,,,,,,
1032,University of Macerata,Italy,IT,Macerata,43.29789,13.45293,COMP,Comprehensive (multi-field),Generalista (multidisciplinare),AGR|ART|BUS|EDU|HUM|LAW|MED|SCI|SOC,ETER,unimc.it,http://www.unimc.it/,,,,,,,
1033,University of Messina,Italy,IT,Messina,38.19394,15.55256,COMP,Comprehensive (multi-field),Generalista (multidisciplinare),AGR|ARC|ART|BUS|EDU|ENG|HUM|ICT|LAW|MED|SCI|SOC,ETER,unime.it,http://www.unime.it/,501–600,43.6,35.6,28.1,71.8,36.6,64.3
1034,University of Milan - Bicocca,Italy,IT,Milan,45.46427,9.18951,COMP,Comprehensive (multi-field),Generalista (multidisciplinare),COMP,name-heuristic,unimib.it,http://www.unimib.it/,401–500,46.2,25.1,27.1,87.7,46.3,68.1
1035,University of Milan,Italy,IT,Milan,45.46427,9.18951,COMP,Comprehensive (multi-field),Generalista (multidisciplinare),COMP,name-heuristic,unimi.it,https://www.unimi.it/,,,,,,,
1036,University of Molise,Italy,IT,,,,COMP,Comprehensive (multi-field),Generalista (multidisciplinare),AGR|ARC|ART|BUS|EDU|ENG|HUM|ICT|LAW|MED|SCI|SOC,ETER,unimol.it,http://www.unimol.it/,,,,,,,
1037,Second University of Naples,Italy,IT,Naples,40.85216,14.26811,COMP,Comprehensive (multi-field),Generalista (multidisciplinare),COMP,name-heuristic,unina2.it,http://www.unina2.it/,,,,,,,
1038,University of Naples Federico II,Italy,IT,Naples,40.85216,14.26811,COMP,Comprehensive (multi-field),Generalista (multidisciplinare),AGR|ARC|ART|BUS|EDU|ENG|HUM|ICT|LAW|MED|SCI|SOC,ETER,unina.it,http://www.unina.it/,301–350,51.6,40.0,31.8,83.9,35.2,72.5
1039,University Institute of Naval Studies,Italy,IT,,,,ENG,Engineering & Technology,Ingegneria e Tecnologia,ENG,name-heuristic,uninav.it,http://www.uninav.it/,,,,,,,
1040,University of Insubria,Italy,IT,,,,COMP,Comprehensive (multi-field),Generalista (multidisciplinare),AGR|ARC|ART|BUS|EDU|ENG|HUM|ICT|LAW|MED|SCI|SOC,ETER,uninsubria.it,http://www.uninsubria.it/,601–800,39.0,19.0,23.7,79.3,41.2,48.7
1041,University of Palermo,Italy,IT,Palermo,38.1166,13.3636,COMP,Comprehensive (multi-field),Generalista (multidisciplinare),AGR|ARC|ART|BUS|EDU|ENG|HUM|ICT|LAW|MED|SCI|SOC,ETER,unipa.it,http://www.unipa.it/,501–600,43.6,33.3,30.5,66.7,37.0,54.7
1042,University of Padua,Italy,IT,Padua,45.40797,11.88586,COMP,Comprehensive (multi-field),Generalista (multidisciplinare),COMP,name-heuristic,unipd.it,http://www.unipd.it/,201–250,56.4,46.4,41.0,80.0,53.2,78.9
1043,University of Perugia,Italy,IT,Perugia,43.1122,12.38878,COMP,Comprehensive (multi-field),Generalista (multidisciplinare),AGR|ARC|ART|BUS|EDU|ENG|HUM|ICT|LAW|MED|SCI|SOC,ETER,unipg.it,http://www.unipg.it/,,,,,,,
1044,University of Pisa,Italy,IT,Pisa,43.70853,10.4036,COMP,Comprehensive (multi-field),Generalista (multidisciplinare),COMP,name-heuristic,unipi.it,http://www.unipi.it/,,,,,,,
1045,University of Parma,Italy,IT,Parma,44.79935,10.32618,COMP,Comprehensive (multi-field),Generalista (multidisciplinare),AGR|ARC|ART|BUS|EDU|ENG|HUM|ICT|LAW|MED|SCI|SOC,ETER,unipr.it,http://www.unipr.it/,601–800,39.0,20.9,23.9,70.1,39.2,64.8
1046,University of Pavia,Italy,IT,Pavia,45.19205,9.15917,COMP,Comprehensive (multi-field),Generalista (multidisciplinare),AGR|ARC|ART|BUS|EDU|ENG|HUM|ICT|LAW|MED|SCI|SOC,ETER,unipv.it,http://www.unipv.it/,351–400,49.9,38.9,31.9,77.0,52.2,78.9
1047,University of Reggio Calabria,Italy,IT,Reggio Calabria,38.11047,15.66129,COMP,Comprehensive (multi-field),Generalista (multidisciplinare),AGR|ARC|ART|BUS|EDU|ENG|HUM|ICT|LAW|SCI|SOC,ETER,unirc.it,http://www.unirc.it/,,,,,,,
1048,"University of Roma ""La Sapienza""",Italy,IT,Rome,41.89193,12.51133,COMP,Comprehensive (multi-field),Generalista (multidisciplinare),COMP,name-heuristic,uniroma1.it,http://www.uniroma1.it/,,,,,,,
1049,"University of Roma ""Tor Vergata""",Italy,IT,Rome,41.89193,12.51133,COMP,Comprehensive (multi-field),Generalista (multidisciplinare),AGR|ARC|ART|BUS|EDU|ENG|HUM|ICT|LAW|MED|SCI|SOC,ETER,uniroma2.eu,http://www.uniroma2.it/,,,,,,,
1050,Third University of Rome,Italy,IT,Rome,41.89193,12.51133,COMP,Comprehensive (multi-field),Generalista (multidisciplinare),COMP,name-heuristic,uniroma3.it,http://www.uniroma3.it/,,,,,,,
1051,University of Salerno,Italy,IT,Salerno,40.67545,14.79328,COMP,Comprehensive (multi-field),Generalista (multidisciplinare),AGR|ARC|ART|BUS|EDU|ENG|HUM|ICT|LAW|MED|SCI|SOC,ETER,unisa.it,http://www.unisa.it/,501–600,43.6,30.6,30.2,72.7,36.9,63.1
1052,Università Pontificia Salesiana,Italy,IT,,,,COMP,Comprehensive (multi-field),Generalista (multidisciplinare),COMP,name-heuristic,unisal.it,http://www.unisal.it/,,,,,,,
1053,University of Sannio,Italy,IT,,,,COMP,Comprehensive (multi-field),Generalista (multidisciplinare),AGR|ARC|BUS|ENG|ICT|LAW|MED|SCI|SOC,ETER,unisannio.it,http://www.unisannio.it/,1001–1200,32.1,30.4,16.8,56.5,29.7,42.8
1054,University of Gastronomic Sciences,Italy,IT,,,,COMP,Comprehensive (multi-field),Generalista (multidisciplinare),AGR|ART|BUS|HUM|LAW|SOC,ETER,unisg.it,http://www.unisg.it/,,,,,,,
1055,University of Siena,Italy,IT,Siena,43.31822,11.33064,COMP,Comprehensive (multi-field),Generalista (multidisciplinare),AGR|ARC|ART|BUS|EDU|ENG|HUM|ICT|LAW|MED|SCI|SOC,ETER,unisi.it,http://www.unisi.it/,351–400,49.9,39.3,35.1,75.0,46.7,75.5
1056,"University Institute of Teacher Training ""Suor Orsola Benincasa""",Italy,IT,,,,EDU,Education & Sport Sciences,Scienze della Formazione e dello Sport,AGR|ARC|ART|BUS|EDU|ENG|HUM|ICT|LAW|MED|SCI|SOC,ETER,unisob.na.it,http://www.unisob.na.it/,,,,,,,
1057,University of Sassari,Italy,IT,Sassari,40.72586,8.55552,COMP,Comprehensive (multi-field),Generalista (multidisciplinare),AGR|ARC|ART|BUS|EDU|ENG|HUM|LAW|MED|SCI|SOC,ETER,uniss.it,http://www.uniss.it/,,,,,,,
1058,University of Italian Studies for Foreigners of Perugia,Italy,IT,Perugia,43.1122,12.38878,COMP,Comprehensive (multi-field),Generalista (multidisciplinare),AGR|ARC|ART|BUS|EDU|ENG|HUM|ICT|LAW|MED|SCI|SOC,ETER,unistrapg.it,http://www.unistrapg.it/,,,,,,,
1059,University of Italian Studies for Foreigners of Siena,Italy,IT,Siena,43.31822,11.33064,COMP,Comprehensive (multi-field),Generalista (multidisciplinare),ART|EDU|HUM,ETER,unistrasi.it,http://www.unistrasi.it/,,,,,,,
1060,University of Teramo,Italy,IT,Teramo,42.66123,13.69901,COMP,Comprehensive (multi-field),Generalista (multidisciplinare),AGR|ART|BUS|EDU|HUM|ICT|LAW|MED|SCI|SOC,ETER,unite.it,http://www.unite.it/,,,,,,,
1061,University of Trento,Italy,IT,Trento,46.06787,11.12108,COMP,Comprehensive (multi-field),Generalista (multidisciplinare),AGR|ARC|ART|BUS|EDU|ENG|HUM|ICT|LAW|MED|SCI|SOC,ETER,unitn.it,http://www.unitn.it/,351–400,49.9,34.6,35.2,77.4,61.5,70.3
1062,University of Turin,Italy,IT,Turin,45.07049,7.68682,COMP,Comprehensive (multi-field),Generalista (multidisciplinare),COMP,name-heuristic,unito.it,http://www.unito.it/,,,,,,,
1063,Viterbo State University,Italy,IT,Viterbo,42.41937,12.1056,COMP,Comprehensive (multi-field),Generalista (multidisciplinare),COMP,name-heuristic,unitus.it,http://www.unitus.it/,,,,,,,
1064,University of Udine,Italy,IT,Udine,46.0693,13.23715,COMP,Comprehensive (multi-field),Generalista (multidisciplinare),AGR|ARC|ART|BUS|EDU|ENG|HUM|ICT|LAW|MED|SCI|SOC,ETER,uniud.it,http://www.uniud.it/,601–800,39.0,32.8,20.9,69.4,41.1,58.5
1065,University of Urbino,Italy,IT,,,,COMP,Comprehensive (multi-field),Generalista (multidisciplinare),COMP,name-heuristic,uniurb.it,http://www.uniurb.it/,,,,,,,
1066,University of Aquila,Italy,IT,L'Aquila,42.35055,13.39954,COMP,Comprehensive (multi-field),Generalista (multidisciplinare),AGR|ARC|ART|BUS|EDU|ENG|HUM|ICT|LAW|MED|SCI|SOC,ETER,univaq.it,http://www.univaq.it/,,,,,,,
1067,University of Venice,Italy,IT,Venice,45.43713,12.33265,COMP,Comprehensive (multi-field),Generalista (multidisciplinare),AGR|ARC|ART|BUS|EDU|ENG|HUM|ICT|LAW|MED|SCI|SOC,ETER,unive.it,http://www.unive.it/,,,,,,,
1068,University of Verona,Italy,IT,Verona,45.43854,10.9938,COMP,Comprehensive (multi-field),Generalista (multidisciplinare),AGR|ARC|ART|BUS|EDU|ENG|HUM|ICT|LAW|MED|SCI|SOC,ETER,univr.it,http://www.univr.it/,351–400,49.9,34.6,31.1,81.6,45.0,71.1
1069,University of Trieste,Italy,IT,Trieste,45.64953,13.77678,COMP,Comprehensive (multi-field),Generalista (multidisciplinare),AGR|ARC|ART|BUS|EDU|ENG|HUM|ICT|LAW|MED|SCI|SOC,ETER,units.it,http://www.units.it/,501–600,43.6,34.3,27.7,72.4,50.9,57.6
1070,American University of Rome,Italy,IT,Rome,41.89193,12.51133,COMP,Comprehensive (multi-field),Generalista (multidisciplinare),COMP,name-heuristic,aur.edu,https://aur.edu/,,,,,,,
1071,Team Lingue International House,Italy,IT,,,,COMP,Comprehensive (multi-field),Generalista (multidisciplinare),COMP,name-heuristic,ihteamlingue.it,https://ihteamlingue.it/,,,,,,,
1072,American University In Kosovo,Kosovo,XK,Kosovo Polje,42.66394,21.09611,COMP,Comprehensive (multi-field),Generalista (multidisciplinare),COMP,name-heuristic,aukonline.org,http://www.aukonline.org/,,,,,,,
1073,ILIRIA College,Kosovo,XK,,,,COMP,Comprehensive (multi-field),Generalista (multidisciplinare),COMP,name-heuristic,uiliria.org,http://www.uiliria.org/,,,,,,,
1074,University of Prishtina,Kosovo,XK,Pristina,42.67272,21.16688,COMP,Comprehensive (multi-field),Generalista (multidisciplinare),COMP,name-heuristic,uni-pr.edu,http://www.uni-pr.edu/,1501+,10.3,13.5,12.6,20.0,40.2,20.5
1075,"University of Prizren ""Ukshin Hoti""",Kosovo,XK,Prizren,42.21389,20.73972,COMP,Comprehensive (multi-field),Generalista (multidisciplinare),AGR|ART|BUS|EDU|HUM|ICT|LAW|SCI|SOC,ETER,uni-prizren.com,http://www.uni-prizren.com/,,,,,,,
1076,Universum College,Kosovo,XK,,,,COMP,Comprehensive (multi-field),Generalista (multidisciplinare),ART|BUS|HUM|ICT|LAW|MED|SOC,ETER,universum-ks.org,http://www.universum-ks.org/,,,,,,,
1077,Medical Academy of Latvia,Latvia,LV,,,,MED,Medicine & Health,Medicina e Salute,MED,name-heuristic,aml.lv,http://www.aml.lv/,,,,,,,
1078,School of Business and Finance,Latvia,LV,,,,BUS,"Business, Economics & Management",Economia e Management,AGR|ARC|ART|BUS|EDU|ENG|HUM|ICT|LAW|MED|SCI|SOC,ETER,ba.lv,http://www.ba.lv/,,,,,,,
1079,Baltic International Academy,Latvia,LV,,,,COMP,Comprehensive (multi-field),Generalista (multidisciplinare),AGR|ARC|ART|BUS|EDU|ENG|HUM|ICT|LAW|MED|SCI|SOC,ETER,bsa.edu.lv,http://www.bsa.edu.lv/,,,,,,,
1080,Liepaja Pedagogical Higher School,Latvia,LV,Liepāja,56.50474,21.01085,EDU,Education & Sport Sciences,Scienze della Formazione e dello Sport,AGR|ARC|ART|BUS|EDU|ENG|HUM|ICT|LAW|MED|SCI|SOC,ETER,cs.lpu.lv,http://www.cs.lpu.lv/,,,,,,,
1081,Daugavpils University,Latvia,LV,Daugavpils,55.88333,26.53333,COMP,Comprehensive (multi-field),Generalista (multidisciplinare),ART|BUS|EDU|HUM|ICT|LAW|MED|SCI|SOC,ETER,dau.lv,http://www.dau.lv/,,,,,,,
1082,Latvian Maritime Academy,Latvia,LV,,,,ENG,Engineering & Technology,Ingegneria e Tecnologia,AGR|ARC|ART|BUS|EDU|ENG|HUM|ICT|LAW|MED|SCI|SOC,ETER,lama.lv,http://www.lama.lv/,,,,,,,
1083,Latvian Academy of Culture,Latvia,LV,,,,COMP,Comprehensive (multi-field),Generalista (multidisciplinare),AGR|ARC|ART|BUS|EDU|ENG|HUM|ICT|LAW|MED|SCI|SOC,ETER,lka.edu.lv,http://www.lka.edu.lv/,,,,,,,
1084,Latvia University of Life Sciences and Technologies,Latvia,LV,,,,ENG,Engineering & Technology,Ingegneria e Tecnologia,AGR|ARC|BUS|EDU|ENG|ICT|LAW|MED|SOC,ETER,llu.lv,https://www.llu.lv/,1501+,10.3,21.7,15.8,17.9,27.8,24.9
1085,Latvian Academy of Arts,Latvia,LV,,,,ART,"Arts, Design & Music","Arte, Design e Musica",ART,name-heuristic,lma.lv,http://www.lma.lv/,,,,,,,
1086,Latvian Academy of Music,Latvia,LV,,,,ART,"Arts, Design & Music","Arte, Design e Musica",AGR|ARC|ART|BUS|EDU|ENG|HUM|ICT|LAW|MED|SCI|SOC,ETER,jvlma.lv,https://www.jvlma.lv/,,,,,,,
1087,Latvian Academy of Sports Education,Latvia,LV,,,,EDU,Education & Sport Sciences,Scienze della Formazione e dello Sport,EDU,name-heuristic,lspa.lanet.lv,http://lspa.lanet.lv/,,,,,,,
1088,University of Latvia,Latvia,LV,,,,COMP,Comprehensive (multi-field),Generalista (multidisciplinare),ARC|ART|BUS|EDU|ENG|HUM|ICT|LAW|MED|SCI|SOC,ETER,lu.lv,http://www.lu.lv/,1001–1200,32.1,20.5,31.3,42.3,50.7,52.3
1089,National Defence Academy of Latvia,Latvia,LV,,,,COMP,Comprehensive (multi-field),Generalista (multidisciplinare),COMP,name-heuristic,mil.lv,http://www.mil.lv/,,,,,,,
1090,Police Academy of Latvia,Latvia,LV,,,,COMP,Comprehensive (multi-field),Generalista (multidisciplinare),COMP,name-heuristic,polak.edu.lv,http://www.polak.edu.lv/,,,,,,,
1091,Higher School of Psychology,Latvia,LV,,,,COMP,Comprehensive (multi-field),Generalista (multidisciplinare),COMP,name-heuristic,psy.lv,http://www.psy.lv/,,,,,,,
1092,Riga Aviation University,Latvia,LV,Riga,56.946,24.10589,ENG,Engineering & Technology,Ingegneria e Tecnologia,ENG,name-heuristic,rau.lv,http://www.rau.lv/,,,,,,,
1093,Riga Teacher Training and Educational Management Academy,Latvia,LV,Riga,56.946,24.10589,BUS,"Business, Economics & Management",Economia e Management,AGR|ARC|ART|BUS|EDU|ENG|HUM|ICT|LAW|MED|SCI|SOC,ETER,rpiva.lv,http://www.rpiva.lv/,,,,,,,
1094,Riga Technical University,Latvia,LV,Riga,56.946,24.10589,ENG,Engineering & Technology,Ingegneria e Tecnologia,AGR|ARC|ART|BUS|EDU|ENG|HUM|ICT|LAW|MED|SCI|SOC,ETER,rtu.lv,http://www.rtu.lv/,1001–1200,32.1,27.1,25.3,33.6,65.4,56.4
1095,Rezekne Higher School,Latvia,LV,Rēzekne,56.51028,27.34,COMP,Comprehensive (multi-field),Generalista (multidisciplinare),COMP,name-heuristic,ru.lv,http://www.ru.lv/,,,,,,,
1096,Stockholm School of Economics in Riga,Latvia,LV,Riga,56.946,24.10589,BUS,"Business, Economics & Management",Economia e Management,BUS|LAW|SOC,ETER,sseriga.edu.lv,http://www.sseriga.edu.lv/,,,,,,,
1097,Transport and Telecommunication Institute,Latvia,LV,,,,EDU,Education & Sport Sciences,Scienze della Formazione e dello Sport,AGR|ARC|ART|BUS|EDU|ENG|HUM|ICT|LAW|MED|SCI|SOC,ETER,tsi.lv,http://www.tsi.lv/,Reporter,,,,,,
1098,Ventspils University of Applied Sciences,Latvia,LV,Ventspils,57.39485,21.56121,COMP,Comprehensive (multi-field),Generalista (multidisciplinare),AGR|ARC|ART|BUS|EDU|ENG|HUM|ICT|LAW|MED|SCI|SOC,ETER,venta.lv,https://www.venta.lv/,,,,,,,
1099,Vidzeme University College,Latvia,LV,,,,COMP,Comprehensive (multi-field),Generalista (multidisciplinare),AGR|ARC|ART|BUS|EDU|ENG|HUM|ICT|LAW|MED|SCI|SOC,ETER,va.lv,http://www.va.lv/,,,,,,,
1100,Internationle Akademie für Philosophie,Liechtenstein,LI,,,,COMP,Comprehensive (multi-field),Generalista (multidisciplinare),COMP,name-heuristic,iap.li,http://www.iap.li/,,,,,,,
1101,Universität Liechtenstein,Liechtenstein,LI,,,,COMP,Comprehensive (multi-field),Generalista (multidisciplinare),AGR|ARC|ART|BUS|EDU|ENG|HUM|ICT|LAW|MED|SCI|SOC,ETER,uni.li,http://www.uni.li/,,,,,,,
1102,Kaunas Medical Academy,Lithuania,LT,Kaunas,54.90156,23.90909,MED,Medicine & Health,Medicina e Salute,MED,name-heuristic,info.kma.lt,http://info.kma.lt/,,,,,,,
1103,International School of Management,Lithuania,LT,,,,BUS,"Business, Economics & Management",Economia e Management,BUS,name-heuristic,ism.lt,http://www.ism.lt/,,,,,,,
1104,Kaunas University of Technology,Lithuania,LT,Kaunas,54.90156,23.90909,ENG,Engineering & Technology,Ingegneria e Tecnologia,AGR|ARC|ART|BUS|EDU|ENG|HUM|ICT|LAW|MED|SCI|SOC,ETER,ktu.lt,https://en.ktu.edu/,1001–1200,32.1,25.2,19.9,52.8,42.2,46.8
1105,Klaipeda University,Lithuania,LT,Klaipėda,55.7068,21.13912,COMP,Comprehensive (multi-field),Generalista (multidisciplinare),AGR|ARC|ART|BUS|EDU|ENG|HUM|ICT|LAW|MED|SCI|SOC,ETER,ku.lt,http://www.ku.lt/,Reporter,,,,,,
1106,Lithuania Christian College,Lithuania,LT,,,,COMP,Comprehensive (multi-field),Generalista (multidisciplinare),COMP,name-heuristic,lcc.lt,http://www.lcc.lt/,,,,,,,
1107,Military academy of Lithuania,Lithuania,LT,,,,COMP,Comprehensive (multi-field),Generalista (multidisciplinare),COMP,name-heuristic,lka.lt,http://www.lka.lt/,,,,,,,
1108,Lithunian Institute of Physical Education,Lithuania,LT,,,,EDU,Education & Sport Sciences,Scienze della Formazione e dello Sport,EDU,name-heuristic,lkka.lt,http://www.lkka.lt/,,,,,,,
1109,Lithunian Academy of Music and Theatre,Lithuania,LT,,,,ART,"Arts, Design & Music","Arte, Design e Musica",AGR|ARC|ART|BUS|EDU|ENG|HUM|ICT|LAW|MED|SCI|SOC,ETER,lmta.lt,http://www.lmta.lt/,,,,,,,
1110,Lithunian Veterinary Academy,Lithuania,LT,,,,AGR,"Agriculture, Forestry & Veterinary",Agraria e Veterinaria,AGR,name-heuristic,lva.lt,http://www.lva.lt/,,,,,,,
1111,Lithunian University of Agriculture,Lithuania,LT,,,,AGR,"Agriculture, Forestry & Veterinary",Agraria e Veterinaria,AGR,name-heuristic,lzua.lt,http://www.lzua.lt/,,,,,,,
1112,Vilnius Academy of Arts,Lithuania,LT,Vilnius,54.68916,25.2798,ART,"Arts, Design & Music","Arte, Design e Musica",AGR|ARC|ART|BUS|EDU|ENG|HUM|ICT|LAW|MED|SCI|SOC,ETER,vda.lt,https://www.vda.lt/,,,,,,,
1113,Mykolo Romerio university,Lithuania,LT,,,,COMP,Comprehensive (multi-field),Generalista (multidisciplinare),COMP,name-heuristic,mruni.eu,http://www.mruni.eu/,,,,,,,
1114,Siauliai University,Lithuania,LT,Šiauliai,55.93333,23.31667,COMP,Comprehensive (multi-field),Generalista (multidisciplinare),AGR|ARC|ART|BUS|EDU|ENG|HUM|ICT|LAW|MED|SCI|SOC,ETER,su.lt,http://www.su.lt/,,,,,,,
1115,Vytautas Magnus University,Lithuania,LT,,,,COMP,Comprehensive (multi-field),Generalista (multidisciplinare),ARC|ART|BUS|EDU|ENG|HUM|ICT|LAW|MED|SCI|SOC,ETER,vdu.lt,http://www.vdu.lt/,1201–1500,27.3,23.7,12.9,36.9,69.5,21.2
1116,Vilnius Gediminas Technical University,Lithuania,LT,Vilnius,54.68916,25.2798,ENG,Engineering & Technology,Ingegneria e Tecnologia,ARC|ART|BUS|ENG|HUM|ICT|LAW|MED|SCI|SOC,ETER,vgtu.lt,http://www.vgtu.lt/,1501+,10.3,20.8,17.9,31.0,53.5,47.3
1117,Vilnius Pedagogical University,Lithuania,LT,Vilnius,54.68916,25.2798,EDU,Education & Sport Sciences,Scienze della Formazione e dello Sport,EDU,name-heuristic,vpu.lt,http://www.vpu.lt/,,,,,,,
1118,Vilnius University,Lithuania,LT,Vilnius,54.68916,25.2798,COMP,Comprehensive (multi-field),Generalista (multidisciplinare),AGR|ARC|ART|BUS|EDU|ENG|HUM|ICT|LAW|MED|SCI|SOC,ETER,vu.lt,http://www.vu.lt/,801–1000,35.5,26.8,26.5,53.6,49.8,58.3
1119,International University Institute of Luxembourg,Luxembourg,LU,Luxembourg,49.60982,6.13268,COMP,Comprehensive (multi-field),Generalista (multidisciplinare),AGR|ARC|ART|BUS|EDU|ENG|HUM|ICT|LAW|MED|SCI|SOC,ETER,iuil.lu,http://www.iuil.lu/,,,,,,,
1120,University of Luxemburg,Luxembourg,LU,Luxembourg,49.60982,6.13268,COMP,Comprehensive (multi-field),Generalista (multidisciplinare),COMP,name-heuristic,uni.lu,http://www.uni.lu/,,,,,,,
1121,FON University,North Macedonia,MK,,,,COMP,Comprehensive (multi-field),Generalista (multidisciplinare),COMP,name-heuristic,fon.edu.mk,http://www.fon.edu.mk/,,,,,,,
1122,South East European University,North Macedonia,MK,,,,COMP,Comprehensive (multi-field),Generalista (multidisciplinare),ARC|ART|BUS|ENG|HUM|ICT|LAW|MED|SCI|SOC,ETER,seeu.edu.mk,http://www.seeu.edu.mk/,Reporter,,,,,,
1123,Macedonian Academy of Sciences and Arts,North Macedonia,MK,,,,COMP,Comprehensive (multi-field),Generalista (multidisciplinare),COMP,name-heuristic,manu.edu.mk,http://manu.edu.mk/,,,,,,,
1124,University Goce Delcev,North Macedonia,MK,,,,COMP,Comprehensive (multi-field),Generalista (multidisciplinare),COMP,name-heuristic,ugd.edu.mk,http://www.ugd.edu.mk/,,,,,,,
1125,"University for Information Science and Technology ""St. Paul The Apostle""",North Macedonia,MK,,,,ENG,Engineering & Technology,Ingegneria e Tecnologia,ARC|BUS|ENG|ICT|LAW,ETER,uist.edu.mk,http://www.uist.edu.mk/,,,,,,,
1126,St.Cyril and Methodius University,North Macedonia,MK,,,,COMP,Comprehensive (multi-field),Generalista (multidisciplinare),AGR|ARC|ART|BUS|EDU|ENG|HUM|ICT|LAW|MED|SCI|SOC,ETER,ukim.edu.mk,http://www.ukim.edu.mk/,,,,,,,
1127,St.Kliment Ohridski University,North Macedonia,MK,,,,COMP,Comprehensive (multi-field),Generalista (multidisciplinare),COMP,name-heuristic,uklo.edu.mk,http://www.uklo.edu.mk/,Reporter,,,,,,
1128,State University of Tetova,North Macedonia,MK,Tetovo,42.00989,20.97138,COMP,Comprehensive (multi-field),Generalista (multidisciplinare),AGR|ARC|ART|BUS|ENG|HUM|ICT|LAW|MED|SCI|SOC,ETER,unite.edu.mk,http://www.unite.edu.mk/,,,,,,,
1129,European Institute of Education,Malta,MT,,,,EDU,Education & Sport Sciences,Scienze della Formazione e dello Sport,EDU,name-heuristic,eieonline.com,http://www.eieonline.com/,,,,,,,
1130,International Tourism Institute,Malta,MT,,,,COMP,Comprehensive (multi-field),Generalista (multidisciplinare),COMP,name-heuristic,itismalta.com,http://www.itismalta.com/,,,,,,,
1131,"Malta College of Arts, Science and Technology",Malta,MT,,,,ENG,Engineering & Technology,Ingegneria e Tecnologia,AGR|ARC|ART|BUS|EDU|ENG|HUM|ICT|LAW|MED|SCI|SOC,ETER,mcast.edu.mt,http://www.mcast.edu.mt/,,,,,,,
1132,University of Malta,Malta,MT,,,,COMP,Comprehensive (multi-field),Generalista (multidisciplinare),AGR|ARC|ART|BUS|EDU|ENG|HUM|ICT|LAW|MED|SCI|SOC,ETER,um.edu.mt,http://www.um.edu.mt/,801–1000,35.5,24.9,18.2,61.6,56.2,36.8
1133,University of Montenegro,Montenegro,ME,,,,COMP,Comprehensive (multi-field),Generalista (multidisciplinare),COMP,name-heuristic,ucg.cg.ac.yu,http://www.ucg.cg.ac.yu/,1501+,10.3,14.0,12.1,24.3,48.3,27.4
1134,University of Sint Eustatius School of Medicine,Netherlands,NL,,,,MED,Medicine & Health,Medicina e Salute,MED,name-heuristic,eustatiusmed.edu,http://www.eustatiusmed.edu/,,,,,,,
1135,International University School of Medicine (IUSOM),Netherlands,NL,,,,MED,Medicine & Health,Medicina e Salute,MED,name-heuristic,internationaluniversity-schoolofmedicine.org,http://www.internationaluniversity-schoolofmedicine.org/,,,,,,,
1136,"St.James's School of Medicine, Bonaire",Netherlands,NL,,,,MED,Medicine & Health,Medicina e Salute,MED,name-heuristic,sjsm.org,http://www.sjsm.org/,,,,,,,
1137,"University of the Netherlands Antilles, Curacao",Netherlands,NL,,,,COMP,Comprehensive (multi-field),Generalista (multidisciplinare),COMP,name-heuristic,una.an,http://www.una.an/,,,,,,,
1138,Dutch Delta University,Netherlands,NL,,,,COMP,Comprehensive (multi-field),Generalista (multidisciplinare),COMP,name-heuristic,ddu.nl,http://www.ddu.nl/,,,,,,,
1139,De Haagse Hogeschool,Netherlands,NL,,,,COMP,Comprehensive (multi-field),Generalista (multidisciplinare),COMP,name-heuristic,dehaagsehogeschool.nl,http://www.dehaagsehogeschool.nl/,,,,,,,
1140,Erasmus University Rotterdam,Netherlands,NL,Rotterdam,51.9225,4.47917,COMP,Comprehensive (multi-field),Generalista (multidisciplinare),AGR|ARC|ART|BUS|EDU|ENG|HUM|ICT|LAW|MED|SCI|SOC,ETER,eur.nl,http://www.eur.nl/,107,65.6,38.5,52.9,95.9,87.1,89.2
1141,Rotterdam School of Management,Netherlands,NL,Rotterdam,51.9225,4.47917,BUS,"Business, Economics & Management",Economia e Management,BUS,name-heuristic,rsm.nl,https://www.rsm.nl/,,,,,,,
1142,European Open University,Netherlands,NL,,,,COMP,Comprehensive (multi-field),Generalista (multidisciplinare),COMP,name-heuristic,europeanopenuniversity.com,http://www.europeanopenuniversity.com/,,,,,,,
1143,Fontys University of Applied Sciences,Netherlands,NL,,,,COMP,Comprehensive (multi-field),Generalista (multidisciplinare),AGR|ARC|ART|BUS|EDU|ENG|HUM|ICT|LAW|MED|SCI|SOC,ETER,fontys.edu,http://www.fontys.edu/,,,,,,,
1144,Foundation University,Netherlands,NL,,,,COMP,Comprehensive (multi-field),Generalista (multidisciplinare),COMP,name-heuristic,foundationuniversity.com,http://www.foundationuniversity.com/,,,,,,,
1145,Hanze University Groningen,Netherlands,NL,Groningen,53.21917,6.56667,COMP,Comprehensive (multi-field),Generalista (multidisciplinare),AGR|ARC|ART|BUS|EDU|ENG|HUM|ICT|LAW|MED|SCI|SOC,ETER,hanze.nl,http://www.hanze.nl/,,,,,,,
1146,Hogeschool voor de Kunsten Utrecht (HKU),Netherlands,NL,Utrecht,52.09083,5.12222,ART,"Arts, Design & Music","Arte, Design e Musica",ART,name-heuristic,hku.nl,http://www.hku.nl/,,,,,,,
1147,Hotelschool The Hague,Netherlands,NL,The Hague,52.07667,4.29861,COMP,Comprehensive (multi-field),Generalista (multidisciplinare),COMP,name-heuristic,hotelschool.nl,http://www.hotelschool.nl/,,,,,,,
1148,Hogeschool Rotterdam,Netherlands,NL,Rotterdam,51.9225,4.47917,COMP,Comprehensive (multi-field),Generalista (multidisciplinare),COMP,name-heuristic,hro.nl,http://www.hro.nl/,,,,,,,
1149,Hogeschool Leiden,Netherlands,NL,Leiden,52.15833,4.49306,COMP,Comprehensive (multi-field),Generalista (multidisciplinare),AGR|ARC|ART|BUS|EDU|ENG|HUM|ICT|LAW|MED|SCI|SOC,ETER,hsleiden.nl,http://www.hsleiden.nl/,,,,,,,
1150,Hogeschool Utrecht,Netherlands,NL,Utrecht,52.09083,5.12222,COMP,Comprehensive (multi-field),Generalista (multidisciplinare),COMP,name-heuristic,hu.nl,http://www.hu.nl/,,,,,,,
1151,Hogeschool van Amsterdam,Netherlands,NL,Amsterdam,52.37403,4.88969,COMP,Comprehensive (multi-field),Generalista (multidisciplinare),COMP,name-heuristic,hva.nl,http://www.hva.nl/,,,,,,,
1152,Hogeschool Inholland,Netherlands,NL,,,,COMP,Comprehensive (multi-field),Generalista (multidisciplinare),COMP,name-heuristic,inholland.nl,http://www.inholland.nl/,,,,,,,
1153,Islamic University of Rotterdam,Netherlands,NL,Rotterdam,51.9225,4.47917,THEO,Theology & Religious Studies,Teologia e Studi Religiosi,THEO,name-heuristic,islamicuniversity.nl,http://www.islamicuniversity.nl/,,,,,,,
1154,Institute of Social Studies,Netherlands,NL,,,,COMP,Comprehensive (multi-field),Generalista (multidisciplinare),COMP,name-heuristic,iss.nl,http://www.iss.nl/,,,,,,,
1155,International Institute for Geo - Information Science and Earth Observation,Netherlands,NL,,,,COMP,Comprehensive (multi-field),Generalista (multidisciplinare),COMP,name-heuristic,itc.nl,http://www.itc.nl/,,,,,,,
1156,Universiteit Leiden,Netherlands,NL,Leiden,52.15833,4.49306,COMP,Comprehensive (multi-field),Generalista (multidisciplinare),COMP,name-heuristic,universiteitleiden.nl,https://www.universiteitleiden.nl/,,,,,,,
1157,NHTV Breda University of Professional Education,Netherlands,NL,Breda,51.58656,4.77596,EDU,Education & Sport Sciences,Scienze della Formazione e dello Sport,EDU,name-heuristic,nhtv.nl,http://www.nhtv.nl/,,,,,,,
1158,Nyenrode Business University,Netherlands,NL,,,,BUS,"Business, Economics & Management",Economia e Management,AGR|ARC|ART|BUS|EDU|ENG|HUM|ICT|LAW|MED|SCI|SOC,ETER,nyenrode.nl,http://www.nyenrode.nl/,,,,,,,
1159,Open University of the Netherlands,Netherlands,NL,,,,COMP,Comprehensive (multi-field),Generalista (multidisciplinare),ART|BUS|EDU|HUM|ICT|LAW|SCI|SOC,ETER,ou.nl,http://www.ou.nl/,,,,,,,
1160,Roosevelt Academy University College,Netherlands,NL,,,,COMP,Comprehensive (multi-field),Generalista (multidisciplinare),COMP,name-heuristic,roac.nl,http://www.roac.nl/,,,,,,,
1161,University of Groningen,Netherlands,NL,Groningen,53.21917,6.56667,COMP,Comprehensive (multi-field),Generalista (multidisciplinare),ARC|ART|BUS|EDU|ENG|HUM|ICT|LAW|MED|SCI|SOC,ETER,rug.nl,http://www.rug.nl/,82,69.3,47.4,55.9,94.1,91.7,99.7
1162,Radboud University,Netherlands,NL,,,,COMP,Comprehensive (multi-field),Generalista (multidisciplinare),COMP,name-heuristic,ru.nl,http://www.ru.nl/,,,,,,,
1163,Saxion Universities,Netherlands,NL,,,,COMP,Comprehensive (multi-field),Generalista (multidisciplinare),COMP,name-heuristic,saxion.edu,http://saxion.edu/,,,,,,,
1164,Stenden University,Netherlands,NL,,,,COMP,Comprehensive (multi-field),Generalista (multidisciplinare),ARC|ART|BUS|EDU|ENG|HUM|ICT|LAW|MED|SOC,ETER,stenden.com,http://www.stenden.com/,,,,,,,
1165,Tilburg University,Netherlands,NL,Tilburg,51.55551,5.0913,COMP,Comprehensive (multi-field),Generalista (multidisciplinare),ART|BUS|EDU|HUM|ICT|LAW|MED|SCI|SOC,ETER,tilburguniversity.nl,http://www.tilburguniversity.nl/,301–350,51.6,29.1,42.9,73.8,85.2,78.9
1166,Delft University of Technology,Netherlands,NL,Delft,52.00667,4.35556,ENG,Engineering & Technology,Ingegneria e Tecnologia,ARC|ART|BUS|EDU|ENG|HUM|ICT|LAW|MED|SCI,ETER,tudelft.nl,http://www.tudelft.nl/,57,74.3,64.1,75.1,75.5,92.1,100.0
1167,Eindhoven University of Technology,Netherlands,NL,Eindhoven,51.44083,5.47778,ENG,Engineering & Technology,Ingegneria e Tecnologia,ARC|ART|BUS|EDU|ENG|HUM|ICT|LAW|MED|SCI,ETER,tue.nl,http://www.tue.nl/,=192,59.2,47.7,49.5,67.0,88.6,100.0
1168,UNESCO-IHE Institute for Water Education,Netherlands,NL,,,,EDU,Education & Sport Sciences,Scienze della Formazione e dello Sport,EDU,name-heuristic,unesco-ihe.org,http://www.unesco-ihe.org/,,,,,,,
1169,Maastricht University,Netherlands,NL,Maastricht,50.84833,5.68889,COMP,Comprehensive (multi-field),Generalista (multidisciplinare),ARC|ART|BUS|ENG|HUM|ICT|LAW|MED|SCI|SOC,ETER,unimaas.nl,http://www.unimaas.nl/,=131,63.2,41.4,46.1,88.3,96.7,98.3
1170,University of Twente,Netherlands,NL,,,,COMP,Comprehensive (multi-field),Generalista (multidisciplinare),ARC|ART|BUS|EDU|ENG|HUM|ICT|LAW|MED|SCI|SOC,ETER,utwente.nl,http://www.utwente.nl/,=190,59.3,45.7,45.0,73.0,92.4,98.9
1171,Utrecht University,Netherlands,NL,Utrecht,52.09083,5.12222,COMP,Comprehensive (multi-field),Generalista (multidisciplinare),AGR|ARC|ART|BUS|EDU|ENG|HUM|ICT|LAW|MED|SCI|SOC,ETER,uu.nl,http://www.uu.nl/,,,,,,,
1172,University of Amsterdam,Netherlands,NL,Amsterdam,52.37403,4.88969,COMP,Comprehensive (multi-field),Generalista (multidisciplinare),AGR|ARC|ART|BUS|EDU|ENG|HUM|ICT|LAW|MED|SCI|SOC,ETER,uva.nl,http://www.uva.nl/,=62,73.7,55.4,63.6,96.6,92.5,76.0
1173,University for Humanistics (UH),Netherlands,NL,,,,COMP,Comprehensive (multi-field),Generalista (multidisciplinare),COMP,name-heuristic,uvh.nl,http://www.uvh.nl/,,,,,,,
1174,Vrije Universiteit Amsterdam,Netherlands,NL,Amsterdam,52.37403,4.88969,COMP,Comprehensive (multi-field),Generalista (multidisciplinare),COMP,name-heuristic,vu.nl,http://www.vu.nl/,=176,60.2,37.7,41.8,91.8,84.3,77.5
1175,Wageningen University,Netherlands,NL,Wageningen,51.97,5.66667,COMP,Comprehensive (multi-field),Generalista (multidisciplinare),COMP,name-heuristic,wageningenuniversity.nl,http://www.wageningenuniversity.nl/,,,,,,,
1176,Christelijke Hogeschool Windesheim,Netherlands,NL,,,,COMP,Comprehensive (multi-field),Generalista (multidisciplinare),COMP,name-heuristic,windesheim.nl,http://www.windesheim.nl/,,,,,,,
1177,Wittenborg University,Netherlands,NL,,,,COMP,Comprehensive (multi-field),Generalista (multidisciplinare),COMP,name-heuristic,wittenborg.eu,http://www.wittenborg.eu/,,,,,,,
1178,Zuyd University,Netherlands,NL,,,,COMP,Comprehensive (multi-field),Generalista (multidisciplinare),ARC|ART|BUS|EDU|ENG|HUM|ICT|LAW|MED|SCI|SOC,ETER,zuyd.nl,http://www.zuyd.nl/,,,,,,,
1179,Oslo School of Architecture,Norway,NO,Oslo,59.91273,10.74609,ARC,Architecture & Urban Planning,Architettura e Urbanistica,ARC|ART|ENG|HUM,ETER,aho.no,http://www.aho.no/,,,,,,,
1180,Norwegian School of Management BI,Norway,NO,,,,BUS,"Business, Economics & Management",Economia e Management,BUS,name-heuristic,bi.no,http://www.bi.no/,,,,,,,
1181,Agder University College,Norway,NO,,,,COMP,Comprehensive (multi-field),Generalista (multidisciplinare),AGR|ARC|ART|BUS|EDU|ENG|HUM|ICT|LAW|MED|SCI|SOC,ETER,hia.no,http://www.hia.no/,,,,,,,
1182,Bergen University College,Norway,NO,Bergen,60.39299,5.32415,COMP,Comprehensive (multi-field),Generalista (multidisciplinare),AGR|ARC|ART|BUS|EDU|ENG|HUM|ICT|LAW|MED|SCI|SOC,ETER,hib.no,http://www.hib.no/,251–300,54.3,35.3,36.4,84.1,75.8,75.4
1183,Bodo Regional University,Norway,NO,Bodø,67.28267,14.37513,COMP,Comprehensive (multi-field),Generalista (multidisciplinare),COMP,name-heuristic,hibo.no,http://www.hibo.no/,,,,,,,
1184,Finnmark University College,Norway,NO,,,,COMP,Comprehensive (multi-field),Generalista (multidisciplinare),COMP,name-heuristic,hifm.no,http://www.hifm.no/,,,,,,,
1185,Lillehammer University College,Norway,NO,Lillehammer,61.11514,10.46628,COMP,Comprehensive (multi-field),Generalista (multidisciplinare),AGR|ARC|ART|BUS|EDU|ENG|HUM|ICT|LAW|MED|SCI|SOC,ETER,hil.no,http://www.hil.no/,,,,,,,
1186,Molde University College,Norway,NO,Molde,62.73752,7.15912,COMP,Comprehensive (multi-field),Generalista (multidisciplinare),COMP,name-heuristic,himolde.no,http://www.himolde.no/,,,,,,,
1187,National College of Art and Design,Norway,NO,,,,ART,"Arts, Design & Music","Arte, Design e Musica",ART,name-heuristic,khio.no,http://www.khio.no/,,,,,,,
1188,Norwegian School of Economics and Business Administration,Norway,NO,,,,BUS,"Business, Economics & Management",Economia e Management,BUS,name-heuristic,nhh.no,http://www.nhh.no/,,,,,,,
1189,Norwegian University of Sport and Physical Education,Norway,NO,,,,EDU,Education & Sport Sciences,Scienze della Formazione e dello Sport,ART|EDU|HUM|MED|SOC,ETER,nih.no,http://www.nih.no/,,,,,,,
1190,Norway's Information Technology University College,Norway,NO,,,,ENG,Engineering & Technology,Ingegneria e Tecnologia,ENG,name-heuristic,nith.no,http://www.nith.no/,,,,,,,
1191,Norwegian Teacher Academy for Studies in Religion and Education,Norway,NO,,,,EDU,Education & Sport Sciences,Scienze della Formazione e dello Sport,EDU,name-heuristic,nla.no,http://www.nla.no/,,,,,,,
1192,Agricultural University of Norway,Norway,NO,,,,AGR,"Agriculture, Forestry & Veterinary",Agraria e Veterinaria,AGR,name-heuristic,nlh.no,http://www.nlh.no/,,,,,,,
1193,Norwegian State Academy of Music,Norway,NO,,,,ART,"Arts, Design & Music","Arte, Design e Musica",AGR|ARC|ART|BUS|EDU|ENG|HUM|ICT|LAW|MED|SCI|SOC,ETER,nmh.no,http://www.nmh.no/,,,,,,,
1194,Norwegian University of Science and Technology,Norway,NO,,,,ENG,Engineering & Technology,Ingegneria e Tecnologia,AGR|ARC|ART|BUS|EDU|ENG|HUM|ICT|LAW|MED|SCI|SOC,ETER,ntnu.no,http://www.ntnu.no/,301–350,51.6,36.7,39.1,75.9,64.6,71.4
1195,Oslo National Academy of Fine Arts,Norway,NO,Oslo,59.91273,10.74609,ART,"Arts, Design & Music","Arte, Design e Musica",ART|EDU|HUM,ETER,khio.no,https://khio.no/,,,,,,,
1196,University of Bergen,Norway,NO,Bergen,60.39299,5.32415,COMP,Comprehensive (multi-field),Generalista (multidisciplinare),COMP,name-heuristic,uib.no,http://www.uib.no/,,,,,,,
1197,University of Oslo,Norway,NO,Oslo,59.91273,10.74609,COMP,Comprehensive (multi-field),Generalista (multidisciplinare),AGR|ARC|ART|BUS|EDU|ENG|HUM|ICT|LAW|MED|SCI|SOC,ETER,uio.no,http://www.uio.no/,=113,65.2,47.8,52.5,90.3,76.5,75.2
1198,University of Stavanger,Norway,NO,Stavanger,58.97005,5.73332,COMP,Comprehensive (multi-field),Generalista (multidisciplinare),AGR|ARC|ART|BUS|EDU|ENG|HUM|ICT|LAW|MED|SCI|SOC,ETER,uis.no,http://www.uis.no/,,,,,,,
1199,University of Tromsø,Norway,NO,Tromsø,69.6489,18.95508,COMP,Comprehensive (multi-field),Generalista (multidisciplinare),COMP,name-heuristic,uit.no,http://www.uit.no/,,,,,,,
1200,Norwegian University of Life Sciences,Norway,NO,,,,COMP,Comprehensive (multi-field),Generalista (multidisciplinare),AGR|ARC|ART|BUS|EDU|ENG|HUM|ICT|LAW|MED|SCI|SOC,ETER,umb.no,http://www.umb.no/,801–1000,35.5,32.0,15.4,58.4,63.5,40.8
1201,Norwegian College of Veterinary Medicine,Norway,NO,,,,MED,Medicine & Health,Medicina e Salute,AGR|ARC|ART|BUS|EDU|ENG|HUM|ICT|LAW|MED|SCI|SOC,ETER,veths.no,http://www.veths.no/,,,,,,,
1202,"Fine Arts Academy ""Jan Matejko"" in Cracow",Poland,PL,Kraków,50.06143,19.93658,ART,"Arts, Design & Music","Arte, Design e Musica",ART|EDU|HUM,ETER,asp.krakow.pl,http://www.asp.krakow.pl/,,,,,,,
1203,Academy of Economics in Katowice,Poland,PL,Katowice,50.2597,19.02173,BUS,"Business, Economics & Management",Economia e Management,AGR|ARC|ART|BUS|EDU|ENG|HUM|ICT|LAW|MED|SCI|SOC,ETER,ae.katowice.pl,http://www.ae.katowice.pl/,,,,,,,
1204,Academy of Economics in Cracow,Poland,PL,Kraków,50.06143,19.93658,BUS,"Business, Economics & Management",Economia e Management,AGR|ARC|ART|BUS|EDU|ENG|HUM|ICT|LAW|MED|SCI|SOC,ETER,ae.krakow.pl,http://www.ae.krakow.pl/,,,,,,,
1205,Academy of Economics in Poznan,Poland,PL,Poznań,52.40692,16.92993,BUS,"Business, Economics & Management",Economia e Management,AGR|ARC|BUS|EDU|ENG|ICT|LAW|MED|SCI|SOC,ETER,ae.poznan.pl,http://www.ae.poznan.pl/,,,,,,,
1206,Academy of Economics in Wroclaw,Poland,PL,Wrocław,51.10286,17.03006,BUS,"Business, Economics & Management",Economia e Management,AGR|ARC|BUS|EDU|ENG|ICT|LAW|SCI|SOC,ETER,ae.wroc.pl,http://www.ae.wroc.pl/,,,,,,,
1207,AGH University of Science and Technology,Poland,PL,,,,ENG,Engineering & Technology,Ingegneria e Tecnologia,ENG,name-heuristic,agh.edu.pl,http://www.agh.edu.pl/,,,,,,,
1208,Academy of Humanities and Economics in Lodz,Poland,PL,Łódź,51.77058,19.47395,BUS,"Business, Economics & Management",Economia e Management,AGR|ARC|ART|BUS|EDU|ENG|HUM|ICT|LAW|MED|SCI|SOC,ETER,ahe.edu.pl,http://www.ahe.edu.pl/,,,,,,,
1209,Medical Academy Ludwik Rydygier in Bydgoszcz,Poland,PL,Bydgoszcz,53.1235,18.00762,MED,Medicine & Health,Medicina e Salute,MED,name-heuristic,amb.bydgoszcz.pl,http://www.amb.bydgoszcz.pl/,,,,,,,
1210,Medical Academy in Bialystok,Poland,PL,Białystok,53.13333,23.16433,MED,Medicine & Health,Medicina e Salute,AGR|ARC|ART|EDU|ENG|HUM|ICT|MED|SCI|SOC,ETER,amb.edu.pl,http://www.amb.edu.pl/,,,,,,,
1211,Medical Academy in Gdansk,Poland,PL,Gdańsk,54.35227,18.64912,MED,Medicine & Health,Medicina e Salute,ARC|ART|BUS|EDU|ENG|HUM|LAW|MED|SCI|SOC,ETER,amg.gda.pl,http://www.amg.gda.pl/,,,,,,,
1212,"Music Academy ""Karol Szymanowski"" in Katowice",Poland,PL,Katowice,50.2597,19.02173,ART,"Arts, Design & Music","Arte, Design e Musica",AGR|ARC|ART|BUS|EDU|ENG|HUM|ICT|LAW|MED|SCI|SOC,ETER,am.katowice.pl,http://www.am.katowice.pl/,,,,,,,
1213,Medical Academy in Lodz,Poland,PL,Łódź,51.77058,19.47395,MED,Medicine & Health,Medicina e Salute,AGR|ARC|ART|BUS|EDU|ENG|HUM|ICT|LAW|MED|SCI|SOC,ETER,am.lodz.pl,http://www.am.lodz.pl/,,,,,,,
1214,Medical Academy in Lublin,Poland,PL,Lublin,51.25058,22.57009,MED,Medicine & Health,Medicina e Salute,ARC|ART|BUS|EDU|ENG|HUM|LAW|MED|SCI|SOC,ETER,am.lublin.pl,http://www.am.lublin.pl/,,,,,,,
1215,Adam Mickiewicz University of Poznan,Poland,PL,Poznań,52.40692,16.92993,COMP,Comprehensive (multi-field),Generalista (multidisciplinare),AGR|ARC|ART|BUS|EDU|ENG|HUM|ICT|LAW|MED|SCI|SOC,ETER,amu.edu.pl,http://www.amu.edu.pl/,1001–1200,32.1,20.6,30.7,46.8,38.2,37.3
1216,"Music Academy ""Felix Nowowiejski"" in Bydgoszcz",Poland,PL,Bydgoszcz,53.1235,18.00762,ART,"Arts, Design & Music","Arte, Design e Musica",AGR|ARC|ART|BUS|EDU|ENG|HUM|ICT|LAW|MED|SCI|SOC,ETER,amuz.bydgoszcz.pl,http://www.amuz.bydgoszcz.pl/,,,,,,,
1217,"Music Academy ""Stanislaw Moniuszko"" in Gdansk",Poland,PL,Gdańsk,54.35227,18.64912,ART,"Arts, Design & Music","Arte, Design e Musica",AGR|ARC|ART|BUS|EDU|ENG|HUM|ICT|LAW|MED|SCI|SOC,ETER,amuz.gda.pl,http://www.amuz.gda.pl/,,,,,,,
1218,Music Academy in Cracow,Poland,PL,Kraków,50.06143,19.93658,ART,"Arts, Design & Music","Arte, Design e Musica",ART|EDU|HUM|MED,ETER,amuz.krakow.pl,http://www.amuz.krakow.pl/,,,,,,,
1219,Music Academy in Lodz,Poland,PL,Łódź,51.77058,19.47395,ART,"Arts, Design & Music","Arte, Design e Musica",ART,name-heuristic,amuz.lodz.pl,http://www.amuz.lodz.pl/,,,,,,,
1220,"Music Academy ""Ignacy Jana Paderewski"" in Poznan",Poland,PL,Poznań,52.40692,16.92993,ART,"Arts, Design & Music","Arte, Design e Musica",AGR|ARC|ART|BUS|EDU|ENG|HUM|ICT|LAW|MED|SCI|SOC,ETER,amuz.poznan.pl,http://www.amuz.poznan.pl/,,,,,,,
1221,"Music Academy ""Karol Lipinski"" in Wroclaw",Poland,PL,Wrocław,51.10286,17.03006,ART,"Arts, Design & Music","Arte, Design e Musica",AGR|ARC|ART|BUS|EDU|ENG|HUM|ICT|LAW|MED|SCI|SOC,ETER,amuz.wroc.pl,http://www.amuz.wroc.pl/,,,,,,,
1222,Medical Academy in Warszawa,Poland,PL,Warsaw,52.22977,21.01178,MED,Medicine & Health,Medicina e Salute,MED,name-heuristic,amwaw.edu.pl,http://www.amwaw.edu.pl/,,,,,,,
1223,Medical Academy in Wroclaw,Poland,PL,Wrocław,51.10286,17.03006,MED,Medicine & Health,Medicina e Salute,MED,name-heuristic,am.wroc.pl,http://www.am.wroc.pl/,,,,,,,
1224,Polonia University in Czêstochowa,Poland,PL,Częstochowa,50.79646,19.12409,COMP,Comprehensive (multi-field),Generalista (multidisciplinare),AGR|ARC|ART|BUS|EDU|ENG|HUM|ICT|LAW|MED|SCI|SOC,ETER,ap.edu.pl,http://www.ap.edu.pl/,,,,,,,
1225,Akademia Podlaska,Poland,PL,,,,COMP,Comprehensive (multi-field),Generalista (multidisciplinare),COMP,name-heuristic,ap.siedlce.pl,http://www.ap.siedlce.pl/,,,,,,,
1226,Agricultural University of Cracow,Poland,PL,Kraków,50.06143,19.93658,AGR,"Agriculture, Forestry & Veterinary",Agraria e Veterinaria,AGR|ARC|BUS|ENG|LAW|MED|SCI|SOC,ETER,ar.krakow.pl,http://www.ar.krakow.pl/,,,,,,,
1227,Agricultural University of Lublin,Poland,PL,Lublin,51.25058,22.57009,AGR,"Agriculture, Forestry & Veterinary",Agraria e Veterinaria,AGR,name-heuristic,ar.lublin.pl,http://www.ar.lublin.pl/,,,,,,,
1228,Agricultural University of Szczecin,Poland,PL,Szczecin,53.42894,14.55302,AGR,"Agriculture, Forestry & Veterinary",Agraria e Veterinaria,AGR,name-heuristic,ar.szczecin.pl,http://www.ar.szczecin.pl/,,,,,,,
1229,Agricultural-Technical Academy in Olsztyn,Poland,PL,Olsztyn,53.78376,20.49272,ENG,Engineering & Technology,Ingegneria e Tecnologia,ENG,name-heuristic,art.olsztyn.pl,http://www.art.olsztyn.pl/,,,,,,,
1230,Agricultural University of Wroclaw,Poland,PL,Wrocław,51.10286,17.03006,AGR,"Agriculture, Forestry & Veterinary",Agraria e Veterinaria,AGR,name-heuristic,ar.wroc.pl,http://www.ar.wroc.pl/,,,,,,,
1231,Fine Arts Academy in Gdansk,Poland,PL,Gdańsk,54.35227,18.64912,ART,"Arts, Design & Music","Arte, Design e Musica",ARC|ART|EDU|ENG|HUM,ETER,asp.gda.pl,http://www.asp.gda.pl/,,,,,,,
1232,Fine Arts Academy in Katowice,Poland,PL,Katowice,50.2597,19.02173,ART,"Arts, Design & Music","Arte, Design e Musica",ART|HUM,ETER,aspkat.edu.pl,http://www.aspkat.edu.pl/,,,,,,,
1233,Fine Arts Academy Wladyslaw Strzeminski in Lodz,Poland,PL,Łódź,51.77058,19.47395,ART,"Arts, Design & Music","Arte, Design e Musica",ART,name-heuristic,asp.lodz.pl,http://www.asp.lodz.pl/,,,,,,,
1234,Fine Arts Academy in Poznan,Poland,PL,Poznań,52.40692,16.92993,ART,"Arts, Design & Music","Arte, Design e Musica",AGR|ARC|ART|BUS|EDU|ENG|HUM|ICT|LAW|MED|SCI|SOC,ETER,asp.poznan.pl,http://www.asp.poznan.pl/,,,,,,,
1235,Fine Arts Academy in Warsaw,Poland,PL,Warsaw,52.22977,21.01178,ART,"Arts, Design & Music","Arte, Design e Musica",ART|EDU|HUM|SOC,ETER,asp.waw.pl,http://www.asp.waw.pl/,,,,,,,
1236,Fine Arts Academy in Wroclaw,Poland,PL,Wrocław,51.10286,17.03006,ART,"Arts, Design & Music","Arte, Design e Musica",ARC|ART|EDU|ENG|HUM,ETER,asp.wroc.pl,http://www.asp.wroc.pl/,,,,,,,
1237,Aleksander Zelwerowicz State Theatre Academy,Poland,PL,,,,ART,"Arts, Design & Music","Arte, Design e Musica",ART|HUM,ETER,at.edu.pl,http://www.at.edu.pl/,,,,,,,
1238,Agricultural University of Poznan,Poland,PL,Poznań,52.40692,16.92993,AGR,"Agriculture, Forestry & Veterinary",Agraria e Veterinaria,AGR,name-heuristic,au.poznan.pl,http://www.au.poznan.pl/,,,,,,,
1239,"Physical Education Academy ""Jozef Pilsudski"" in Warsaw",Poland,PL,Warsaw,52.22977,21.01178,EDU,Education & Sport Sciences,Scienze della Formazione e dello Sport,ARC|ART|EDU|ENG|HUM|MED|SOC,ETER,awf.edu.pl,http://www.awf.edu.pl/,,,,,,,
1240,"Physical Education Academy ""Jedrzej Sniadecki"" in Gdansk",Poland,PL,Gdańsk,54.35227,18.64912,EDU,Education & Sport Sciences,Scienze della Formazione e dello Sport,ARC|BUS|EDU|ENG|LAW|MED|SCI|SOC,ETER,awf.gda.pl,http://www.awf.gda.pl/,,,,,,,
1241,Physical Education Academy in Katowice,Poland,PL,Katowice,50.2597,19.02173,EDU,Education & Sport Sciences,Scienze della Formazione e dello Sport,AGR|ARC|ART|BUS|EDU|ENG|HUM|ICT|LAW|MED|SCI|SOC,ETER,awf.katowice.pl,http://www.awf.katowice.pl/,,,,,,,
1242,University School of Physical Education,Poland,PL,,,,EDU,Education & Sport Sciences,Scienze della Formazione e dello Sport,EDU,name-heuristic,awf.krakow.pl,http://www.awf.krakow.pl/,,,,,,,
1243,"Physical Education Academy ""Eugeniusz Piasecki"" in Poznan",Poland,PL,Poznań,52.40692,16.92993,EDU,Education & Sport Sciences,Scienze della Formazione e dello Sport,ARC|ART|BUS|EDU|ENG|HUM|LAW|MED|SCI|SOC,ETER,awf.poznan.pl,http://www.awf.poznan.pl/,,,,,,,
1244,Physical Education Academy in Wroclaw,Poland,PL,Wrocław,51.10286,17.03006,EDU,Education & Sport Sciences,Scienze della Formazione e dello Sport,AGR|ARC|ART|BUS|EDU|ENG|HUM|ICT|LAW|MED|SCI|SOC,ETER,awf.wroc.pl,http://www.awf.wroc.pl/,,,,,,,
1245,"Music Academy ""Fryderyk Chopin"" in Warszaw",Poland,PL,Warsaw,52.22977,21.01178,ART,"Arts, Design & Music","Arte, Design e Musica",ART,name-heuristic,chopin.edu.pl,http://www.chopin.edu.pl/,,,,,,,
1246,Collegium Civitas,Poland,PL,,,,COMP,Comprehensive (multi-field),Generalista (multidisciplinare),COMP,name-heuristic,collegium.edu.pl,http://www.collegium.edu.pl/,,,,,,,
1247,University of Lower Silesia of the Association for the Advancement of Education in Wroclaw.,Poland,PL,Wrocław,51.10286,17.03006,EDU,Education & Sport Sciences,Scienze della Formazione e dello Sport,EDU,name-heuristic,dswe.wroc.pl,http://www.dswe.wroc.pl/,,,,,,,
1248,European Academy of Arts in Warsaw,Poland,PL,Warsaw,52.22977,21.01178,ART,"Arts, Design & Music","Arte, Design e Musica",ARC|ART|BUS|EDU|ENG|HUM|ICT|LAW|SCI|SOC,ETER,eas.edu.pl,http://www.eas.edu.pl/,,,,,,,
1249,"State Film, Television and Theatre Higher School Leon Schiller in Lodz",Poland,PL,Łódź,51.77058,19.47395,ART,"Arts, Design & Music","Arte, Design e Musica",ART|HUM,ETER,filmowka.lodz.pl,http://www.filmowka.lodz.pl/,,,,,,,
1250,Silesian School of Economics and Languages,Poland,PL,,,,BUS,"Business, Economics & Management",Economia e Management,BUS,name-heuristic,gallus.pl,http://www.gallus.pl/,,,,,,,
1251,Katowice School of Economics,Poland,PL,Katowice,50.2597,19.02173,BUS,"Business, Economics & Management",Economia e Management,ARC|BUS|EDU|ENG|ICT|LAW|MED|SCI|SOC,ETER,gwsh.pl,http://www.gwsh.pl/,,,,,,,
1252,French Institute of Management,Poland,PL,,,,BUS,"Business, Economics & Management",Economia e Management,BUS,name-heuristic,ifg.com.pl,http://www.ifg.com.pl/,,,,,,,
1253,Andrzej Frycz Modrzewski Cracow College,Poland,PL,Kraków,50.06143,19.93658,COMP,Comprehensive (multi-field),Generalista (multidisciplinare),AGR|ARC|ART|BUS|EDU|ENG|HUM|ICT|LAW|MED|SCI|SOC,ETER,ksw.edu.pl,http://www.ksw.edu.pl/,,,,,,,
1254,Catholic University of Lublin,Poland,PL,Lublin,51.25058,22.57009,COMP,Comprehensive (multi-field),Generalista (multidisciplinare),AGR|ARC|ART|BUS|EDU|ENG|HUM|ICT|LAW|MED|SCI|SOC,ETER,kul.lublin.pl,http://www.kul.lublin.pl/,,,,,,,
1255,Lazarski School of Commerce and Law,Poland,PL,,,,BUS,"Business, Economics & Management",Economia e Management,BUS,name-heuristic,lazarski.pl,http://www.lazarski.pl/,,,,,,,
1256,Technical University of Radom,Poland,PL,Radom,51.40253,21.14714,ENG,Engineering & Technology,Ingegneria e Tecnologia,ARC|EDU|ENG|MED|SCI|SOC,ETER,man.radom.pl,http://www.man.radom.pl/,,,,,,,
1257,"Teacher Training College of Revalidation, Rehabilitation and Physical Education",Poland,PL,,,,EDU,Education & Sport Sciences,Scienze della Formazione e dello Sport,EDU,name-heuristic,nkrriwf.pl,http://www.nkrriwf.pl/,,,,,,,
1258,Pomeranian Academy of Medicine in Szczecin,Poland,PL,Szczecin,53.42894,14.55302,MED,Medicine & Health,Medicina e Salute,AGR|ARC|BUS|EDU|ENG|LAW|MED|SOC,ETER,pam.szczecin.pl,http://www.pam.szczecin.pl/,,,,,,,
1259,Technical University of Bialystok,Poland,PL,Białystok,53.13333,23.16433,ENG,Engineering & Technology,Ingegneria e Tecnologia,ENG,name-heuristic,pb.bialystok.pl,http://www.pb.bialystok.pl/,,,,,,,
1260,Technical University of Czestochowa,Poland,PL,Częstochowa,50.79646,19.12409,ENG,Engineering & Technology,Ingegneria e Tecnologia,AGR|ARC|ART|BUS|EDU|ENG|HUM|ICT|LAW|MED|SCI|SOC,ETER,pcz.czest.pl,http://www.pcz.czest.pl/,,,,,,,
1261,Technical University of Gdansk,Poland,PL,Gdańsk,54.35227,18.64912,ENG,Engineering & Technology,Ingegneria e Tecnologia,AGR|ARC|ART|BUS|EDU|ENG|HUM|ICT|LAW|MED|SCI|SOC,ETER,pg.gda.pl,http://www.pg.gda.pl/,1501+,10.3,27.3,15.1,35.3,36.9,31.6
1262,Polish-Japanese Institute of Information Technology in Warsaw,Poland,PL,Warsaw,52.22977,21.01178,ENG,Engineering & Technology,Ingegneria e Tecnologia,ENG,name-heuristic,pjwstk.edu.pl,http://www.pjwstk.edu.pl/,,,,,,,
1263,Technical University of Cracow,Poland,PL,Kraków,50.06143,19.93658,ENG,Engineering & Technology,Ingegneria e Tecnologia,ENG,name-heuristic,pk.edu.pl,http://www.pk.edu.pl/,,,,,,,
1264,Technical University of Lodz,Poland,PL,Łódź,51.77058,19.47395,ENG,Engineering & Technology,Ingegneria e Tecnologia,AGR|ARC|ART|BUS|EDU|ENG|HUM|ICT|LAW|SCI|SOC,ETER,p.lodz.pl,http://www.p.lodz.pl/,1501+,10.3,24.5,18.5,32.6,37.2,21.7
1265,Technical University of Lublin,Poland,PL,Lublin,51.25058,22.57009,ENG,Engineering & Technology,Ingegneria e Tecnologia,AGR|ARC|ART|BUS|EDU|ENG|HUM|ICT|LAW|MED|SCI|SOC,ETER,pol.lublin.pl,http://www.pol.lublin.pl/,,,,,,,
1266,Silesian Technical University of Gliwice,Poland,PL,Gliwice,50.29761,18.67658,ENG,Engineering & Technology,Ingegneria e Tecnologia,ENG,name-heuristic,polsl.gliwice.pl,http://www.polsl.gliwice.pl/,,,,,,,
1267,Technical University of Opole,Poland,PL,Opole,50.67119,17.92604,ENG,Engineering & Technology,Ingegneria e Tecnologia,AGR|ARC|ART|BUS|EDU|ENG|HUM|ICT|LAW|MED|SCI|SOC,ETER,po.opole.pl,http://www.po.opole.pl/,,,,,,,
1268,Technical University of Rzeszow,Poland,PL,Rzeszów,50.04132,21.99901,ENG,Engineering & Technology,Ingegneria e Tecnologia,AGR|ARC|ART|BUS|EDU|ENG|HUM|ICT|LAW|MED|SCI|SOC,ETER,prz.rzeszow.pl,http://www.prz.rzeszow.pl/,1501+,10.3,22.7,14.0,25.3,28.2,22.7
1269,Pedagogical University of Kielce,Poland,PL,Kielce,50.87033,20.62752,EDU,Education & Sport Sciences,Scienze della Formazione e dello Sport,EDU,name-heuristic,pu.kielce.pl,http://www.pu.kielce.pl/,,,,,,,
1270,Poznan University of Life Sciences,Poland,PL,Poznań,52.40692,16.92993,COMP,Comprehensive (multi-field),Generalista (multidisciplinare),AGR|ARC|ART|BUS|EDU|ENG|HUM|LAW|MED|SCI|SOC,ETER,puls.edu.pl,http://www.puls.edu.pl/,1201–1500,27.3,26.5,12.8,41.0,30.2,30.3
1271,Technical University of Poznan,Poland,PL,Poznań,52.40692,16.92993,ENG,Engineering & Technology,Ingegneria e Tecnologia,AGR|ARC|ART|BUS|EDU|ENG|HUM|ICT|LAW|MED|SCI|SOC,ETER,put.poznan.pl,http://www.put.poznan.pl/,,,,,,,
1272,Warsaw University of Technology,Poland,PL,Warsaw,52.22977,21.01178,ENG,Engineering & Technology,Ingegneria e Tecnologia,AGR|ARC|ART|BUS|EDU|ENG|HUM|ICT|LAW|MED|SCI|SOC,ETER,pw.edu.pl,http://www.pw.edu.pl/,1201–1500,27.3,28.3,17.7,32.9,33.9,61.1
1273,Technical University of Wroclaw,Poland,PL,Wrocław,51.10286,17.03006,ENG,Engineering & Technology,Ingegneria e Tecnologia,ENG,name-heuristic,pwr.wroc.pl,http://www.pwr.wroc.pl/,,,,,,,
1274,Ludwik Solski State Academy of Theatre in Cracow,Poland,PL,Kraków,50.06143,19.93658,ART,"Arts, Design & Music","Arte, Design e Musica",ART,name-heuristic,pwst.krakow.pl,http://www.pwst.krakow.pl/,,,,,,,
1275,Walcz College,Poland,PL,Wałcz,53.27787,16.47122,COMP,Comprehensive (multi-field),Generalista (multidisciplinare),COMP,name-heuristic,pwsz.eu,http://www.pwsz.eu/,,,,,,,
1276,Staszic Pila College,Poland,PL,Piła,53.15145,16.73782,COMP,Comprehensive (multi-field),Generalista (multidisciplinare),COMP,name-heuristic,pwsz.pila.pl,http://www.pwsz.pila.pl/,,,,,,,
1277,Technical University of Zielona Gora,Poland,PL,Zielona Góra,51.93548,15.50643,ENG,Engineering & Technology,Ingegneria e Tecnologia,AGR|ARC|ART|BUS|EDU|ENG|HUM|ICT|LAW|MED|SCI|SOC,ETER,pz.zgora.pl,http://www.pz.zgora.pl/,,,,,,,
1278,Christian Theological Academy in Warszaw,Poland,PL,Warsaw,52.22977,21.01178,THEO,Theology & Religious Studies,Teologia e Studi Religiosi,ARC|ART|EDU|ENG|HUM|MED,ETER,chat.edu.pl,https://chat.edu.pl/,,,,,,,
1279,Agricultural University of Warsaw,Poland,PL,Warsaw,52.22977,21.01178,AGR,"Agriculture, Forestry & Veterinary",Agraria e Veterinaria,AGR,name-heuristic,sggw.waw.pl,http://www.sggw.waw.pl/,,,,,,,
1280,Warsaw School of Economics,Poland,PL,Warsaw,52.22977,21.01178,BUS,"Business, Economics & Management",Economia e Management,BUS|ICT|LAW|SCI|SOC,ETER,sgh.waw.pl,http://www.sgh.waw.pl/,1501+,10.3,25.3,21.6,31.8,39.7,16.4
1281,Silesian Academy of Medicine in Katowice,Poland,PL,Katowice,50.2597,19.02173,MED,Medicine & Health,Medicina e Salute,MED,ETER,slam.katowice.pl,http://www.slam.katowice.pl/,,,,,,,
1282,Warsaw School of Social Psychology,Poland,PL,Warsaw,52.22977,21.01178,COMP,Comprehensive (multi-field),Generalista (multidisciplinare),COMP,name-heuristic,swps.edu.pl,http://www.swps.edu.pl/,,,,,,,
1283,Technical University of Kielce,Poland,PL,Kielce,50.87033,20.62752,ENG,Engineering & Technology,Ingegneria e Tecnologia,AGR|ARC|ART|BUS|EDU|ENG|HUM|ICT|LAW|MED|SCI|SOC,ETER,tu.kielce.pl,http://www.tu.kielce.pl/,,,,,,,
1284,Technical University of Koszalin,Poland,PL,Koszalin,54.19438,16.17222,ENG,Engineering & Technology,Ingegneria e Tecnologia,AGR|ARC|ART|BUS|EDU|ENG|HUM|ICT|LAW|MED|SCI|SOC,ETER,tu.koszalin.pl,http://www.tu.koszalin.pl/,,,,,,,
1285,Technical University of Szczecin,Poland,PL,Szczecin,53.42894,14.55302,ENG,Engineering & Technology,Ingegneria e Tecnologia,AGR|ARC|ART|BUS|EDU|ENG|HUM|ICT|LAW|MED|SCI|SOC,ETER,tuniv.szczecin.pl,http://www.tuniv.szczecin.pl/,1501+,10.3,23.5,10.0,27.8,30.8,17.4
1286,Józef Tyszkiewicz College of Business and Computer Science in Bielsko-Biala,Poland,PL,Bielsko-Biala,49.82245,19.04686,BUS,"Business, Economics & Management",Economia e Management,BUS,name-heuristic,tyszkiewicz.edu.pl,http://www.tyszkiewicz.edu.pl/,,,,,,,
1287,University of Bialystok,Poland,PL,Białystok,53.13333,23.16433,COMP,Comprehensive (multi-field),Generalista (multidisciplinare),COMP,name-heuristic,ub.edu.pl,http://www.ub.edu.pl/,,,,,,,
1288,Jagiellonian University Cracow,Poland,PL,Kraków,50.06143,19.93658,COMP,Comprehensive (multi-field),Generalista (multidisciplinare),AGR|ARC|ART|BUS|EDU|ENG|HUM|ICT|LAW|MED|SCI|SOC,ETER,uj.edu.pl,http://www.uj.edu.pl/,,,,,,,
1289,Cardinal Stefan Wyszynski University in Warsaw,Poland,PL,Warsaw,52.22977,21.01178,COMP,Comprehensive (multi-field),Generalista (multidisciplinare),ARC|ART|BUS|EDU|ENG|HUM|ICT|LAW|MED|SCI|SOC,ETER,uksw.edu.pl,http://www.uksw.edu.pl/,1501+,10.3,27.6,22.1,29.1,29.8,18.3
1290,Maria Curie-Sklodowska University Lublin,Poland,PL,Lublin,51.25058,22.57009,COMP,Comprehensive (multi-field),Generalista (multidisciplinare),AGR|ARC|ART|BUS|EDU|ENG|HUM|ICT|LAW|MED|SCI|SOC,ETER,umcs.lublin.pl,http://www.umcs.lublin.pl/,,,,,,,
1291,University of Economics and Innovation Lublin,Poland,PL,Lublin,51.25058,22.57009,BUS,"Business, Economics & Management",Economia e Management,AGR|ARC|BUS|EDU|ENG|ICT|LAW|MED|SCI|SOC,ETER,wsei.lublin.pl,https://www.wsei.lublin.pl/,,,,,,,
1292,University of Lodz,Poland,PL,Łódź,51.77058,19.47395,COMP,Comprehensive (multi-field),Generalista (multidisciplinare),COMP,name-heuristic,uni.lodz.pl,http://www.uni.lodz.pl/,,,,,,,
1293,University of Opole,Poland,PL,Opole,50.67119,17.92604,COMP,Comprehensive (multi-field),Generalista (multidisciplinare),COMP,name-heuristic,uni.opole.pl,http://www.uni.opole.pl/,,,,,,,
1294,Nicolaus Copernicus University of Torun,Poland,PL,Toruń,53.01375,18.59814,COMP,Comprehensive (multi-field),Generalista (multidisciplinare),AGR|ARC|ART|BUS|EDU|ENG|HUM|ICT|LAW|MED|SCI|SOC,ETER,uni.torun.pl,http://www.uni.torun.pl/,1201–1500,27.3,29.6,23.1,38.6,35.6,33.2
1295,University of Gdansk,Poland,PL,Gdańsk,54.35227,18.64912,COMP,Comprehensive (multi-field),Generalista (multidisciplinare),COMP,name-heuristic,univ.gda.pl,http://www.univ.gda.pl/,,,,,,,
1296,Pedagogical University of Rzeszow,Poland,PL,Rzeszów,50.04132,21.99901,EDU,Education & Sport Sciences,Scienze della Formazione e dello Sport,EDU,name-heuristic,univ.rzeszow.pl,http://www.univ.rzeszow.pl/,,,,,,,
1297,University of Szczecin,Poland,PL,Szczecin,53.42894,14.55302,COMP,Comprehensive (multi-field),Generalista (multidisciplinare),COMP,name-heuristic,univ.szczecin.pl,http://www.univ.szczecin.pl/,,,,,,,
1298,University of Wroclaw,Poland,PL,Wrocław,51.10286,17.03006,COMP,Comprehensive (multi-field),Generalista (multidisciplinare),COMP,name-heuristic,uni.wroc.pl,http://www.uni.wroc.pl/,,,,,,,
1299,University of Silesia,Poland,PL,,,,COMP,Comprehensive (multi-field),Generalista (multidisciplinare),COMP,name-heuristic,us.edu.pl,http://www.us.edu.pl/,,,,,,,
1300,Medical Academy Karol Marcinkowski in Poznan,Poland,PL,Poznań,52.40692,16.92993,MED,Medicine & Health,Medicina e Salute,AGR|ARC|ART|BUS|EDU|ENG|HUM|LAW|MED|SCI,ETER,usoms.poznan.pl,http://www.usoms.poznan.pl/,,,,,,,
1301,University of Technology and Life Sciences,Poland,PL,,,,ENG,Engineering & Technology,Ingegneria e Tecnologia,ENG,name-heuristic,utp.edu.pl,http://www.utp.edu.pl/,,,,,,,
1302,University of Warsaw,Poland,PL,Warsaw,52.22977,21.01178,COMP,Comprehensive (multi-field),Generalista (multidisciplinare),AGR|ARC|ART|BUS|EDU|ENG|HUM|ICT|LAW|MED|SCI|SOC,ETER,uw.edu.pl,http://www.uw.edu.pl/,601–800,39.0,38.1,32.6,46.7,45.0,39.3
1303,University of Wamia and Masuria in Olsztyn,Poland,PL,Olsztyn,53.78376,20.49272,COMP,Comprehensive (multi-field),Generalista (multidisciplinare),COMP,name-heuristic,uwm.edu.pl,http://www.uwm.edu.pl/,,,,,,,
1304,Pawel Wlodkowic University College in Plock,Poland,PL,Płock,52.54682,19.70638,COMP,Comprehensive (multi-field),Generalista (multidisciplinare),AGR|ARC|ART|BUS|EDU|ENG|HUM|ICT|LAW|MED|SCI|SOC,ETER,wlodkowic.pl,http://www.wlodkowic.pl/,,,,,,,
1305,Higher School o Business/National Louis University(WSB/NLU) in Nowy Sacz,Poland,PL,Nowy Sącz,49.62177,20.69705,BUS,"Business, Economics & Management",Economia e Management,AGR|ARC|ART|BUS|EDU|ENG|HUM|ICT|LAW|MED|SCI|SOC,ETER,wsb-nlu.edu.pl,http://www.wsb-nlu.edu.pl/,,,,,,,
1306,Poznan School of Banking,Poland,PL,Poznań,52.40692,16.92993,COMP,Comprehensive (multi-field),Generalista (multidisciplinare),AGR|ARC|ART|BUS|EDU|ENG|HUM|ICT|LAW|MED|SCI|SOC,ETER,wsb.poznan.pl,http://www.wsb.poznan.pl/,,,,,,,
1307,Higher School o Business in Tarnow,Poland,PL,Tarnów,50.01381,20.98698,BUS,"Business, Economics & Management",Economia e Management,AGR|ARC|ART|BUS|EDU|ENG|HUM|ICT|LAW|MED|SCI|SOC,ETER,wsb.toi.tarnow.pl,http://wsb.toi.tarnow.pl/,,,,,,,
1308,University of Finance and Management in Bialystok,Poland,PL,Białystok,53.13333,23.16433,BUS,"Business, Economics & Management",Economia e Management,AGR|ARC|ART|BUS|EDU|ENG|HUM|ICT|LAW|MED|SCI|SOC,ETER,wsfiz.edu.pl,http://www.wsfiz.edu.pl/,,,,,,,
1309,Aleksander Gieysztor School of Humanities in Pultusk,Poland,PL,Pułtusk,52.7025,21.08276,HUM,Humanities & Languages,Studi Umanistici e Lingue,HUM,name-heuristic,wsh.edu.pl,http://www.wsh.edu.pl/,,,,,,,
1310,Ryszard Lazarski University of Commerce and Law in Warsaw,Poland,PL,Warsaw,52.22977,21.01178,BUS,"Business, Economics & Management",Economia e Management,BUS,name-heuristic,wship.edu.pl,http://www.wship.edu.pl/,,,,,,,
1311,College of Computer Science in Lodz,Poland,PL,Łódź,51.77058,19.47395,ICT,Computer Science & IT,Informatica e IT,AGR|ARC|ART|BUS|EDU|ENG|HUM|ICT|LAW|MED|SCI|SOC,ETER,wsinf.edu.pl,http://www.wsinf.edu.pl/,,,,,,,
1312,Warsaw School of Information Technology,Poland,PL,Warsaw,52.22977,21.01178,ENG,Engineering & Technology,Ingegneria e Tecnologia,ART|BUS|EDU|HUM|ICT|LAW|MED|SCI|SOC,ETER,wsisiz.edu.pl,http://www.wsisiz.edu.pl/,,,,,,,
1313,University of Information Technology and Management in Rzeszow,Poland,PL,Rzeszów,50.04132,21.99901,ENG,Engineering & Technology,Ingegneria e Tecnologia,AGR|ARC|ART|BUS|EDU|ENG|HUM|ICT|LAW|MED|SCI|SOC,ETER,wsiz.rzeszow.pl,http://www.wsiz.rzeszow.pl/,,,,,,,
1314,Gdynia Maritime Academy,Poland,PL,Gdynia,54.51889,18.53188,ENG,Engineering & Technology,Ingegneria e Tecnologia,AGR|ARC|BUS|ENG|ICT|LAW|SCI|SOC,ETER,wsm.gdynia.pl,http://www.wsm.gdynia.pl/,1501+,10.3,23.4,11.5,15.5,21.2,54.2
1315,"Academy of International Economic and Political Relations, Gdynia",Poland,PL,Gdynia,54.51889,18.53188,BUS,"Business, Economics & Management",Economia e Management,BUS,name-heuristic,wsms.edu.pl,http://www.wsms.edu.pl/,,,,,,,
1316,Maritime University in Szczecin,Poland,PL,Szczecin,53.42894,14.55302,ENG,Engineering & Technology,Ingegneria e Tecnologia,AGR|ARC|ART|BUS|EDU|ENG|HUM|ICT|LAW|MED|SCI|SOC,ETER,wsm.szczecin.pl,http://www.wsm.szczecin.pl/,Reporter,,,,,,
1317,Pedagogical University of Bydgoszcz,Poland,PL,Bydgoszcz,53.1235,18.00762,EDU,Education & Sport Sciences,Scienze della Formazione e dello Sport,AGR|ARC|ART|BUS|EDU|ENG|HUM|LAW|MED|SOC,ETER,wsp.bydgoszcz.pl,http://www.wsp.bydgoszcz.pl/,,,,,,,
1318,Pedagogical University of Czestochowa,Poland,PL,Częstochowa,50.79646,19.12409,EDU,Education & Sport Sciences,Scienze della Formazione e dello Sport,EDU,name-heuristic,wsp.czest.pl,http://www.wsp.czest.pl/,,,,,,,
1319,Leon Kozminski Academy of Entrepreneurship and Management in Warsaw,Poland,PL,Warsaw,52.22977,21.01178,BUS,"Business, Economics & Management",Economia e Management,BUS,name-heuristic,wspiz.edu.pl,http://www.wspiz.edu.pl/,,,,,,,
1320,Pedagogical University of Krakow,Poland,PL,Kraków,50.06143,19.93658,EDU,Education & Sport Sciences,Scienze della Formazione e dello Sport,EDU,name-heuristic,wsp.krakow.pl,http://www.wsp.krakow.pl/,,,,,,,
1321,Pedagogical University of Slupsk,Poland,PL,Słupsk,54.46405,17.02872,EDU,Education & Sport Sciences,Scienze della Formazione e dello Sport,EDU,name-heuristic,wsp.slupsk.pl,http://www.wsp.slupsk.pl/,,,,,,,
1322,Maria Grzegorzewska College for Special Education,Poland,PL,,,,EDU,Education & Sport Sciences,Scienze della Formazione e dello Sport,ARC|ART|BUS|EDU|ENG|HUM|LAW|MED|SOC,ETER,wsps.waw.pl,http://www.wsps.waw.pl/,,,,,,,
1323,Pedagogical University of the Polish Association for Adult Education in Warsaw,Poland,PL,Warsaw,52.22977,21.01178,EDU,Education & Sport Sciences,Scienze della Formazione e dello Sport,EDU,name-heuristic,wsptwpwaw.edu.pl,http://www.wsptwpwaw.edu.pl/,,,,,,,
1324,Pedagogical University of Zielona Gora,Poland,PL,Zielona Góra,51.93548,15.50643,EDU,Education & Sport Sciences,Scienze della Formazione e dello Sport,EDU,name-heuristic,wsp.zgora.pl,http://www.wsp.zgora.pl/,,,,,,,
1325,University of Insurance and Banking in Warsaw,Poland,PL,Warsaw,52.22977,21.01178,COMP,Comprehensive (multi-field),Generalista (multidisciplinare),COMP,name-heuristic,wsub.waw.pl,http://www.wsub.waw.pl/,,,,,,,
1326,School of Banking and Management in Cracow,Poland,PL,Kraków,50.06143,19.93658,BUS,"Business, Economics & Management",Economia e Management,ARC|BUS|ENG|ICT|LAW|SCI|SOC,ETER,wszib.krakow.pl,http://www.wszib.krakow.pl/,,,,,,,
1327,University of Management and Marketing,Poland,PL,,,,BUS,"Business, Economics & Management",Economia e Management,BUS,name-heuristic,wszim.edu.pl,http://www.wszim.edu.pl/,,,,,,,
1328,Gdansk Management College,Poland,PL,Gdańsk,54.35227,18.64912,BUS,"Business, Economics & Management",Economia e Management,BUS,name-heuristic,wsz.pl,http://www.wsz.pl/,,,,,,,
1329,Polish Open University in Warsaw (WSZ/POU),Poland,PL,Warsaw,52.22977,21.01178,COMP,Comprehensive (multi-field),Generalista (multidisciplinare),BUS|LAW|SOC,ETER,wsz-pou.edu.pl,http://www.wsz-pou.edu.pl/,,,,,,,
1330,West Pomeranian Business School in Szczecin,Poland,PL,Szczecin,53.42894,14.55302,BUS,"Business, Economics & Management",Economia e Management,AGR|ARC|ART|BUS|EDU|ENG|HUM|ICT|LAW|MED|SCI|SOC,ETER,zpsb.szczecin.pl,http://www.zpsb.szczecin.pl/,,,,,,,
1331,Instituto Superior de Informática e Gestão,Portugal,PT,,,,COMP,Comprehensive (multi-field),Generalista (multidisciplinare),COMP,name-heuristic,cocite.pt,http://www.cocite.pt/,,,,,,,
1332,Escola Nautica Infante D. Henrique,Portugal,PT,,,,COMP,Comprehensive (multi-field),Generalista (multidisciplinare),COMP,name-heuristic,enautica.pt,http://www.enautica.pt/,,,,,,,
1333,Escola Superior de Artes e Design,Portugal,PT,,,,ART,"Arts, Design & Music","Arte, Design e Musica",ART,name-heuristic,esad.pt,http://www.esad.pt/,,,,,,,
1334,Escola Superior de Hotelaria e Turismo do Estoril,Portugal,PT,Estoril,38.70571,-9.39773,COMP,Comprehensive (multi-field),Generalista (multidisciplinare),COMP,name-heuristic,eshte.pt,http://www.eshte.pt/,,,,,,,
1335,European University Portugal,Portugal,PT,,,,COMP,Comprehensive (multi-field),Generalista (multidisciplinare),COMP,name-heuristic,europeanuniversity.pt,http://www.europeanuniversity.pt/,,,,,,,
1336,"Instituto de Artes Visuais, Design e Marketing - IADE",Portugal,PT,,,,ART,"Arts, Design & Music","Arte, Design e Musica",ART,name-heuristic,iade.pt,http://www.iade.pt/,,,,,,,
1337,Instituto Superior Novas Profissões - INP,Portugal,PT,,,,COMP,Comprehensive (multi-field),Generalista (multidisciplinare),COMP,name-heuristic,inp.pt,http://www.inp.pt/,,,,,,,
1338,Instituto Superior D. Afonso III - INUAF,Portugal,PT,,,,COMP,Comprehensive (multi-field),Generalista (multidisciplinare),ART|BUS|EDU|HUM|LAW|SCI|SOC,ETER,inuaf-studia.pt,http://www.inuaf-studia.pt/,,,,,,,
1339,Instituto Politécnico de Beja,Portugal,PT,Beja,38.01469,-7.86284,ENG,Engineering & Technology,Ingegneria e Tecnologia,AGR|ARC|ART|BUS|EDU|ENG|HUM|ICT|LAW|MED|SCI|SOC,ETER,ipbeja.pt,http://www.ipbeja.pt/,,,,,,,
1340,Instituto Politécnico de Bragança,Portugal,PT,Bragança,41.80716,-6.75898,ENG,Engineering & Technology,Ingegneria e Tecnologia,AGR|ARC|ART|BUS|EDU|ENG|HUM|ICT|LAW|MED|SCI|SOC,ETER,ipb.pt,http://www.ipb.pt/,,,,,,,
1341,Instituto Politécnico do Cávado e do Ave,Portugal,PT,,,,ENG,Engineering & Technology,Ingegneria e Tecnologia,ENG,name-heuristic,ipca.pt,http://www.ipca.pt/,,,,,,,
1342,Instituto Politécnico de Castelo Branco,Portugal,PT,Castelo Branco,39.82364,-7.49101,ENG,Engineering & Technology,Ingegneria e Tecnologia,AGR|ARC|ART|BUS|EDU|ENG|HUM|ICT|LAW|MED|SCI,ETER,ipcb.pt,http://www.ipcb.pt/,,,,,,,
1343,Instituto Politécnico de Coimbra,Portugal,PT,Coimbra,40.20686,-8.41996,ENG,Engineering & Technology,Ingegneria e Tecnologia,ENG,name-heuristic,ipc.pt,http://www.ipc.pt/,,,,,,,
1344,Instituto Politécnico da Guarda,Portugal,PT,Guarda,40.53754,-7.26631,ENG,Engineering & Technology,Ingegneria e Tecnologia,ENG,name-heuristic,ipg.pt,http://www.ipg.pt/,,,,,,,
1345,Instituto Piaget,Portugal,PT,,,,COMP,Comprehensive (multi-field),Generalista (multidisciplinare),COMP,name-heuristic,ipiaget.org,http://www.ipiaget.org/,,,,,,,
1346,Instituto Politécnico de Leiria,Portugal,PT,Leiria,39.74362,-8.80705,ENG,Engineering & Technology,Ingegneria e Tecnologia,AGR|ARC|ART|BUS|EDU|ENG|HUM|ICT|LAW|MED|SCI|SOC,ETER,ipleiria.pt,https://www.ipleiria.pt/,,,,,,,
1347,Instituto Politécnico de Lisboa,Portugal,PT,Lisbon,38.72509,-9.1498,ENG,Engineering & Technology,Ingegneria e Tecnologia,ENG,name-heuristic,ipl.pt,http://www.ipl.pt/,,,,,,,
1348,Instituto Politécnico de Portalegre,Portugal,PT,Portalegre,39.29379,-7.43122,ENG,Engineering & Technology,Ingegneria e Tecnologia,AGR|ARC|ART|BUS|EDU|ENG|HUM|ICT|LAW|MED|SOC,ETER,ipportalegre.pt,http://www.ipportalegre.pt/,,,,,,,
1349,Instituto Politecnico do Porto,Portugal,PT,Porto,41.1485,-8.61097,ENG,Engineering & Technology,Ingegneria e Tecnologia,ENG,name-heuristic,ipp.pt,http://www.ipp.pt/,,,,,,,
1350,Instituto Politécnico de Santarém,Portugal,PT,Santarém,39.23379,-8.68617,ENG,Engineering & Technology,Ingegneria e Tecnologia,AGR|ARC|ART|BUS|EDU|ENG|HUM|ICT|LAW|MED|SCI|SOC,ETER,ipsantarem.pt,http://www.ipsantarem.pt/,,,,,,,
1351,Instituto Politécnico de Setúbal,Portugal,PT,Setúbal,38.5244,-8.8882,ENG,Engineering & Technology,Ingegneria e Tecnologia,AGR|ARC|ART|BUS|EDU|ENG|HUM|ICT|LAW|MED|SCI|SOC,ETER,ips.pt,http://www.ips.pt/,,,,,,,
1352,Instituto Politécnico de Tomar,Portugal,PT,Tomar,39.60199,-8.40924,ENG,Engineering & Technology,Ingegneria e Tecnologia,ARC|ART|BUS|ENG|HUM|ICT|LAW|SCI|SOC,ETER,ipt.pt,http://www.ipt.pt/,,,,,,,
1353,Instituto Politécnico de Viana do Castelo,Portugal,PT,Viana do Castelo,41.69323,-8.83287,ENG,Engineering & Technology,Ingegneria e Tecnologia,AGR|ARC|ART|BUS|EDU|ENG|HUM|ICT|LAW|MED|SCI|SOC,ETER,ipvc.pt,http://www.ipvc.pt/,1501+,10.3,13.8,15.6,38.1,45.3,22.7
1354,Instituto Superior de Assistentes e Intérpretes,Portugal,PT,,,,COMP,Comprehensive (multi-field),Generalista (multidisciplinare),COMP,name-heuristic,isai.pt,http://www.isai.pt/,,,,,,,
1355,Instituto Superior de Saúde do Alto Ave,Portugal,PT,,,,COMP,Comprehensive (multi-field),Generalista (multidisciplinare),COMP,name-heuristic,isave.edu.pt,http://www.isave.edu.pt/,,,,,,,
1356,Instituto Superior Bissaya Barreto,Portugal,PT,,,,COMP,Comprehensive (multi-field),Generalista (multidisciplinare),COMP,name-heuristic,isbb.pt,http://www.isbb.pt/,,,,,,,
1357,Instituto Superior de Ciências Empresariais e de Turismo,Portugal,PT,,,,COMP,Comprehensive (multi-field),Generalista (multidisciplinare),COMP,name-heuristic,iscet.pt,http://www.iscet.pt/,,,,,,,
1358,ISCTE - Instituto Universitário de Lisboa,Portugal,PT,Lisbon,38.72509,-9.1498,COMP,Comprehensive (multi-field),Generalista (multidisciplinare),COMP,name-heuristic,iscte.pt,http://www.iscte-iul.pt/,,,,,,,
1359,Instituto Superior de Gestão - ISG,Portugal,PT,,,,COMP,Comprehensive (multi-field),Generalista (multidisciplinare),COMP,name-heuristic,isg.pt,http://www.isg.pt/,,,,,,,
1360,Instituto Superior de Línguas e Administração,Portugal,PT,,,,COMP,Comprehensive (multi-field),Generalista (multidisciplinare),ARC|BUS|EDU|ENG|ICT|LAW|SOC,ETER,isla.pt,http://www.isla.pt/,,,,,,,
1361,Instituto Superior de Paços de Brandão,Portugal,PT,,,,COMP,Comprehensive (multi-field),Generalista (multidisciplinare),COMP,name-heuristic,ispab.pt,http://www.ispab.pt/,,,,,,,
1362,Instituto Superior de Psicologia Aplicada,Portugal,PT,,,,COMP,Comprehensive (multi-field),Generalista (multidisciplinare),COMP,name-heuristic,ispa.pt,http://www.ispa.pt/,,,,,,,
1363,Instituto Superior Politécnico Gaya,Portugal,PT,,,,ENG,Engineering & Technology,Ingegneria e Tecnologia,ENG,name-heuristic,ispgaya.pt,http://www.ispgaya.pt/,,,,,,,
1364,Instituto Superior de Tecnologias Avançadas - ISTEC,Portugal,PT,,,,COMP,Comprehensive (multi-field),Generalista (multidisciplinare),COMP,name-heuristic,istec.pt,http://www.istec.pt/,,,,,,,
1365,Instituto Superior de Transportes e Comunicações,Portugal,PT,,,,EDU,Education & Sport Sciences,Scienze della Formazione e dello Sport,EDU,name-heuristic,istp.pt,http://www.istp.pt/,,,,,,,
1366,Instituto Superior de Entre Douro e Vouga,Portugal,PT,,,,COMP,Comprehensive (multi-field),Generalista (multidisciplinare),COMP,name-heuristic,isvouga.com,http://www.isvouga.com/,,,,,,,
1367,Instituto Superior de Ciências Educativas,Portugal,PT,,,,COMP,Comprehensive (multi-field),Generalista (multidisciplinare),COMP,name-heuristic,pedago.pt,http://www.pedago.pt/,,,,,,,
1368,Universidade dos Acores,Portugal,PT,,,,COMP,Comprehensive (multi-field),Generalista (multidisciplinare),COMP,name-heuristic,uac.pt,http://www.uac.pt/,,,,,,,
1369,Universidade do Algarve,Portugal,PT,,,,COMP,Comprehensive (multi-field),Generalista (multidisciplinare),COMP,name-heuristic,ualg.pt,http://www.ualg.pt/,,,,,,,
1370,Universidade de Aveiro,Portugal,PT,Aveiro,40.64575,-8.64643,COMP,Comprehensive (multi-field),Generalista (multidisciplinare),ARC|ART|BUS|EDU|ENG|HUM|ICT|LAW|MED|SCI|SOC,ETER,ua.pt,http://www.ua.pt/,601–800,39.0,31.6,31.5,53.8,46.3,55.3
1371,Universidade Atlântica,Portugal,PT,,,,COMP,Comprehensive (multi-field),Generalista (multidisciplinare),AGR|ARC|ART|BUS|EDU|ENG|HUM|ICT|LAW|MED|SCI|SOC,ETER,uatla.pt,http://www.uatla.pt/,,,,,,,
1372,Universidade da Beira Interior,Portugal,PT,,,,COMP,Comprehensive (multi-field),Generalista (multidisciplinare),ARC|ART|BUS|EDU|ENG|HUM|ICT|LAW|MED|SCI|SOC,ETER,ubi.pt,http://www.ubi.pt/,601–800,39.0,23.8,23.4,71.4,51.2,39.7
1373,Universidade Catolica Portuguesa,Portugal,PT,,,,COMP,Comprehensive (multi-field),Generalista (multidisciplinare),COMP,name-heuristic,ucp.pt,http://www.ucp.pt/,,,,,,,
1374,Universidade de Coimbra,Portugal,PT,Coimbra,40.20686,-8.41996,COMP,Comprehensive (multi-field),Generalista (multidisciplinare),AGR|ARC|ART|BUS|EDU|ENG|HUM|ICT|LAW|MED|SCI|SOC,ETER,uc.pt,http://www.uc.pt/,401–500,46.2,33.8,42.1,61.5,54.7,81.4
1375,Universidade de Evora,Portugal,PT,Évora,38.56587,-7.90405,COMP,Comprehensive (multi-field),Generalista (multidisciplinare),AGR|ARC|ART|BUS|EDU|ENG|HUM|ICT|LAW|MED|SCI|SOC,ETER,uevora.pt,http://www.uevora.pt/,1201–1500,27.3,25.0,21.5,36.8,54.3,25.1
1376,Universidade Fernando Pessoa,Portugal,PT,,,,COMP,Comprehensive (multi-field),Generalista (multidisciplinare),ARC|ART|BUS|EDU|ENG|HUM|LAW|MED|SCI|SOC,ETER,ufp.pt,http://www.ufp.pt/,,,,,,,
1377,Universidade Internacional Lisboa,Portugal,PT,Lisbon,38.72509,-9.1498,COMP,Comprehensive (multi-field),Generalista (multidisciplinare),COMP,name-heuristic,uinternacional.pt,http://www.uinternacional.pt/,,,,,,,
1378,Universidade de Lisboa,Portugal,PT,Lisbon,38.72509,-9.1498,COMP,Comprehensive (multi-field),Generalista (multidisciplinare),AGR|ARC|ART|BUS|EDU|ENG|HUM|ICT|LAW|MED|SCI|SOC,ETER,ul.pt,http://www.ul.pt/,,,,,,,
1379,Universidade Lusiada,Portugal,PT,,,,COMP,Comprehensive (multi-field),Generalista (multidisciplinare),COMP,name-heuristic,ulusiada.pt,http://www.ulusiada.pt/,,,,,,,
1380,Universidade Lusófona de Humanidades e Technologias,Portugal,PT,,,,ENG,Engineering & Technology,Ingegneria e Tecnologia,ENG,name-heuristic,ulusofona.pt,http://www.ulusofona.pt/,,,,,,,
1381,Universidade da Madeira,Portugal,PT,,,,COMP,Comprehensive (multi-field),Generalista (multidisciplinare),COMP,name-heuristic,uma.pt,http://www.uma.pt/,,,,,,,
1382,Universidade do Minho,Portugal,PT,,,,COMP,Comprehensive (multi-field),Generalista (multidisciplinare),COMP,name-heuristic,uminho.pt,http://www.uminho.pt/,,,,,,,
1383,Universidade Moderna de Lisboa,Portugal,PT,Lisbon,38.72509,-9.1498,COMP,Comprehensive (multi-field),Generalista (multidisciplinare),COMP,name-heuristic,umoderna.pt,http://www.umoderna.pt/,,,,,,,
1384,Universidade Independente,Portugal,PT,,,,COMP,Comprehensive (multi-field),Generalista (multidisciplinare),COMP,name-heuristic,uni.pt,http://www.uni.pt/,,,,,,,
1385,Universidade Aberta Lisboa,Portugal,PT,Lisbon,38.72509,-9.1498,COMP,Comprehensive (multi-field),Generalista (multidisciplinare),COMP,name-heuristic,univ-ab.pt,http://www.univ-ab.pt/,,,,,,,
1386,Universidade Autónoma de Lisboa Luís de Camoes,Portugal,PT,Lisbon,38.72509,-9.1498,COMP,Comprehensive (multi-field),Generalista (multidisciplinare),COMP,name-heuristic,universidade-autonoma.pt,http://www.universidade-autonoma.pt/,,,,,,,
1387,Universidade Nova de Lisboa,Portugal,PT,Lisbon,38.72509,-9.1498,COMP,Comprehensive (multi-field),Generalista (multidisciplinare),COMP,name-heuristic,unl.pt,http://www.unl.pt/,,,,,,,
1388,Universidade Portucalense Infante D. Henrique,Portugal,PT,,,,COMP,Comprehensive (multi-field),Generalista (multidisciplinare),AGR|ARC|ART|BUS|EDU|ENG|HUM|ICT|LAW|MED|SCI|SOC,ETER,uportu.pt,http://www.uportu.pt/,,,,,,,
1389,Universidade do Porto,Portugal,PT,Porto,41.1485,-8.61097,COMP,Comprehensive (multi-field),Generalista (multidisciplinare),AGR|ARC|ART|BUS|EDU|ENG|HUM|ICT|LAW|MED|SCI|SOC,ETER,up.pt,http://www.up.pt/,,,,,,,
1390,Universidade de Tras-os-Montes e Alto Douro,Portugal,PT,,,,COMP,Comprehensive (multi-field),Generalista (multidisciplinare),AGR|ARC|ART|BUS|EDU|ENG|HUM|ICT|LAW|MED|SCI|SOC,ETER,utad.pt,http://www.utad.pt/,1201–1500,27.3,19.6,20.9,47.3,40.5,38.6
1391,Universidade Tecnica de Lisboa,Portugal,PT,Lisbon,38.72509,-9.1498,COMP,Comprehensive (multi-field),Generalista (multidisciplinare),COMP,name-heuristic,utl.pt,http://www.utl.pt/,,,,,,,
1392,Nova School of Business and Economics,Portugal,PT,,,,BUS,"Business, Economics & Management",Economia e Management,BUS,name-heuristic,novasbe.unl.pt,https://www.novasbe.unl.pt/,,,,,,,
1393,AISTEDA,Romania,RO,,,,COMP,Comprehensive (multi-field),Generalista (multidisciplinare),COMP,name-heuristic,aistedaab.ro,http://www.aistedaab.ro/,,,,,,,
1394,"Academy of Music ""Georghe Dima"" Cluj-Napoca",Romania,RO,Cluj-Napoca,46.76667,23.6,ART,"Arts, Design & Music","Arte, Design e Musica",ART,name-heuristic,amgd.eu,http://www.amgd.eu/,,,,,,,
1395,National Academy for Physical Education and Sports Bucharest,Romania,RO,Bucharest,44.43225,26.10626,EDU,Education & Sport Sciences,Scienze della Formazione e dello Sport,EDU,ETER,anefs-edu.ro,http://www.anefs-edu.ro/,,,,,,,
1396,"Academy of Arts ""George Enescu"" Iasi",Romania,RO,Iaşi,47.16667,27.6,ART,"Arts, Design & Music","Arte, Design e Musica",ART,name-heuristic,arteiasi.ro,http://www.arteiasi.ro/,,,,,,,
1397,Academia de Studii Economice din Bucuresti,Romania,RO,Bucharest,44.43225,26.10626,BUS,"Business, Economics & Management",Economia e Management,BUS,name-heuristic,ase.ro,http://www.ase.ro/,,,,,,,
1398,University of Craiova,Romania,RO,Craiova,44.31667,23.8,COMP,Comprehensive (multi-field),Generalista (multidisciplinare),AGR|ARC|ART|BUS|EDU|ENG|HUM|ICT|LAW|MED|SCI|SOC,ETER,central.ucv.ro,http://www.central.ucv.ro/,1501+,10.3,16.2,11.5,26.6,25.8,24.2
1399,Emanuel University,Romania,RO,,,,COMP,Comprehensive (multi-field),Generalista (multidisciplinare),COMP,name-heuristic,emanuel.ro,http://www.emanuel.ro/,,,,,,,
1400,"Institute of Architecture ""Ion Mincu"" Bucharest",Romania,RO,Bucharest,44.43225,26.10626,ARC,Architecture & Urban Planning,Architettura e Urbanistica,ARC,name-heuristic,iaim.ro,http://www.iaim.ro/,Reporter,,,,,,
1401,Academia Tehnica Militara,Romania,RO,,,,ENG,Engineering & Technology,Ingegneria e Tecnologia,ENG,name-heuristic,mta.ro,http://www.mta.ro/,,,,,,,
1402,University of Medicine and Pharmacology of Oradea,Romania,RO,Oradea,47.0458,21.91833,MED,Medicine & Health,Medicina e Salute,MED,name-heuristic,oradeauniversity.com,http://www.oradeauniversity.com/,,,,,,,
1403,Oradea University,Romania,RO,Oradea,47.0458,21.91833,COMP,Comprehensive (multi-field),Generalista (multidisciplinare),AGR|ARC|ART|BUS|EDU|ENG|HUM|ICT|LAW|MED|SCI|SOC,ETER,oradeauniversity.co,http://www.oradeauniversity.com/,1501+,10.3,16.5,13.3,31.7,38.5,18.7
1404,University of Constanta Medical School,Romania,RO,Constanţa,44.18073,28.63432,MED,Medicine & Health,Medicina e Salute,MED,name-heuristic,ovidunivconstanta-edu.org,http://www.ovidunivconstanta-edu.org/,,,,,,,
1405,University Politehnica of Bucharest,Romania,RO,Bucharest,44.43225,26.10626,ENG,Engineering & Technology,Ingegneria e Tecnologia,ENG,name-heuristic,pub.ro,http://www.pub.ro/,,,,,,,
1406,Romanian-American University,Romania,RO,,,,COMP,Comprehensive (multi-field),Generalista (multidisciplinare),COMP,name-heuristic,rau.ro,http://www.rau.ro/,,,,,,,
1407,University of Sibiu,Romania,RO,Sibiu,45.8,24.15,COMP,Comprehensive (multi-field),Generalista (multidisciplinare),COMP,name-heuristic,sibiu.ro,http://www.sibiu.ro/,,,,,,,
1408,National School of Political and Administrative Studies Bucharest,Romania,RO,Bucharest,44.43225,26.10626,SOC,Social & Political Sciences,Scienze Sociali e Politiche,SOC,name-heuristic,snspa.ro,http://www.snspa.ro/,,,,,,,
1409,Spiru Haret University,Romania,RO,,,,COMP,Comprehensive (multi-field),Generalista (multidisciplinare),AGR|ARC|ART|BUS|EDU|ENG|HUM|ICT|LAW|MED|SCI|SOC,ETER,spiruharet.ro,http://www.spiruharet.ro/,,,,,,,
1410,Technical University of Iasi,Romania,RO,Iaşi,47.16667,27.6,ENG,Engineering & Technology,Ingegneria e Tecnologia,ENG,name-heuristic,tuiasi.ro,http://www.tuiasi.ro/,,,,,,,
1411,1 December University of Alba Iulia,Romania,RO,Alba Iulia,46.06667,23.58333,COMP,Comprehensive (multi-field),Generalista (multidisciplinare),ARC|ART|BUS|EDU|ENG|HUM|ICT|LAW|MED|SOC,ETER,uab.ro,http://www.uab.ro/,,,,,,,
1412,University of Iasi,Romania,RO,Iaşi,47.16667,27.6,COMP,Comprehensive (multi-field),Generalista (multidisciplinare),COMP,name-heuristic,uaic.ro,http://www.uaic.ro/,,,,,,,
1413,University of Art and Design Cluj-Napoca,Romania,RO,Cluj-Napoca,46.76667,23.6,ART,"Arts, Design & Music","Arte, Design e Musica",ART|HUM,ETER,uartdcluj.ro,http://www.uartdcluj.ro/,,,,,,,
1414,Targu-Mures University of Theatre,Romania,RO,Târgu Mureş,46.54245,24.55747,ART,"Arts, Design & Music","Arte, Design e Musica",ART,name-heuristic,uat.ro,http://www.uat.ro/,,,,,,,
1415,"University ""Aurel Vlaicu"" Arad",Romania,RO,Arad,46.18333,21.31667,COMP,Comprehensive (multi-field),Generalista (multidisciplinare),COMP,name-heuristic,uav.ro,http://www.uav.ro/,Reporter,,,,,,
1416,Babes-Bolyai University of Cluj-Napoca,Romania,RO,Cluj-Napoca,46.76667,23.6,COMP,Comprehensive (multi-field),Generalista (multidisciplinare),ARC|ART|BUS|EDU|ENG|HUM|ICT|LAW|MED|SCI|SOC,ETER,ubbcluj.ro,http://www.ubbcluj.ro/,,,,,,,
1417,North University of Baia Mare,Romania,RO,Baia Mare,47.65729,23.56808,COMP,Comprehensive (multi-field),Generalista (multidisciplinare),COMP,name-heuristic,ubm.ro,http://www.ubm.ro/,,,,,,,
1418,University of Bacau,Romania,RO,Bacău,46.56718,26.91384,COMP,Comprehensive (multi-field),Generalista (multidisciplinare),COMP,name-heuristic,ub.ro,http://www.ub.ro/,,,,,,,
1419,University of Resita,Romania,RO,Reşiţa,45.30083,21.88917,COMP,Comprehensive (multi-field),Generalista (multidisciplinare),COMP,name-heuristic,uem.ro,http://www.uem.ro/,,,,,,,
1420,University of Galatzi,Romania,RO,,,,COMP,Comprehensive (multi-field),Generalista (multidisciplinare),COMP,name-heuristic,ugal.ro,http://www.ugal.ro/,,,,,,,
1421,University Lucian Blaga of Sibiu,Romania,RO,Sibiu,45.8,24.15,COMP,Comprehensive (multi-field),Generalista (multidisciplinare),COMP,name-heuristic,ulbsibiu.ro,http://www.ulbsibiu.ro/,1501+,10.3,19.0,16.0,42.0,33.9,22.6
1422,University of Medicine and Pharmacy of Cluj-Napoca,Romania,RO,Cluj-Napoca,46.76667,23.6,MED,Medicine & Health,Medicina e Salute,MED,ETER,umfcluj.ro,http://www.umfcluj.ro/,1201–1500,27.3,26.2,12.4,51.3,49.9,31.1
1423,University of Medicine and Pharmacy of Iasi,Romania,RO,Iaşi,47.16667,27.6,MED,Medicine & Health,Medicina e Salute,ARC|ENG|MED,ETER,umfiasi.ro,http://www.umfiasi.ro/,,,,,,,
1424,University of Medicine and Pharmacy of Targu Mures,Romania,RO,Târgu Mureş,46.54245,24.55747,MED,Medicine & Health,Medicina e Salute,MED,name-heuristic,umftgm.ro,http://www.umftgm.ro/,,,,,,,
1425,University of Medicine and Pharmacy of Timisoara,Romania,RO,Timişoara,45.75372,21.22571,MED,Medicine & Health,Medicina e Salute,MED,name-heuristic,umft.ro,http://www.umft.ro/,,,,,,,
1426,National University of Arts,Romania,RO,,,,COMP,Comprehensive (multi-field),Generalista (multidisciplinare),COMP,name-heuristic,unarte.ro,http://www.unarte.ro/,,,,,,,
1427,National University of Theater and Film Arts,Romania,RO,,,,ART,"Arts, Design & Music","Arte, Design e Musica",ART,name-heuristic,unatc.ro,http://www.unatc.ro/,,,,,,,
1428,University of Bucharest,Romania,RO,Bucharest,44.43225,26.10626,COMP,Comprehensive (multi-field),Generalista (multidisciplinare),COMP,name-heuristic,unibuc.ro,http://www.unibuc.ro/,1501+,10.3,18.7,9.7,30.5,22.6,39.2
1429,"University ""Transilvany"" of Brasov",Romania,RO,Braşov,45.64861,25.60613,COMP,Comprehensive (multi-field),Generalista (multidisciplinare),COMP,name-heuristic,unitbv.ro,http://www.unitbv.ro/,,,,,,,
1430,University of Agriculture and Veterinary Medicine Iasi,Romania,RO,Iaşi,47.16667,27.6,MED,Medicine & Health,Medicina e Salute,MED,name-heuristic,univagro-iasi.ro,http://www.univagro-iasi.ro/,,,,,,,
1431,Constantin Brancoveanu University Pitesti,Romania,RO,Piteşti,44.85,24.86667,COMP,Comprehensive (multi-field),Generalista (multidisciplinare),COMP,name-heuristic,univcb.ro,http://www.univcb.ro/,,,,,,,
1432,University of Medicine and Pharmacy of Bucharest,Romania,RO,Bucharest,44.43225,26.10626,MED,Medicine & Health,Medicina e Salute,MED,name-heuristic,univermed-cdgm.ro,http://www.univermed-cdgm.ro/,,,,,,,
1433,Maritime University Constanta,Romania,RO,Constanţa,44.18073,28.63432,ENG,Engineering & Technology,Ingegneria e Tecnologia,ARC|ENG,ETER,universitateamaritima.ro,http://www.universitateamaritima.ro/,,,,,,,
1434,University of Constanta,Romania,RO,Constanţa,44.18073,28.63432,COMP,Comprehensive (multi-field),Generalista (multidisciplinare),COMP,name-heuristic,univ-ovidius.ro,http://www.univ-ovidius.ro/,,,,,,,
1435,National University of Music,Romania,RO,,,,ART,"Arts, Design & Music","Arte, Design e Musica",ART,name-heuristic,unmb.ro,http://www.unmb.ro/,,,,,,,
1436,University of Oradea,Romania,RO,Oradea,47.0458,21.91833,COMP,Comprehensive (multi-field),Generalista (multidisciplinare),COMP,name-heuristic,uoradea.ro,http://www.uoradea.ro/,,,,,,,
1437,"University ""Petre Andrei"" Iasi",Romania,RO,Iaşi,47.16667,27.6,COMP,Comprehensive (multi-field),Generalista (multidisciplinare),COMP,name-heuristic,upa.ro,http://www.upa.ro/,,,,,,,
1438,University of Petrosani,Romania,RO,Petroşani,45.41667,23.36667,COMP,Comprehensive (multi-field),Generalista (multidisciplinare),COMP,name-heuristic,upet.ro,http://www.upet.ro/,,,,,,,
1439,University Oil- Gas Ploiesti,Romania,RO,Ploieşti,44.95,26.01667,COMP,Comprehensive (multi-field),Generalista (multidisciplinare),ARC|ART|ENG|HUM|ICT|SCI|SOC,ETER,upg-ploiesti.ro,http://www.upg-ploiesti.ro/,Reporter,,,,,,
1440,University of Pitesti,Romania,RO,Piteşti,44.85,24.86667,COMP,Comprehensive (multi-field),Generalista (multidisciplinare),COMP,name-heuristic,upit.ro,http://www.upit.ro/,,,,,,,
1441,Petru Maior University of Targu Mures,Romania,RO,Târgu Mureş,46.54245,24.55747,COMP,Comprehensive (multi-field),Generalista (multidisciplinare),COMP,name-heuristic,upm.ro,http://www.upm.ro/,,,,,,,
1442,University of Agriculture and Veterinary Medicine Bucharest,Romania,RO,Bucharest,44.43225,26.10626,MED,Medicine & Health,Medicina e Salute,AGR|ARC|EDU|ENG|SCI,ETER,usab.ro,http://www.usab.ro/,Reporter,,,,,,
1443,University of Agriculture and Veterinary Medicine Timisoara,Romania,RO,Timişoara,45.75372,21.22571,MED,Medicine & Health,Medicina e Salute,MED,name-heuristic,usab-tm.ro,http://www.usab-tm.ro/,,,,,,,
1444,University of Agriculture and Veterinary Medicine Cluj-Napoca,Romania,RO,Cluj-Napoca,46.76667,23.6,MED,Medicine & Health,Medicina e Salute,AGR,ETER,usamvcluj.ro,http://www.usamvcluj.ro/,,,,,,,
1445,University of Suceava,Romania,RO,Suceava,47.63333,26.25,COMP,Comprehensive (multi-field),Generalista (multidisciplinare),COMP,name-heuristic,usv.ro,http://www.usv.ro/,,,,,,,
1446,Technical University of Civil Engineering Bucharest,Romania,RO,Bucharest,44.43225,26.10626,ENG,Engineering & Technology,Ingegneria e Tecnologia,ENG,name-heuristic,utcb.ro,http://www.utcb.ro/,,,,,,,
1447,Technical University of Cluj-Napoca,Romania,RO,Cluj-Napoca,46.76667,23.6,ENG,Engineering & Technology,Ingegneria e Tecnologia,ENG,name-heuristic,utcluj.ro,http://www.utcluj.ro/,1501+,10.3,17.8,13.9,36.4,27.3,41.7
1448,University of Targu Jiu,Romania,RO,Târgu Jiu,45.05,23.28333,COMP,Comprehensive (multi-field),Generalista (multidisciplinare),COMP,name-heuristic,utgjiu.ro,http://www.utgjiu.ro/,,,,,,,
1449,"University ""Titu Maiorescu""",Romania,RO,,,,COMP,Comprehensive (multi-field),Generalista (multidisciplinare),COMP,name-heuristic,utm.ro,http://www.utm.ro/,,,,,,,
1450,Technical University of Timisoara,Romania,RO,Timişoara,45.75372,21.22571,ENG,Engineering & Technology,Ingegneria e Tecnologia,ENG,name-heuristic,utt.ro,http://www.utt.ro/,1501+,10.3,18.0,9.8,33.6,24.1,36.4
1451,West University of Timisoara,Romania,RO,Timişoara,45.75372,21.22571,COMP,Comprehensive (multi-field),Generalista (multidisciplinare),COMP,name-heuristic,uvt.ro,http://www.uvt.ro/,1501+,10.3,22.7,13.3,43.7,34.7,19.2
1452,"Universitatea de Vest ""Vasile Goldiş""",Romania,RO,,,,COMP,Comprehensive (multi-field),Generalista (multidisciplinare),COMP,name-heuristic,uvvg.ro,http://www.uvvg.ro/,,,,,,,
1453,Valahia University of Targoviste,Romania,RO,Târgovişte,44.92543,25.4567,COMP,Comprehensive (multi-field),Generalista (multidisciplinare),AGR|ARC|ART|BUS|EDU|ENG|HUM|LAW|MED|SCI|SOC,ETER,valahia.ro,http://www.valahia.ro/,Reporter,,,,,,
1454,St. Petersburg State University of Civil Aviation,Russian Federation,RU,Saint Petersburg,59.93863,30.31413,ENG,Engineering & Technology,Ingegneria e Tecnologia,ENG,name-heuristic,academiaga.ru,http://www.academiaga.ru/,,,,,,,
1455,Adygeja State University,Russian Federation,RU,,,,COMP,Comprehensive (multi-field),Generalista (multidisciplinare),COMP,name-heuristic,adygnet.ru,http://www.adygnet.ru/,,,,,,,
1456,Khabarovsk State Academy of Economics and Law,Russian Federation,RU,Khabarovsk,48.46204,135.0971,BUS,"Business, Economics & Management",Economia e Management,BUS,name-heuristic,ael.ru,http://www.ael.ru/,,,,,,,
1457,Astrahan State Medical Academy,Russian Federation,RU,Astrakhan,46.34968,48.04076,MED,Medicine & Health,Medicina e Salute,MED,name-heuristic,agma.astranet.ru,http://agma.astranet.ru/,,,,,,,
1458,Arhangelsk State Technical University,Russian Federation,RU,,,,ENG,Engineering & Technology,Ingegneria e Tecnologia,ENG,name-heuristic,agtu.ru,http://www.agtu.ru/,,,,,,,
1459,Academy of Management and Entrepreneurship,Russian Federation,RU,,,,BUS,"Business, Economics & Management",Economia e Management,BUS,name-heuristic,ame.ru,http://www.ame.ru/,,,,,,,
1460,Amur State University,Russian Federation,RU,,,,COMP,Comprehensive (multi-field),Generalista (multidisciplinare),COMP,name-heuristic,amursu.ru,http://www.amursu.ru/,,,,,,,
1461,Volga State Academy of Water Transport,Russian Federation,RU,,,,EDU,Education & Sport Sciences,Scienze della Formazione e dello Sport,EDU,name-heuristic,aqua.sci-nnov.ru,http://www.aqua.sci-nnov.ru/,,,,,,,
1462,St. Petersburg Repin State Academic Institute of Painting Sculpture and Achitecture,Russian Federation,RU,Saint Petersburg,59.93863,30.31413,COMP,Comprehensive (multi-field),Generalista (multidisciplinare),COMP,name-heuristic,artacademy.spb.ru,http://artacademy.spb.ru/,,,,,,,
1463,Altai State Medical University,Russian Federation,RU,,,,MED,Medicine & Health,Medicina e Salute,MED,name-heuristic,asmu.ru,http://www.asmu.ru/,,,,,,,
1464,Astrakhan State University,Russian Federation,RU,Astrakhan,46.34968,48.04076,COMP,Comprehensive (multi-field),Generalista (multidisciplinare),COMP,name-heuristic,aspu.ru,http://www.aspu.ru/,,,,,,,
1465,Astrahan State Technical University,Russian Federation,RU,Astrakhan,46.34968,48.04076,ENG,Engineering & Technology,Ingegneria e Tecnologia,ENG,name-heuristic,astu.org,http://www.astu.org/,,,,,,,
1466,Altai State Technical University,Russian Federation,RU,,,,ENG,Engineering & Technology,Ingegneria e Tecnologia,ENG,name-heuristic,astu.secna.ru,http://www.astu.secna.ru/,1501+,10.3,23.0,16.4,17.1,62.1,25.3
1467,Altai State University,Russian Federation,RU,,,,COMP,Comprehensive (multi-field),Generalista (multidisciplinare),COMP,name-heuristic,asu.ru,http://www.asu.ru/,,,,,,,
1468,Volgograd State Medical University,Russian Federation,RU,Volgograd,48.71378,44.4976,MED,Medicine & Health,Medicina e Salute,MED,name-heuristic,volgogradstatemedicaluniversity.in,https://volgogradstatemedicaluniversity.in/,1501+,10.3,24.1,9.3,6.0,41.2,18.3
1469,Bashkir State University,Russian Federation,RU,,,,COMP,Comprehensive (multi-field),Generalista (multidisciplinare),COMP,name-heuristic,bashedu.ru,http://www.bashedu.ru/,,,,,,,
1470,Shukshin Altai State University for Humanities and Pedagogy,Russian Federation,RU,,,,EDU,Education & Sport Sciences,Scienze della Formazione e dello Sport,EDU,name-heuristic,bigpi.biysk.ru,http://www.bigpi.biysk.ru/,,,,,,,
1471,Bauman Moscow State Technical University,Russian Federation,RU,Moscow,55.75204,37.61781,ENG,Engineering & Technology,Ingegneria e Tecnologia,ENG,name-heuristic,bmstu.ru,http://www.bmstu.ru/,301–350,51.6,68.4,42.8,43.0,59.6,54.4
1472,Bratsk State Technical University,Russian Federation,RU,Bratsk,56.1325,101.61417,ENG,Engineering & Technology,Ingegneria e Tecnologia,ENG,name-heuristic,brstu.ru,http://www.brstu.ru/,,,,,,,
1473,Belgorod State Agricultural Academy,Russian Federation,RU,Belgorod,50.60343,36.58091,AGR,"Agriculture, Forestry & Veterinary",Agraria e Veterinaria,AGR,name-heuristic,bsaa.ru,http://www.bsaa.ru/,,,,,,,
1474,Bashkir State Pedagogical University named After M. Akmullah,Russian Federation,RU,,,,EDU,Education & Sport Sciences,Scienze della Formazione e dello Sport,EDU,name-heuristic,bspu.ru,http://www.bspu.ru/,,,,,,,
1475,Belgorod State Technical University,Russian Federation,RU,Belgorod,50.60343,36.58091,ENG,Engineering & Technology,Ingegneria e Tecnologia,ENG,name-heuristic,bstu.ru,http://www.bstu.ru/,,,,,,,
1476,Burjat State University,Russian Federation,RU,,,,COMP,Comprehensive (multi-field),Generalista (multidisciplinare),COMP,name-heuristic,bsu.burnet.ru,http://www.bsu.burnet.ru/,,,,,,,
1477,Belgorod State University,Russian Federation,RU,Belgorod,50.60343,36.58091,COMP,Comprehensive (multi-field),Generalista (multidisciplinare),COMP,name-heuristic,bsu.edu.ru,http://www.bsu.edu.ru/,,,,,,,
1478,Moscow External University of the Humanities,Russian Federation,RU,Moscow,55.75204,37.61781,HUM,Humanities & Languages,Studi Umanistici e Lingue,HUM,name-heuristic,mosgu.ru,https://mosgu.ru/,,,,,,,
1479,Chuvash State University,Russian Federation,RU,,,,COMP,Comprehensive (multi-field),Generalista (multidisciplinare),COMP,name-heuristic,chuvsu.ru,http://www.chuvsu.ru/,,,,,,,
1480,Novosibirsk State Academy of Economics and Management,Russian Federation,RU,Novosibirsk,55.02259,82.93175,BUS,"Business, Economics & Management",Economia e Management,BUS,name-heuristic,cit.drbit.com.ru,http://cit.drbit.com.ru/,,,,,,,
1481,Novosibirsk State Music Academy M. Glinka,Russian Federation,RU,Novosibirsk,55.02259,82.93175,ART,"Arts, Design & Music","Arte, Design e Musica",ART,name-heuristic,conservatoire.ru,http://www.conservatoire.ru/,,,,,,,
1482,St. Petersburg State Conservatory,Russian Federation,RU,Saint Petersburg,59.93863,30.31413,ART,"Arts, Design & Music","Arte, Design e Musica",ART,name-heuristic,conservatory.ru,http://www.conservatory.ru/,,,,,,,
1483,Cheljabinsk State Institute of Teacher Training,Russian Federation,RU,Chelyabinsk,55.1611,61.42877,EDU,Education & Sport Sciences,Scienze della Formazione e dello Sport,EDU,name-heuristic,cspi.urc.ac.ru,http://cspi.urc.ac.ru/,,,,,,,
1484,Cheljabinsk State University,Russian Federation,RU,Chelyabinsk,55.1611,61.42877,COMP,Comprehensive (multi-field),Generalista (multidisciplinare),COMP,name-heuristic,csu.ac.ru,http://www.csu.ac.ru/,,,,,,,
1485,Dagestan State University,Russian Federation,RU,,,,COMP,Comprehensive (multi-field),Generalista (multidisciplinare),COMP,name-heuristic,dgu.ru,http://www.dgu.ru/,,,,,,,
1486,Don State Agrarian University,Russian Federation,RU,,,,AGR,"Agriculture, Forestry & Veterinary",Agraria e Veterinaria,AGR,name-heuristic,dongau.ru,http://www.dongau.ru/,,,,,,,
1487,Don State Technical University,Russian Federation,RU,,,,ENG,Engineering & Technology,Ingegneria e Tecnologia,ENG,name-heuristic,dstu.edu.ru,http://www.dstu.edu.ru/,1501+,10.3,20.9,10.3,21.0,30.8,24.6
1488,Far East State Transport University,Russian Federation,RU,,,,EDU,Education & Sport Sciences,Scienze della Formazione e dello Sport,EDU,name-heuristic,dvgups.ru,http://www.dvgups.ru/,,,,,,,
1489,Far Eastern State University,Russian Federation,RU,,,,COMP,Comprehensive (multi-field),Generalista (multidisciplinare),COMP,name-heuristic,dvgu.ru,http://www.dvgu.ru/,1501+,10.3,29.1,18.4,16.4,60.5,30.3
1490,Ivanovo State Textile Academy,Russian Federation,RU,Ivanovo,56.99988,40.97257,COMP,Comprehensive (multi-field),Generalista (multidisciplinare),COMP,name-heuristic,education.ivanovo.ru,http://education.ivanovo.ru/,,,,,,,
1491,Yelets State University,Russian Federation,RU,Yelets,52.61435,38.50935,COMP,Comprehensive (multi-field),Generalista (multidisciplinare),COMP,name-heuristic,elsu.ru,http://www.elsu.ru/,,,,,,,
1492,St. Petersburg State Electrotechnical University,Russian Federation,RU,Saint Petersburg,59.93863,30.31413,ENG,Engineering & Technology,Ingegneria e Tecnologia,ENG,name-heuristic,eltech.ru,http://www.eltech.ru/,1501+,10.3,22.2,15.2,19.7,39.1,39.2
1493,St. Petersburg State University of Engineering and Economics,Russian Federation,RU,Saint Petersburg,59.93863,30.31413,ENG,Engineering & Technology,Ingegneria e Tecnologia,ENG,name-heuristic,engec.ru,http://www.engec.ru/,,,,,,,
1494,East-Siberian State University of Technology,Russian Federation,RU,,,,ENG,Engineering & Technology,Ingegneria e Tecnologia,ENG,name-heuristic,esstu.ru,http://www.esstu.ru/,,,,,,,
1495,European University at St.Petersburg,Russian Federation,RU,Saint Petersburg,59.93863,30.31413,COMP,Comprehensive (multi-field),Generalista (multidisciplinare),COMP,name-heuristic,eu.spb.ru,http://www.eu.spb.ru/,,,,,,,
1496,Finance Academy,Russian Federation,RU,,,,BUS,"Business, Economics & Management",Economia e Management,BUS,name-heuristic,fa.ru,http://www.fa.ru/,,,,,,,
1497,Far Eastern State Technical University,Russian Federation,RU,,,,ENG,Engineering & Technology,Ingegneria e Tecnologia,ENG,name-heuristic,festu.ru,http://www.festu.ru/,,,,,,,
1498,St. Petersburg State Forest-Technical Academy,Russian Federation,RU,Saint Petersburg,59.93863,30.31413,ENG,Engineering & Technology,Ingegneria e Tecnologia,ENG,name-heuristic,ftacademy.ru,http://www.ftacademy.ru/,,,,,,,
1499,Gorno-Altaisk State University,Russian Federation,RU,Gorno-Altaysk,51.96056,85.91892,COMP,Comprehensive (multi-field),Generalista (multidisciplinare),COMP,name-heuristic,gasu.ru,http://www.gasu.ru/,,,,,,,
1500,Russian Academy of Theatre Arts,Russian Federation,RU,,,,ART,"Arts, Design & Music","Arte, Design e Musica",ART,name-heuristic,gitis.net,http://www.gitis.net/,,,,,,,
1501,State Maritine Academy,Russian Federation,RU,,,,COMP,Comprehensive (multi-field),Generalista (multidisciplinare),COMP,name-heuristic,gma.ru,http://www.gma.ru/,,,,,,,
1502,Gnesins Russian Academy of Music,Russian Federation,RU,,,,ART,"Arts, Design & Music","Arte, Design e Musica",ART,name-heuristic,gnesin-academy.ru,http://www.gnesin-academy.ru/,,,,,,,
1503,St. Petersburg State Mountain Institut,Russian Federation,RU,Saint Petersburg,59.93863,30.31413,COMP,Comprehensive (multi-field),Generalista (multidisciplinare),COMP,name-heuristic,gorny-ins.ru,http://www.gorny-ins.ru/,,,,,,,
1504,St. Petersburg State Pediatric Medical Academy,Russian Federation,RU,Saint Petersburg,59.93863,30.31413,MED,Medicine & Health,Medicina e Salute,MED,name-heuristic,gpma.ru,http://www.gpma.ru/,,,,,,,
1505,St. Petersburg State Institute of Technology (Technological University),Russian Federation,RU,Saint Petersburg,59.93863,30.31413,ENG,Engineering & Technology,Ingegneria e Tecnologia,ENG,name-heuristic,gti.spb.ru,http://www.gti.spb.ru/,,,,,,,
1506,St. Petersburg State Technological University of Plant Polymers,Russian Federation,RU,Saint Petersburg,59.93863,30.31413,ENG,Engineering & Technology,Ingegneria e Tecnologia,ENG,name-heuristic,gturp.spb.ru,http://www.gturp.spb.ru/,,,,,,,
1507,Gubkin Russian State University of Oil and Gas,Russian Federation,RU,Gubkin,51.28375,37.5351,COMP,Comprehensive (multi-field),Generalista (multidisciplinare),COMP,name-heuristic,gubkin.ru,http://www.gubkin.ru/,1501+,10.3,21.4,10.7,10.3,24.1,44.9
1508,St. Petersburg State Cinema and TV University,Russian Federation,RU,Saint Petersburg,59.93863,30.31413,ART,"Arts, Design & Music","Arte, Design e Musica",ART,name-heuristic,gukit.ru,http://www.gukit.ru/,,,,,,,
1509,State University of Management,Russian Federation,RU,,,,BUS,"Business, Economics & Management",Economia e Management,BUS,name-heuristic,guu.ru,http://www.guu.ru/,,,,,,,
1510,Herzen State Pedagogical University of Russia,Russian Federation,RU,,,,EDU,Education & Sport Sciences,Scienze della Formazione e dello Sport,EDU,name-heuristic,herzen.edu.ru,http://www.herzen.spb.ru/,1501+,10.3,20.7,12.9,9.8,39.1,18.6
1511,Higher School of Economics,Russian Federation,RU,,,,BUS,"Business, Economics & Management",Economia e Management,BUS,name-heuristic,hse.ru,http://www.hse.ru/,,,,,,,
1512,Obninsk State Technical University for Nuclear Power Engineering,Russian Federation,RU,Obninsk,55.10993,36.61238,ENG,Engineering & Technology,Ingegneria e Tecnologia,ENG,name-heuristic,iate.obninsk.ru,http://www.iate.obninsk.ru/,,,,,,,
1513,Shemyakin–Ovchinnikov Institute of bioorganic chemistry RAS,Russian Federation,RU,,,,COMP,Comprehensive (multi-field),Generalista (multidisciplinare),COMP,name-heuristic,ibch.ru,http://www.ibch.ru/,,,,,,,
1514,"International Banking Institute, St. Petersburg",Russian Federation,RU,Saint Petersburg,59.93863,30.31413,COMP,Comprehensive (multi-field),Generalista (multidisciplinare),COMP,name-heuristic,ibi.spb.ru,http://www.ibi.spb.ru/,,,,,,,
1515,Institute of Business and Politics,Russian Federation,RU,,,,BUS,"Business, Economics & Management",Economia e Management,BUS,name-heuristic,ibp-moscow.ru,http://www.ibp-moscow.ru/,,,,,,,
1516,International East-European University,Russian Federation,RU,,,,COMP,Comprehensive (multi-field),Generalista (multidisciplinare),COMP,name-heuristic,ieeu.udm.ru,http://www.ieeu.udm.ru/,,,,,,,
1517,Institute for the Economy in Transition,Russian Federation,RU,,,,COMP,Comprehensive (multi-field),Generalista (multidisciplinare),COMP,name-heuristic,iet.ru,http://www.iet.ru/,,,,,,,
1518,ITMO University,Russian Federation,RU,,,,COMP,Comprehensive (multi-field),Generalista (multidisciplinare),COMP,name-heuristic,ifmo.ru,http://www.ifmo.ru/,1001–1200,32.1,30.4,29.9,33.0,57.9,80.6
1519,Institute of Management and Economy,Russian Federation,RU,,,,BUS,"Business, Economics & Management",Economia e Management,BUS,name-heuristic,ime.ru,http://www.ime.ru/,,,,,,,
1520,State University of Aerospace Technologies,Russian Federation,RU,,,,ENG,Engineering & Technology,Ingegneria e Tecnologia,ENG,name-heuristic,intstudy.mai.ru,http://www.intstudy.mai.ru/,,,,,,,
1521,Irkutsk State Academy of Economics,Russian Federation,RU,Irkutsk,52.29566,104.29076,BUS,"Business, Economics & Management",Economia e Management,BUS,name-heuristic,isea.irk.ru,http://www.isea.irk.ru/,,,,,,,
1522,Baikal National University of Economics and Law,Russian Federation,RU,,,,BUS,"Business, Economics & Management",Economia e Management,BUS,name-heuristic,isea.ru,http://www.isea.ru/,,,,,,,
1523,Ivanovo State Academy of Medicine,Russian Federation,RU,Ivanovo,56.99988,40.97257,MED,Medicine & Health,Medicina e Salute,MED,name-heuristic,isma.indi.ru,http://isma.indi.ru/,,,,,,,
1524,Ivanovo State Power University,Russian Federation,RU,Ivanovo,56.99988,40.97257,COMP,Comprehensive (multi-field),Generalista (multidisciplinare),COMP,name-heuristic,ispu.ru,http://www.ispu.ru/,,,,,,,
1525,Irkutsk State Technical University,Russian Federation,RU,Irkutsk,52.29566,104.29076,ENG,Engineering & Technology,Ingegneria e Tecnologia,ENG,name-heuristic,istu.irk.ru,http://www.istu.irk.ru/,1501+,10.3,18.6,9.8,6.0,27.2,17.4
1526,Izhevsk State Technical University,Russian Federation,RU,Izhevsk,56.85225,53.19862,ENG,Engineering & Technology,Ingegneria e Tecnologia,ENG,name-heuristic,istu.ru,http://www.istu.ru/,,,,,,,
1527,Ivanovo State University of Chemistry and Technology,Russian Federation,RU,Ivanovo,56.99988,40.97257,ENG,Engineering & Technology,Ingegneria e Tecnologia,ENG,name-heuristic,isuct.ru,http://www.isuct.ru/,1501+,10.3,16.9,9.6,7.0,25.4,24.1
1528,Irkutsk State University,Russian Federation,RU,Irkutsk,52.29566,104.29076,COMP,Comprehensive (multi-field),Generalista (multidisciplinare),COMP,name-heuristic,isu.ru,http://www.isu.ru/,,,,,,,
1529,Yaroslavl International University of Business and New Technologies,Russian Federation,RU,Yaroslavl,57.62987,39.87368,ENG,Engineering & Technology,Ingegneria e Tecnologia,ENG,name-heuristic,iubnt.yar.ru,http://www.iubnt.yar.ru/,,,,,,,
1530,"International University of Fundamental Studies, St. Petersburg",Russian Federation,RU,Saint Petersburg,59.93863,30.31413,COMP,Comprehensive (multi-field),Generalista (multidisciplinare),COMP,name-heuristic,iufs.edu,http://www.iufs.edu/,,,,,,,
1531,Ivanovo State University,Russian Federation,RU,Ivanovo,56.99988,40.97257,COMP,Comprehensive (multi-field),Generalista (multidisciplinare),COMP,name-heuristic,ivanovo.ac.ru,http://www.ivanovo.ac.ru/,,,,,,,
1532,Jewish University in Moscow,Russian Federation,RU,Moscow,55.75204,37.61781,COMP,Comprehensive (multi-field),Generalista (multidisciplinare),COMP,name-heuristic,jum.ru,http://www.jum.ru/,,,,,,,
1533,Moscow Pedagogical State University,Russian Federation,RU,Moscow,55.75204,37.61781,EDU,Education & Sport Sciences,Scienze della Formazione e dello Sport,EDU,name-heuristic,mpgu.su,http://en.mpgu.su/,,,,,,,
1534,Kazan State University of Technology,Russian Federation,RU,Kazan,55.78874,49.12214,ENG,Engineering & Technology,Ingegneria e Tecnologia,ENG,name-heuristic,kai.ru,http://www.kai.ru/,,,,,,,
1535,Kalmyk State University,Russian Federation,RU,,,,COMP,Comprehensive (multi-field),Generalista (multidisciplinare),COMP,name-heuristic,kalmsu.ru,http://www.kalmsu.ru/,,,,,,,
1536,Kamchatka State University Vitus Bering,Russian Federation,RU,,,,COMP,Comprehensive (multi-field),Generalista (multidisciplinare),COMP,name-heuristic,kamgu.ru,http://www.kamgu.ru/,,,,,,,
1537,Immanuel Kant State University of Russia,Russian Federation,RU,,,,COMP,Comprehensive (multi-field),Generalista (multidisciplinare),COMP,name-heuristic,kantiana.ru,http://www.kantiana.ru/,,,,,,,
1538,Petrozavodsk State University,Russian Federation,RU,Petrozavodsk,61.78491,34.34691,COMP,Comprehensive (multi-field),Generalista (multidisciplinare),COMP,name-heuristic,petrsu.ru,https://petrsu.ru/,1501+,10.3,18.2,12.2,14.7,28.8,35.4
1539,Kazan State Music Conservatory,Russian Federation,RU,Kazan,55.78874,49.12214,ART,"Arts, Design & Music","Arte, Design e Musica",ART,name-heuristic,kazanconservatory.ru,http://www.kazanconservatory.ru/,,,,,,,
1540,Kabardino-Balkarian State University,Russian Federation,RU,,,,COMP,Comprehensive (multi-field),Generalista (multidisciplinare),COMP,name-heuristic,kbsu.ru,http://www.kbsu.ru/,Reporter,,,,,,
1541,Kemerovo State University,Russian Federation,RU,Kemerovo,55.35417,86.10435,COMP,Comprehensive (multi-field),Generalista (multidisciplinare),COMP,name-heuristic,kemsu.ru,http://www.kemsu.ru/,1501+,10.3,15.5,11.2,9.9,24.6,18.0
1542,Kazan State University of Medicine,Russian Federation,RU,Kazan,55.78874,49.12214,MED,Medicine & Health,Medicina e Salute,MED,name-heuristic,kgmu.kcn.ru,http://www.kgmu.kcn.ru/,,,,,,,
1543,Kazan State Pedagogical University,Russian Federation,RU,Kazan,55.78874,49.12214,EDU,Education & Sport Sciences,Scienze della Formazione e dello Sport,EDU,name-heuristic,kgpu.ru,http://www.kgpu.ru/,,,,,,,
1544,Krasnoyarsk State Technical University,Russian Federation,RU,Krasnoyarsk,56.03742,92.93136,ENG,Engineering & Technology,Ingegneria e Tecnologia,ENG,name-heuristic,kgtu.runnet.ru,http://www.kgtu.runnet.ru/,,,,,,,
1545,Far Easten State University of Humanities,Russian Federation,RU,,,,HUM,Humanities & Languages,Studi Umanistici e Lingue,HUM,name-heuristic,khspu.ru,http://www.khspu.ru/,,,,,,,
1546,Khabarovsk State University of Technology,Russian Federation,RU,Khabarovsk,48.46204,135.0971,ENG,Engineering & Technology,Ingegneria e Tecnologia,ENG,name-heuristic,khstu.ru,http://www.khstu.ru/,,,,,,,
1547,Vaganova Academy of Russian Ballet,Russian Federation,RU,,,,COMP,Comprehensive (multi-field),Generalista (multidisciplinare),COMP,name-heuristic,vaganovaacademy.ru,https://vaganovaacademy.ru/,,,,,,,
1548,Kurgan International University,Russian Federation,RU,Kurgan,55.44905,65.34344,COMP,Comprehensive (multi-field),Generalista (multidisciplinare),COMP,name-heuristic,kiu.ru,http://www.kiu.ru/,,,,,,,
1549,Kaliningrad State Technical University,Russian Federation,RU,Kaliningrad,54.70639,20.51102,ENG,Engineering & Technology,Ingegneria e Tecnologia,ENG,name-heuristic,klgtu.ru,http://www.klgtu.ru/,,,,,,,
1550,Komsomolsk-on-Amur State Technical University,Russian Federation,RU,Komsomolsk-on-Amur,50.55034,137.00995,ENG,Engineering & Technology,Ingegneria e Tecnologia,ENG,name-heuristic,knastu.ru,http://www.knastu.ru/,,,,,,,
1551,Kazan State Academy of Architecture and Civil Engineering,Russian Federation,RU,Kazan,55.78874,49.12214,ENG,Engineering & Technology,Ingegneria e Tecnologia,ENG,name-heuristic,ksaba.ru,http://www.ksaba.ru/,,,,,,,
1552,Kazan State Finance and Economics Institute,Russian Federation,RU,Kazan,55.78874,49.12214,BUS,"Business, Economics & Management",Economia e Management,BUS,name-heuristic,ksfei.ru,http://www.ksfei.ru/,,,,,,,
1553,Kursk State Medical University,Russian Federation,RU,Kursk,51.72689,36.18457,MED,Medicine & Health,Medicina e Salute,MED,name-heuristic,ksmu.kursknet.ru,http://www.ksmu.kursknet.ru/,Reporter,,,,,,
1554,Kaluga State Pedagogical University,Russian Federation,RU,Kaluga,54.53063,36.27,EDU,Education & Sport Sciences,Scienze della Formazione e dello Sport,EDU,name-heuristic,kspu.kaluga.ru,http://kspu.kaluga.ru/,,,,,,,
1555,Karelian State Pedagogical University,Russian Federation,RU,,,,EDU,Education & Sport Sciences,Scienze della Formazione e dello Sport,EDU,name-heuristic,kspu.ptz.ru,http://kspu.ptz.ru/,,,,,,,
1556,Kostroma State Technological University,Russian Federation,RU,Kostroma,57.76638,40.92828,ENG,Engineering & Technology,Ingegneria e Tecnologia,ENG,name-heuristic,kstu.edu.ru,http://www.kstu.edu.ru/,,,,,,,
1557,Kursk State Technical University,Russian Federation,RU,Kursk,51.72689,36.18457,ENG,Engineering & Technology,Ingegneria e Tecnologia,ENG,name-heuristic,kstu.kursk.ru,http://www.kstu.kursk.ru/,,,,,,,
1558,Kazan State University,Russian Federation,RU,Kazan,55.78874,49.12214,COMP,Comprehensive (multi-field),Generalista (multidisciplinare),COMP,name-heuristic,ksu.ru,http://www.ksu.ru/,,,,,,,
1559,Kuban State University of Agriculture,Russian Federation,RU,,,,AGR,"Agriculture, Forestry & Veterinary",Agraria e Veterinaria,AGR,name-heuristic,kubagro.ru,http://www.kubagro.ru/,,,,,,,
1560,Kuban State University of Technology,Russian Federation,RU,,,,ENG,Engineering & Technology,Ingegneria e Tecnologia,ENG,name-heuristic,kubstu.ru,http://www.kubstu.ru/,,,,,,,
1561,Kuban State University,Russian Federation,RU,,,,COMP,Comprehensive (multi-field),Generalista (multidisciplinare),COMP,name-heuristic,kubsu.ru,http://www.kubsu.ru/,,,,,,,
1562,Kursk State University,Russian Federation,RU,Kursk,51.72689,36.18457,COMP,Comprehensive (multi-field),Generalista (multidisciplinare),COMP,name-heuristic,kursk-uni.ru,http://www.kursk-uni.ru/,,,,,,,
1563,Kuzbass State Technical University,Russian Federation,RU,,,,ENG,Engineering & Technology,Ingegneria e Tecnologia,ENG,name-heuristic,kuzstu.ac.ru,http://www.kuzstu.ac.ru/,,,,,,,
1564,Linguistic University of Nizhny Novgorod,Russian Federation,RU,Nizhniy Novgorod,56.32867,44.00205,HUM,Humanities & Languages,Studi Umanistici e Lingue,HUM,name-heuristic,lunn.sci-nnov.ru,http://www.lunn.sci-nnov.ru/,,,,,,,
1565,Moscow State Automobile and Road Technical University,Russian Federation,RU,Moscow,55.75204,37.61781,ENG,Engineering & Technology,Ingegneria e Tecnologia,ENG,name-heuristic,madi.ru,http://www.madi.ru/,,,,,,,
1566,Marij State University,Russian Federation,RU,,,,COMP,Comprehensive (multi-field),Generalista (multidisciplinare),COMP,name-heuristic,margu.mari.ru,http://margu.mari.ru/,,,,,,,
1567,Marij State Technical University,Russian Federation,RU,,,,ENG,Engineering & Technology,Ingegneria e Tecnologia,ENG,name-heuristic,marstu.mari.ru,http://www.marstu.mari.ru/,,,,,,,
1568,Magnitogorsk State University,Russian Federation,RU,Magnitogorsk,53.39808,59.0066,COMP,Comprehensive (multi-field),Generalista (multidisciplinare),COMP,name-heuristic,masu.ru,http://www.masu.ru/,,,,,,,
1569,St. Petersburg State Medical Academy,Russian Federation,RU,Saint Petersburg,59.93863,30.31413,MED,Medicine & Health,Medicina e Salute,MED,name-heuristic,mechnik.spb.ru,http://www.mechnik.spb.ru/,,,,,,,
1570,Novosibirsk State Medical Academy,Russian Federation,RU,Novosibirsk,55.02259,82.93175,MED,Medicine & Health,Medicina e Salute,MED,name-heuristic,medin.nsc.ru,http://www.medin.nsc.ru/,,,,,,,
1571,Saratov State Medical University,Russian Federation,RU,Saratov,51.54048,45.9901,MED,Medicine & Health,Medicina e Salute,MED,name-heuristic,med.sgu.ru,http://www.med.sgu.ru/,,,,,,,
1572,"Moscow State University of Economics, Statistics and Informatics",Russian Federation,RU,Moscow,55.75204,37.61781,BUS,"Business, Economics & Management",Economia e Management,BUS,name-heuristic,mesi.ru,http://www.mesi.ru/,,,,,,,
1573,Skrjabin Moscow State Academy of Veterinary Medicine and Biotechnology,Russian Federation,RU,Moscow,55.75204,37.61781,MED,Medicine & Health,Medicina e Salute,MED,name-heuristic,mgavm.ru,http://www.mgavm.ru/,,,,,,,
1574,Moscow State Institute of International Relations MFA Russia (MGIMO-University),Russian Federation,RU,Moscow,55.75204,37.61781,SOC,Social & Political Sciences,Scienze Sociali e Politiche,SOC,name-heuristic,mgimo.ru,http://www.mgimo.ru/,,,,,,,
1575,Russian State Geological Prospecting University,Russian Federation,RU,,,,COMP,Comprehensive (multi-field),Generalista (multidisciplinare),COMP,name-heuristic,mgri-rggru.ru,http://www.mgri-rggru.ru/,,,,,,,
1576,Moscow State University of Civil Engineering,Russian Federation,RU,Moscow,55.75204,37.61781,ENG,Engineering & Technology,Ingegneria e Tecnologia,ENG,name-heuristic,mgsu.norna.ru,http://mgsu.norna.ru/,,,,,,,
1577,Moscow State University of Forestry Engineering,Russian Federation,RU,Moscow,55.75204,37.61781,ENG,Engineering & Technology,Ingegneria e Tecnologia,ENG,name-heuristic,mgul.ac.ru,http://www.mgul.ac.ru/,,,,,,,
1578,National Research University of Electronic Technology,Russian Federation,RU,,,,ENG,Engineering & Technology,Ingegneria e Tecnologia,ENG,name-heuristic,miet.ru,http://www.miet.ru/,1501+,10.3,45.5,15.5,7.9,22.7,52.1
1579,Moscow State University of Geodesy and Cartography,Russian Federation,RU,Moscow,55.75204,37.61781,COMP,Comprehensive (multi-field),Generalista (multidisciplinare),COMP,name-heuristic,miigaik.ru,http://www.miigaik.ru/,,,,,,,
1580,Moscow State University of Railway Transport,Russian Federation,RU,Moscow,55.75204,37.61781,EDU,Education & Sport Sciences,Scienze della Formazione e dello Sport,EDU,name-heuristic,miit.ru,http://www.miit.ru/,,,,,,,
1581,Modern Institute of Managament,Russian Federation,RU,,,,COMP,Comprehensive (multi-field),Generalista (multidisciplinare),COMP,name-heuristic,miom.org,http://miom.org/,,,,,,,
1582,Moscow Institute of Physics and Technology,Russian Federation,RU,Moscow,55.75204,37.61781,ENG,Engineering & Technology,Ingegneria e Tecnologia,ENG,name-heuristic,mipt.ru,http://www.mipt.ru/,351–400,49.9,57.8,44.3,42.5,66.2,80.8
1583,Moscow International Higher Business School (MIRBIS),Russian Federation,RU,Moscow,55.75204,37.61781,BUS,"Business, Economics & Management",Economia e Management,BUS,name-heuristic,mirbis.ru,http://www.mirbis.ru/,,,,,,,
1584,"Moscow State Institute of Radiotechnics, Electronics and Automation (Technical University)",Russian Federation,RU,Moscow,55.75204,37.61781,ENG,Engineering & Technology,Ingegneria e Tecnologia,ENG,name-heuristic,mirea.ru,http://www.mirea.ru/,,,,,,,
1585,Moscow State Institute of Steel and Alloys,Russian Federation,RU,Moscow,55.75204,37.61781,COMP,Comprehensive (multi-field),Generalista (multidisciplinare),COMP,name-heuristic,misis.ru,http://www.misis.ru/,,,,,,,
1586,"International University of Engineering, Moscow",Russian Federation,RU,Moscow,55.75204,37.61781,ENG,Engineering & Technology,Ingegneria e Tecnologia,ENG,name-heuristic,miu.ru,http://www.miu.ru/,,,,,,,
1587,I.M. Sechenov Moscow Medical Academy,Russian Federation,RU,Moscow,55.75204,37.61781,MED,Medicine & Health,Medicina e Salute,MED,name-heuristic,mma.ru,http://www.mma.ru/,,,,,,,
1588,Moscow P. I. Tchaikovsky Conservatory,Russian Federation,RU,Moscow,55.75204,37.61781,ART,"Arts, Design & Music","Arte, Design e Musica",ART,name-heuristic,mosconsv.ru,http://www.mosconsv.ru/,Reporter,,,,,,
1589,Moscow Power Engineering Institute (Technical University),Russian Federation,RU,Moscow,55.75204,37.61781,ENG,Engineering & Technology,Ingegneria e Tecnologia,ENG,name-heuristic,mpei.ac.ru,http://www.mpei.ac.ru/,1501+,10.3,23.2,15.9,20.6,38.6,56.4
1590,Mordovian State University,Russian Federation,RU,,,,COMP,Comprehensive (multi-field),Generalista (multidisciplinare),COMP,name-heuristic,mrsu.ru,http://www.mrsu.ru/,,,,,,,
1591,Moscow State Academy of Applied Biotechnology,Russian Federation,RU,Moscow,55.75204,37.61781,ENG,Engineering & Technology,Ingegneria e Tecnologia,ENG,name-heuristic,msaab.ru,http://www.msaab.ru/,,,,,,,
1592,Moscow State Industrial University,Russian Federation,RU,Moscow,55.75204,37.61781,COMP,Comprehensive (multi-field),Generalista (multidisciplinare),COMP,name-heuristic,msiu.ru,http://www.msiu.ru/,,,,,,,
1593,Moscow State Textile University A.N. Kosygin,Russian Federation,RU,Moscow,55.75204,37.61781,COMP,Comprehensive (multi-field),Generalista (multidisciplinare),COMP,name-heuristic,msta.ac.ru,http://www.msta.ac.ru/,,,,,,,
1594,Moscow State Technical University of Civil Aviation,Russian Federation,RU,Moscow,55.75204,37.61781,ENG,Engineering & Technology,Ingegneria e Tecnologia,ENG,name-heuristic,mstuca.ru,http://www.mstuca.ru/,1501+,10.3,33.1,16.2,22.5,30.5,53.0
1595,Murmansk State Technical University,Russian Federation,RU,Murmansk,68.96778,33.09922,ENG,Engineering & Technology,Ingegneria e Tecnologia,ENG,name-heuristic,mstu.edu.ru,http://www.mstu.edu.ru/,,,,,,,
1596,Moscow State University of Culture,Russian Federation,RU,Moscow,55.75204,37.61781,COMP,Comprehensive (multi-field),Generalista (multidisciplinare),COMP,name-heuristic,msuc.edu.ru,http://www.msuc.edu.ru/,,,,,,,
1597,Moscow State University of Environmental Engineering,Russian Federation,RU,Moscow,55.75204,37.61781,ENG,Engineering & Technology,Ingegneria e Tecnologia,ENG,name-heuristic,msuee.ru,http://www.msuee.ru/,,,,,,,
1598,Moscow State University of Ecological Engineering,Russian Federation,RU,Moscow,55.75204,37.61781,ENG,Engineering & Technology,Ingegneria e Tecnologia,ENG,name-heuristic,msuie.ru,http://www.msuie.ru/,,,,,,,
1599,Lomonosov Moscow State University,Russian Federation,RU,Moscow,55.75204,37.61781,COMP,Comprehensive (multi-field),Generalista (multidisciplinare),COMP,name-heuristic,msu.ru,https://www.msu.ru/,133,63.0,80.9,69.7,32.9,71.6,93.4
1600,Moscow Technical University of Informatics and Communication,Russian Federation,RU,Moscow,55.75204,37.61781,ENG,Engineering & Technology,Ingegneria e Tecnologia,ENG,name-heuristic,mtuci.ru,http://www.mtuci.ru/,,,,,,,
1601,Mendeleev Russian University of Chemical Technology,Russian Federation,RU,,,,ENG,Engineering & Technology,Ingegneria e Tecnologia,ENG,name-heuristic,muctr.edu.ru,http://www.muctr.edu.ru/,1501+,10.3,22.7,17.2,13.1,26.2,39.6
1602,Modern University for the Humanities,Russian Federation,RU,,,,HUM,Humanities & Languages,Studi Umanistici e Lingue,HUM,name-heuristic,muh.ru,http://www.muh.ru/,,,,,,,
1603,Nayanova University,Russian Federation,RU,,,,COMP,Comprehensive (multi-field),Generalista (multidisciplinare),COMP,name-heuristic,nayanova.edu,http://www.nayanova.edu/,,,,,,,
1604,Stavropol State Technical University,Russian Federation,RU,Tolyatti,53.5303,49.3461,ENG,Engineering & Technology,Ingegneria e Tecnologia,ENG,name-heuristic,ncstu.ru,http://www.ncstu.ru/,,,,,,,
1605,Siberian State University of Telecommunications and Informatics,Russian Federation,RU,,,,ICT,Computer Science & IT,Informatica e IT,ICT,name-heuristic,neic.nsk.su,http://www.neic.nsk.su/,,,,,,,
1606,New Economic School,Russian Federation,RU,,,,BUS,"Business, Economics & Management",Economia e Management,BUS,name-heuristic,nes.ru,http://www.nes.ru/,,,,,,,
1607,Nizhny Novgorod State Architectural - Building University,Russian Federation,RU,Nizhniy Novgorod,56.32867,44.00205,COMP,Comprehensive (multi-field),Generalista (multidisciplinare),COMP,name-heuristic,ngasu.sci-nnov.ru,http://www.ngasu.sci-nnov.ru/,,,,,,,
1608,Nevsky Institute of Language and Culture,Russian Federation,RU,,,,COMP,Comprehensive (multi-field),Generalista (multidisciplinare),COMP,name-heuristic,nilc.spb.ru,http://www.nilc.spb.ru/,,,,,,,
1609,Nizhny Novgorod State Academy of Medicine,Russian Federation,RU,Nizhniy Novgorod,56.32867,44.00205,MED,Medicine & Health,Medicina e Salute,MED,name-heuristic,n-nov.mednet.com,http://www.n-nov.mednet.com/,,,,,,,
1610,Nizhny Novgorod State Technical University,Russian Federation,RU,Nizhniy Novgorod,56.32867,44.00205,ENG,Engineering & Technology,Ingegneria e Tecnologia,ENG,name-heuristic,nntu.sci-nnov.ru,http://www.nntu.sci-nnov.ru/,1501+,10.3,20.0,9.0,6.9,28.1,40.8
1611,North Ossetian State University,Russian Federation,RU,,,,COMP,Comprehensive (multi-field),Generalista (multidisciplinare),COMP,name-heuristic,nosu.ru,http://www.nosu.ru/,,,,,,,
1612,Novgorod State University,Russian Federation,RU,Velikiy Novgorod,58.52131,31.27104,COMP,Comprehensive (multi-field),Generalista (multidisciplinare),COMP,name-heuristic,novsu.ac.ru,http://www.novsu.ac.ru/,,,,,,,
1613,Novosibirsk State Agricultural University,Russian Federation,RU,Novosibirsk,55.02259,82.93175,AGR,"Agriculture, Forestry & Veterinary",Agraria e Veterinaria,AGR,name-heuristic,nsau.edu.ru,http://www.nsau.edu.ru/,,,,,,,
1614,Northern State Medical University,Russian Federation,RU,,,,MED,Medicine & Health,Medicina e Salute,MED,name-heuristic,nsmu.ru,http://www.nsmu.ru/,,,,,,,
1615,Novosibirsk State Technical University,Russian Federation,RU,Novosibirsk,55.02259,82.93175,ENG,Engineering & Technology,Ingegneria e Tecnologia,ENG,name-heuristic,nstu.ru,http://www.nstu.ru/,1501+,10.3,18.1,12.9,14.3,37.9,32.8
1616,Novosibirsk State University,Russian Federation,RU,Novosibirsk,55.02259,82.93175,COMP,Comprehensive (multi-field),Generalista (multidisciplinare),COMP,name-heuristic,nsu.ru,http://www.nsu.ru/,,,,,,,
1617,North-West State Technical University,Russian Federation,RU,,,,ENG,Engineering & Technology,Ingegneria e Tecnologia,ENG,name-heuristic,nwpi.ru,http://www.nwpi.ru/,,,,,,,
1618,Omsk State Agrarian University,Russian Federation,RU,Omsk,54.99244,73.36859,AGR,"Agriculture, Forestry & Veterinary",Agraria e Veterinaria,AGR,name-heuristic,omgau.ru,http://www.omgau.ru/,Reporter,,,,,,
1619,Omsk State Technical University,Russian Federation,RU,Omsk,54.99244,73.36859,ENG,Engineering & Technology,Ingegneria e Tecnologia,ENG,name-heuristic,omgtu.ru,http://www.omgtu.ru/,1501+,10.3,15.6,8.2,5.0,25.2,19.9
1620,Omsk State Transport University,Russian Federation,RU,Omsk,54.99244,73.36859,EDU,Education & Sport Sciences,Scienze della Formazione e dello Sport,EDU,name-heuristic,omgups.ru,http://www.omgups.ru/,,,,,,,
1621,Omsk State Pedagogical University,Russian Federation,RU,Omsk,54.99244,73.36859,EDU,Education & Sport Sciences,Scienze della Formazione e dello Sport,EDU,name-heuristic,omsk.edu,http://www.omsk.edu/,,,,,,,
1622,Omsk State Medicical Academy,Russian Federation,RU,Omsk,54.99244,73.36859,COMP,Comprehensive (multi-field),Generalista (multidisciplinare),COMP,name-heuristic,omsk-osma.ru,http://www.omsk-osma.ru/,,,,,,,
1623,Oriental University,Russian Federation,RU,,,,COMP,Comprehensive (multi-field),Generalista (multidisciplinare),COMP,name-heuristic,orun.ru,http://www.orun.ru/,,,,,,,
1624,Orenburg State University,Russian Federation,RU,Orenburg,51.76712,55.09883,COMP,Comprehensive (multi-field),Generalista (multidisciplinare),COMP,name-heuristic,osu.ru,http://www.osu.ru/,,,,,,,
1625,People' s Friendship University of Russia,Russian Federation,RU,,,,COMP,Comprehensive (multi-field),Generalista (multidisciplinare),COMP,name-heuristic,pfu.edu.ru,http://www.pfu.edu.ru/,,,,,,,
1626,Pjatigorsk State Linguistic University,Russian Federation,RU,Pyatigorsk,44.05,43.05036,HUM,Humanities & Languages,Studi Umanistici e Lingue,HUM,name-heuristic,pglu.ru,http://www.pglu.ru/,,,,,,,
1627,Penza State University,Russian Federation,RU,Penza,53.19568,45.01075,COMP,Comprehensive (multi-field),Generalista (multidisciplinare),COMP,name-heuristic,pnzgu.ru,http://www.pnzgu.ru/,1501+,10.3,16.7,9.4,6.7,32.9,17.8
1628,Pomor State University,Russian Federation,RU,,,,COMP,Comprehensive (multi-field),Generalista (multidisciplinare),COMP,name-heuristic,pomorsu.ru,http://www.pomorsu.ru/,,,,,,,
1629,Perm State Pharmaceutical Academy,Russian Federation,RU,Perm,58.01046,56.25017,MED,Medicine & Health,Medicina e Salute,MED,name-heuristic,psfa.ru,http://www.psfa.ru/,,,,,,,
1630,Perm State Medical Academy,Russian Federation,RU,Perm,58.01046,56.25017,MED,Medicine & Health,Medicina e Salute,MED,name-heuristic,psma.ru,http://www.psma.ru/,,,,,,,
1631,Perm State Pedagogical University,Russian Federation,RU,Perm,58.01046,56.25017,EDU,Education & Sport Sciences,Scienze della Formazione e dello Sport,EDU,name-heuristic,pspu.ac.ru,http://www.pspu.ac.ru/,,,,,,,
1632,Perm State Technical University,Russian Federation,RU,Perm,58.01046,56.25017,ENG,Engineering & Technology,Ingegneria e Tecnologia,ENG,name-heuristic,pstu.ac.ru,http://www.pstu.ac.ru/,1501+,10.3,18.4,12.0,7.9,27.8,24.5
1633,Perm State University,Russian Federation,RU,Perm,58.01046,56.25017,COMP,Comprehensive (multi-field),Generalista (multidisciplinare),COMP,name-heuristic,psu.ru,http://www.psu.ru/,,,,,,,
1634,Russian Academy of Arts,Russian Federation,RU,,,,ART,"Arts, Design & Music","Arte, Design e Musica",ART,name-heuristic,rah.ru,http://www.rah.ru/,,,,,,,
1635,Plekhanov Russian Academy of Economics,Russian Federation,RU,,,,BUS,"Business, Economics & Management",Economia e Management,BUS,name-heuristic,rea.ru,http://www.rea.ru/,1501+,10.3,26.8,13.3,25.0,44.2,23.3
1636,Rybinsk State Academy of Aviational Technology,Russian Federation,RU,Rybinsk,58.04562,38.83811,ENG,Engineering & Technology,Ingegneria e Tecnologia,ENG,name-heuristic,rgata.yaroslavl.ru,http://www.rgata.yaroslavl.ru/,,,,,,,
1637,Russian State Hydrometeorological University,Russian Federation,RU,,,,COMP,Comprehensive (multi-field),Generalista (multidisciplinare),COMP,name-heuristic,rshu.ru,http://www.rshu.ru/,,,,,,,
1638,Rostov State Medical University,Russian Federation,RU,Rostov-on-Don,47.21997,39.70769,MED,Medicine & Health,Medicina e Salute,MED,name-heuristic,rsmu.da.ru,http://www.rsmu.da.ru/,,,,,,,
1639,Russian State Medical University,Russian Federation,RU,,,,MED,Medicine & Health,Medicina e Salute,MED,name-heuristic,rsmu.ru,http://www.rsmu.ru/,,,,,,,
1640,Russian State University for the Humanities,Russian Federation,RU,,,,HUM,Humanities & Languages,Studi Umanistici e Lingue,HUM,name-heuristic,rsuh.ru,http://www.rsuh.ru/,1501+,10.3,15.2,13.9,16.2,22.7,16.0
1641,Rostov State University,Russian Federation,RU,Rostov-on-Don,47.21997,39.70769,COMP,Comprehensive (multi-field),Generalista (multidisciplinare),COMP,name-heuristic,rsu.ru,http://www.rsu.ru/,,,,,,,
1642,Moscow State University of Commerce,Russian Federation,RU,Moscow,55.75204,37.61781,BUS,"Business, Economics & Management",Economia e Management,BUS,name-heuristic,rsute.ru,http://www.rsute.ru/,,,,,,,
1643,Ufa State Petroleum Technological University,Russian Federation,RU,,,,ENG,Engineering & Technology,Ingegneria e Tecnologia,ENG,name-heuristic,rusoil.net,http://www.rusoil.net/,1501+,10.3,23.8,7.9,12.4,31.1,17.4
1644,Sakhalin State University,Russian Federation,RU,,,,COMP,Comprehensive (multi-field),Generalista (multidisciplinare),COMP,name-heuristic,sakhgu.sakhalin.ru,http://www.sakhgu.sakhalin.ru/,,,,,,,
1645,Samara State Academy for Railway Transportation,Russian Federation,RU,Samara,53.20767,50.13553,EDU,Education & Sport Sciences,Scienze della Formazione e dello Sport,EDU,name-heuristic,samiit.ru,http://www.samiit.ru/,,,,,,,
1646,Samara State Medical University,Russian Federation,RU,Samara,53.20767,50.13553,MED,Medicine & Health,Medicina e Salute,MED,name-heuristic,samsmu.ru,http://www.samsmu.ru/,1501+,10.3,42.8,10.7,6.0,31.6,33.2
1647,Siberian Academy of Public Services,Russian Federation,RU,,,,COMP,Comprehensive (multi-field),Generalista (multidisciplinare),COMP,name-heuristic,sapanet.ru,http://www.sapanet.ru/,,,,,,,
1648,Saratov State Academy of Law,Russian Federation,RU,Saratov,51.54048,45.9901,LAW,Law,Giurisprudenza,LAW,name-heuristic,sgap.ru,http://www.sgap.ru/,,,,,,,
1649,Saratov State Agrarian University,Russian Federation,RU,Saratov,51.54048,45.9901,AGR,"Agriculture, Forestry & Veterinary",Agraria e Veterinaria,AGR,name-heuristic,sgau.ru,http://www.sgau.ru/,Reporter,,,,,,
1650,Smolensk State Medical Academy,Russian Federation,RU,Smolensk,54.77826,32.05088,MED,Medicine & Health,Medicina e Salute,MED,name-heuristic,sgma.info,http://www.sgma.info/,,,,,,,
1651,Saratov State University,Russian Federation,RU,Saratov,51.54048,45.9901,COMP,Comprehensive (multi-field),Generalista (multidisciplinare),COMP,name-heuristic,sgu.ru,http://www.sgu.ru/,,,,,,,
1652,Smolensk Humanitarian University,Russian Federation,RU,Smolensk,54.77826,32.05088,COMP,Comprehensive (multi-field),Generalista (multidisciplinare),COMP,name-heuristic,shu.smolensk.su,http://shu.smolensk.su/,,,,,,,
1653,Siberian State Industrial University,Russian Federation,RU,,,,COMP,Comprehensive (multi-field),Generalista (multidisciplinare),COMP,name-heuristic,sibsiu.kemerovo.su,http://sibsiu.kemerovo.su/,,,,,,,
1654,Smolny University,Russian Federation,RU,,,,COMP,Comprehensive (multi-field),Generalista (multidisciplinare),COMP,name-heuristic,smolny-un.spb.ru,http://www.smolny-un.spb.ru/,,,,,,,
1655,St. Petersburg State Marine Technical University,Russian Federation,RU,Saint Petersburg,59.93863,30.31413,ENG,Engineering & Technology,Ingegneria e Tecnologia,ENG,name-heuristic,smtu.ru,http://www.smtu.ru/,,,,,,,
1656,Academic University,Russian Federation,RU,,,,COMP,Comprehensive (multi-field),Generalista (multidisciplinare),COMP,name-heuristic,spbau.ru,http://www.spbau.ru/,,,,,,,
1657,St. Petersburg State University of Architecture and Civil Engineering,Russian Federation,RU,Saint Petersburg,59.93863,30.31413,ENG,Engineering & Technology,Ingegneria e Tecnologia,ENG,name-heuristic,spbgasu.ru,http://www.spbgasu.ru/,,,,,,,
1658,St. Petersburg State Agrarian University,Russian Federation,RU,Saint Petersburg,59.93863,30.31413,AGR,"Agriculture, Forestry & Veterinary",Agraria e Veterinaria,AGR,name-heuristic,spbgau.spb.ru,http://www.spbgau.spb.ru/,,,,,,,
1659,St. Petersburg State University of Culture and Arts,Russian Federation,RU,Saint Petersburg,59.93863,30.31413,COMP,Comprehensive (multi-field),Generalista (multidisciplinare),COMP,name-heuristic,spbguki.ru,http://www.spbguki.ru/,,,,,,,
1660,St. Petersburg Institute of Arts and Restoration,Russian Federation,RU,Saint Petersburg,59.93863,30.31413,COMP,Comprehensive (multi-field),Generalista (multidisciplinare),COMP,name-heuristic,spbiir.ru,http://www.spbiir.ru/,,,,,,,
1661,St. Petersburg State Polytechnical University,Russian Federation,RU,Saint Petersburg,59.93863,30.31413,ENG,Engineering & Technology,Ingegneria e Tecnologia,ENG,name-heuristic,spbstu.ru,http://www.spbstu.ru/,,,,,,,
1662,St. Petersburg Institute of Sales Management and Economics,Russian Federation,RU,Saint Petersburg,59.93863,30.31413,BUS,"Business, Economics & Management",Economia e Management,BUS,name-heuristic,spbtei.ru,http://www.spbtei.ru/,,,,,,,
1663,St. Petersburg State University,Russian Federation,RU,Saint Petersburg,59.93863,30.31413,COMP,Comprehensive (multi-field),Generalista (multidisciplinare),COMP,name-heuristic,spbu.ru,http://www.spbu.ru/,,,,,,,
1664,St. Petersburg State University of Waterway Communications,Russian Federation,RU,Saint Petersburg,59.93863,30.31413,COMP,Comprehensive (multi-field),Generalista (multidisciplinare),COMP,name-heuristic,spbuwc.ru,http://www.spbuwc.ru/,,,,,,,
1665,St. Petersburg State Chemical Pharmaceutical Academy,Russian Federation,RU,Saint Petersburg,59.93863,30.31413,MED,Medicine & Health,Medicina e Salute,MED,name-heuristic,spcpa.ru,http://www.spcpa.ru/,,,,,,,
1666,St. Petersburg State Mining Institute (Technical University),Russian Federation,RU,Saint Petersburg,59.93863,30.31413,ENG,Engineering & Technology,Ingegneria e Tecnologia,ENG,name-heuristic,spmi.edu.ru,http://www.spmi.edu.ru/,,,,,,,
1667,St. Petersburg StateMechnikov Medical Academy,Russian Federation,RU,Saint Petersburg,59.93863,30.31413,MED,Medicine & Health,Medicina e Salute,MED,name-heuristic,spsmma.com,http://www.spsmma.com/,,,,,,,
1668,Samara State Agricultural Academy,Russian Federation,RU,Samara,53.20767,50.13553,AGR,"Agriculture, Forestry & Veterinary",Agraria e Veterinaria,AGR,name-heuristic,ssaa.ru,http://www.ssaa.ru/,,,,,,,
1669,Samara State Academy of Architecture and Civil Engineering,Russian Federation,RU,Samara,53.20767,50.13553,ENG,Engineering & Technology,Ingegneria e Tecnologia,ENG,name-heuristic,ssaba.smr.ru,http://www.ssaba.smr.ru/,,,,,,,
1670,Samara State Aerospace University,Russian Federation,RU,Samara,53.20767,50.13553,COMP,Comprehensive (multi-field),Generalista (multidisciplinare),COMP,name-heuristic,ssau.ru,https://ssau.ru/,,,,,,,
1671,Saratov State Socio-Economic University,Russian Federation,RU,Saratov,51.54048,45.9901,BUS,"Business, Economics & Management",Economia e Management,BUS,name-heuristic,ssea.runnet.ru,http://www.ssea.runnet.ru/,,,,,,,
1672,Samara State University of Economics,Russian Federation,RU,Samara,53.20767,50.13553,BUS,"Business, Economics & Management",Economia e Management,BUS,name-heuristic,sseu.ru,http://www.sseu.ru/,,,,,,,
1673,Siberian State Medical University,Russian Federation,RU,,,,MED,Medicine & Health,Medicina e Salute,MED,name-heuristic,ssmu.ru,http://www.ssmu.ru/,1501+,10.3,21.3,11.1,4.0,34.8,17.5
1674,Samara State University of Teacher Training,Russian Federation,RU,Samara,53.20767,50.13553,EDU,Education & Sport Sciences,Scienze della Formazione e dello Sport,EDU,name-heuristic,ssttu.samara.ru,http://www.ssttu.samara.ru/,,,,,,,
1675,Saratov State Technical University,Russian Federation,RU,Saratov,51.54048,45.9901,ENG,Engineering & Technology,Ingegneria e Tecnologia,ENG,name-heuristic,sstu-edu.ru,http://www.sstu-edu.ru/,,,,,,,
1676,Samara State Technical University,Russian Federation,RU,Samara,53.20767,50.13553,ENG,Engineering & Technology,Ingegneria e Tecnologia,ENG,name-heuristic,sstu.samara.ru,http://www.sstu.samara.ru/,1501+,10.3,17.0,10.5,8.3,22.1,33.3
1677,Syktyvkar State University,Russian Federation,RU,Syktyvkar,61.66393,50.8163,COMP,Comprehensive (multi-field),Generalista (multidisciplinare),COMP,name-heuristic,ssu.komi.com,http://ssu.komi.com:8101/,,,,,,,
1678,Samara State University,Russian Federation,RU,Samara,53.20767,50.13553,COMP,Comprehensive (multi-field),Generalista (multidisciplinare),COMP,name-heuristic,ssu.samara.ru,http://www.ssu.samara.ru/,,,,,,,
1679,Moscow State University of Technology (Stankin),Russian Federation,RU,Moscow,55.75204,37.61781,ENG,Engineering & Technology,Ingegneria e Tecnologia,ENG,name-heuristic,stankin.ru,http://www.stankin.ru/,,,,,,,
1680,Stavropol State University,Russian Federation,RU,Tolyatti,53.5303,49.3461,COMP,Comprehensive (multi-field),Generalista (multidisciplinare),COMP,name-heuristic,stavsu.ru,http://www.stavsu.ru/,,,,,,,
1681,Lipeck State Technical University,Russian Federation,RU,Lipetsk,52.5876,39.55151,ENG,Engineering & Technology,Ingegneria e Tecnologia,ENG,name-heuristic,stu.lipetsk.ru,http://www.stu.lipetsk.ru/,,,,,,,
1682,Siberian State Transport University,Russian Federation,RU,,,,EDU,Education & Sport Sciences,Scienze della Formazione e dello Sport,EDU,name-heuristic,stu.ru,http://www.stu.ru/,,,,,,,
1683,St. Petersburg State University of Aerospace Instrumentation,Russian Federation,RU,Saint Petersburg,59.93863,30.31413,COMP,Comprehensive (multi-field),Generalista (multidisciplinare),COMP,name-heuristic,suai.ru,http://www.suai.ru/,,,,,,,
1684,Surgut State University,Russian Federation,RU,Surgut,61.25757,73.41775,COMP,Comprehensive (multi-field),Generalista (multidisciplinare),COMP,name-heuristic,surgu.wsnet.ru,http://www.surgu.wsnet.ru/,,,,,,,
1685,St. Petersburg State University of Technology and Design,Russian Federation,RU,Saint Petersburg,59.93863,30.31413,ENG,Engineering & Technology,Ingegneria e Tecnologia,ENG,name-heuristic,sutd.ru,http://www.sutd.ru/,,,,,,,
1686,St. Petersburg State University of Telecommunication,Russian Federation,RU,Saint Petersburg,59.93863,30.31413,COMP,Comprehensive (multi-field),Generalista (multidisciplinare),COMP,name-heuristic,sut.ru,http://www.sut.ru/,,,,,,,
1687,St. Petersburg State Theatre Arts Academy,Russian Federation,RU,Saint Petersburg,59.93863,30.31413,ART,"Arts, Design & Music","Arte, Design e Musica",ART,name-heuristic,tart.spb.ru,http://www.tart.spb.ru/,,,,,,,
1688,Taganrog State Pedagogical Institute,Russian Federation,RU,Taganrog,47.23627,38.9053,EDU,Education & Sport Sciences,Scienze della Formazione e dello Sport,EDU,name-heuristic,tgpi.ttn.ru,http://www.tgpi.ttn.ru/,,,,,,,
1689,Tyumen State Agricultural Academy,Russian Federation,RU,Tyumen,57.15222,65.52722,AGR,"Agriculture, Forestry & Veterinary",Agraria e Veterinaria,AGR,name-heuristic,tgsha.ru,http://www.tgsha.ru/,,,,,,,
1690,Yaroslavl State Theatre Institute,Russian Federation,RU,Yaroslavl,57.62987,39.87368,ART,"Arts, Design & Music","Arte, Design e Musica",ART,name-heuristic,theatrins-yar.ru,http://www.theatrins-yar.ru/,,,,,,,
1691,Timirjazev Moscow Academy of Agricultutre,Russian Federation,RU,Moscow,55.75204,37.61781,COMP,Comprehensive (multi-field),Generalista (multidisciplinare),COMP,name-heuristic,timacad.ru,http://www.timacad.ru/,,,,,,,
1692,Togliatti State University,Russian Federation,RU,Tolyatti,53.5303,49.3461,COMP,Comprehensive (multi-field),Generalista (multidisciplinare),COMP,name-heuristic,tltsu.ru,http://www.tltsu.ru/,Reporter,,,,,,
1693,Moscow University Touro,Russian Federation,RU,Moscow,55.75204,37.61781,COMP,Comprehensive (multi-field),Generalista (multidisciplinare),COMP,name-heuristic,touro.ru,http://www.touro.ru/,,,,,,,
1694,Tomsk Polytechnic University,Russian Federation,RU,Tomsk,56.50049,84.98216,ENG,Engineering & Technology,Ingegneria e Tecnologia,ENG,name-heuristic,tpu.ru,http://www.tpu.ru/,801–1000,35.5,40.9,25.1,29.8,70.1,63.5
1695,Tver State Medical Academy,Russian Federation,RU,Tver,56.85836,35.90057,MED,Medicine & Health,Medicina e Salute,MED,name-heuristic,tsma.ru,http://www.tsma.ru/,,,,,,,
1696,Tyumen State University of Gas and Oil,Russian Federation,RU,Tyumen,57.15222,65.52722,COMP,Comprehensive (multi-field),Generalista (multidisciplinare),COMP,name-heuristic,tsogu.ru,http://www.tsogu.ru/,,,,,,,
1697,Tomsk State Pedagogical University,Russian Federation,RU,Tomsk,56.50049,84.98216,EDU,Education & Sport Sciences,Scienze della Formazione e dello Sport,EDU,name-heuristic,tspu.edu.ru,http://www.tspu.edu.ru/,Reporter,,,,,,
1698,Tambov State Technical University,Russian Federation,RU,Tambov,52.73632,41.44102,ENG,Engineering & Technology,Ingegneria e Tecnologia,ENG,name-heuristic,tstu.ru,http://www.tstu.ru/,,,,,,,
1699,Tver State Technical University,Russian Federation,RU,Tver,56.85836,35.90057,ENG,Engineering & Technology,Ingegneria e Tecnologia,ENG,name-heuristic,tstu.tver.ru,http://www.tstu.tver.ru/,Reporter,,,,,,
1700,Tomsk State University of Architecture and Building,Russian Federation,RU,Tomsk,56.50049,84.98216,ARC,Architecture & Urban Planning,Architettura e Urbanistica,ARC,name-heuristic,tsuab.ru,http://www.tsuab.ru/,,,,,,,
1701,Taganrog State University of Radioengineering,Russian Federation,RU,Taganrog,47.23627,38.9053,ENG,Engineering & Technology,Ingegneria e Tecnologia,ENG,name-heuristic,tsure.ru,http://www.tsure.ru/,,,,,,,
1702,Tomsk State University,Russian Federation,RU,Tomsk,56.50049,84.98216,COMP,Comprehensive (multi-field),Generalista (multidisciplinare),COMP,name-heuristic,tsu.ru,http://www.tsu.ru/,,,,,,,
1703,Tyumen State University,Russian Federation,RU,Tyumen,57.15222,65.52722,COMP,Comprehensive (multi-field),Generalista (multidisciplinare),COMP,name-heuristic,utmn.ru,https://www.utmn.ru/,,,,,,,
1704,Tula State University,Russian Federation,RU,Tula,54.19609,37.61822,COMP,Comprehensive (multi-field),Generalista (multidisciplinare),COMP,name-heuristic,tsu.tula.ru,http://www.tsu.tula.ru/,1501+,10.3,14.0,8.4,4.4,22.4,17.7
1705,Ryazan State Pedagogical University,Russian Federation,RU,Ryazan’,54.62696,39.70415,EDU,Education & Sport Sciences,Scienze della Formazione e dello Sport,EDU,name-heuristic,ttc.ryazan.ru,http://www.ttc.ryazan.ru/,,,,,,,
1706,Brjansk State Technical University,Russian Federation,RU,Bryansk,53.27096,34.32143,ENG,Engineering & Technology,Ingegneria e Tecnologia,ENG,name-heuristic,tu-bryansk.ru,http://www.tu-bryansk.ru/,,,,,,,
1707,Southern Ural State University,Russian Federation,RU,,,,COMP,Comprehensive (multi-field),Generalista (multidisciplinare),COMP,name-heuristic,tu-chel.ac.ru,http://www.tu-chel.ac.ru/,,,,,,,
1708,Tomsk State University of Control Systems and Radioelectronics,Russian Federation,RU,Tomsk,56.50049,84.98216,COMP,Comprehensive (multi-field),Generalista (multidisciplinare),COMP,name-heuristic,tusur.ru,http://www.tusur.ru/,1501+,10.3,22.9,16.9,15.0,37.5,52.9
1709,Tuva State University,Russian Federation,RU,,,,COMP,Comprehensive (multi-field),Generalista (multidisciplinare),COMP,name-heuristic,tuvsu.ru,http://tuvsu.ru/,,,,,,,
1710,Ural Academy of Public Administration,Russian Federation,RU,,,,SOC,Social & Political Sciences,Scienze Sociali e Politiche,SOC,name-heuristic,uapa.ru,http://www.uapa.ru/,,,,,,,
1711,St. Petersburg State University of Economics and Finance,Russian Federation,RU,Saint Petersburg,59.93863,30.31413,BUS,"Business, Economics & Management",Economia e Management,BUS,name-heuristic,uef.ru,http://www.uef.ru/,,,,,,,
1712,Ufa State Aviation Technical University,Russian Federation,RU,,,,ENG,Engineering & Technology,Ingegneria e Tecnologia,ENG,name-heuristic,ugatu.ac.ru,http://www.ugatu.ac.ru/,,,,,,,
1713,Yugra State University,Russian Federation,RU,,,,COMP,Comprehensive (multi-field),Generalista (multidisciplinare),COMP,name-heuristic,ugrasu.ru,http://www.ugrasu.ru/,,,,,,,
1714,Ulyanovsk State Agricultural Academy,Russian Federation,RU,Ulyanovsk,54.32824,48.38657,AGR,"Agriculture, Forestry & Veterinary",Agraria e Veterinaria,AGR,name-heuristic,ugsha.ru,http://www.ugsha.ru/,,,,,,,
1715,Ukhta State Technical University,Russian Federation,RU,Ukhta,63.56904,53.69141,ENG,Engineering & Technology,Ingegneria e Tecnologia,ENG,name-heuristic,uii.sever.ru,http://uii.sever.ru/,,,,,,,
1716,Ulyanovsk State Pedagogical University,Russian Federation,RU,Ulyanovsk,54.32824,48.38657,EDU,Education & Sport Sciences,Scienze della Formazione e dello Sport,EDU,name-heuristic,ulspu.ru,http://www.ulspu.ru/,,,,,,,
1717,Ulyanovsk State Technical University,Russian Federation,RU,Ulyanovsk,54.32824,48.38657,ENG,Engineering & Technology,Ingegneria e Tecnologia,ENG,name-heuristic,ulstu.ru,http://www.ulstu.ru/,Reporter,,,,,,
1718,Ulyanovsk State University,Russian Federation,RU,Ulyanovsk,54.32824,48.38657,COMP,Comprehensive (multi-field),Generalista (multidisciplinare),COMP,name-heuristic,ulsu.ru,http://www.ulsu.ru/,,,,,,,
1719,"Dubna International University for Nature, Society and Man",Russian Federation,RU,Dubna,56.74049,37.18648,COMP,Comprehensive (multi-field),Generalista (multidisciplinare),COMP,name-heuristic,uni-dubna.ru,http://www.uni-dubna.ru/,,,,,,,
1720,St. Petersburg State Technical University,Russian Federation,RU,Saint Petersburg,59.93863,30.31413,ENG,Engineering & Technology,Ingegneria e Tecnologia,ENG,name-heuristic,unilib.neva.ru,http://www.unilib.neva.ru/,,,,,,,
1721,Udmurt State University,Russian Federation,RU,,,,COMP,Comprehensive (multi-field),Generalista (multidisciplinare),COMP,name-heuristic,uni.udm.ru,http://www.uni.udm.ru/,,,,,,,
1722,Omsk State University,Russian Federation,RU,Omsk,54.99244,73.36859,COMP,Comprehensive (multi-field),Generalista (multidisciplinare),COMP,name-heuristic,univer.omsk.su,http://www.univer.omsk.su/,,,,,,,
1723,Tver State University,Russian Federation,RU,Tver,56.85836,35.90057,COMP,Comprehensive (multi-field),Generalista (multidisciplinare),COMP,name-heuristic,university.tversu.ru,http://university.tversu.ru/,,,,,,,
1724,Vologda State Pedagogical University,Russian Federation,RU,Vologda,59.2239,39.88398,EDU,Education & Sport Sciences,Scienze della Formazione e dello Sport,EDU,name-heuristic,uni-vologda.ac.ru,http://www.uni-vologda.ac.ru/,,,,,,,
1725,Yaroslavl State University,Russian Federation,RU,Yaroslavl,57.62987,39.87368,COMP,Comprehensive (multi-field),Generalista (multidisciplinare),COMP,name-heuristic,uniyar.ac.ru,http://www.uniyar.ac.ru/,,,,,,,
1726,Nizhny Novgorod State University,Russian Federation,RU,Nizhniy Novgorod,56.32867,44.00205,COMP,Comprehensive (multi-field),Generalista (multidisciplinare),COMP,name-heuristic,unn.ac.ru,http://www.unn.ac.ru/,,,,,,,
1727,Cheljabinsk University of Agricultural Engineering,Russian Federation,RU,Chelyabinsk,55.1611,61.42877,ENG,Engineering & Technology,Ingegneria e Tecnologia,ENG,name-heuristic,urc.ac.ru,http://www.urc.ac.ru/,,,,,,,
1728,Ural State Academy of Architecture and Arts,Russian Federation,RU,,,,ARC,Architecture & Urban Planning,Architettura e Urbanistica,ARC,name-heuristic,usaaa.ru,http://www.usaaa.ru/,,,,,,,
1729,Ural State Academy of Railway Transport,Russian Federation,RU,,,,EDU,Education & Sport Sciences,Scienze della Formazione e dello Sport,EDU,name-heuristic,usart.ru,http://www.usart.ru/,,,,,,,
1730,Ural State Conservatory,Russian Federation,RU,,,,ART,"Arts, Design & Music","Arte, Design e Musica",ART,name-heuristic,uscon.ru,http://www.uscon.ru/,,,,,,,
1731,Ural State Forestry Technical Academy,Russian Federation,RU,,,,ENG,Engineering & Technology,Ingegneria e Tecnologia,ENG,name-heuristic,usfea.ru,http://www.usfea.ru/,,,,,,,
1732,Ural State Academy of Law,Russian Federation,RU,,,,LAW,Law,Giurisprudenza,LAW,name-heuristic,usla.ru,http://www.usla.ru/,,,,,,,
1733,Ural State Academy of Mining and Geology,Russian Federation,RU,,,,ENG,Engineering & Technology,Ingegneria e Tecnologia,ENG,name-heuristic,usmga.ru,http://www.usmga.ru/,,,,,,,
1734,Ural Federal University,Russian Federation,RU,,,,COMP,Comprehensive (multi-field),Generalista (multidisciplinare),COMP,name-heuristic,urfu.ru,https://urfu.ru/,801–1000,35.5,25.7,29.2,44.4,60.5,58.3
1735,Ural State University of Economics,Russian Federation,RU,,,,BUS,"Business, Economics & Management",Economia e Management,BUS,name-heuristic,usue.ru,http://www.usue.ru/,,,,,,,
1736,Ural Gorkij State University,Russian Federation,RU,Nizhniy Novgorod,56.32867,44.00205,COMP,Comprehensive (multi-field),Generalista (multidisciplinare),COMP,name-heuristic,usu.ru,http://www.usu.ru/,,,,,,,
1737,Ulyanovsk Higher School of Civil Aviation,Russian Federation,RU,Ulyanovsk,54.32824,48.38657,ENG,Engineering & Technology,Ingegneria e Tecnologia,ENG,name-heuristic,uvauga.ru,http://www.uvauga.ru/,,,,,,,
1738,"Russian Customs Academy, Vladivostok Branch",Russian Federation,RU,Vladivostok,43.10562,131.87353,COMP,Comprehensive (multi-field),Generalista (multidisciplinare),COMP,name-heuristic,vfrta.ru,http://www.vfrta.ru/,,,,,,,
1739,Volgograd State Academy of Physical Education,Russian Federation,RU,Volgograd,48.71378,44.4976,EDU,Education & Sport Sciences,Scienze della Formazione e dello Sport,EDU,name-heuristic,vgafk.ru,http://www.vgafk.ru/,,,,,,,
1740,Volgograd State University of Architecture and Civil Engineering (VolgGASU),Russian Federation,RU,Volgograd,48.71378,44.4976,ENG,Engineering & Technology,Ingegneria e Tecnologia,ENG,name-heuristic,vgasa.ru,http://www.vgasa.ru/,,,,,,,
1741,Voronezh State Academy of Technology,Russian Federation,RU,Voronezh,51.66833,39.19204,ENG,Engineering & Technology,Ingegneria e Tecnologia,ENG,name-heuristic,vgta.vrn.ru,http://www.vgta.vrn.ru/,,,,,,,
1742,"NGO Vladikavkaz Institute of Economics, Management, and Law",Russian Federation,RU,Vladikavkaz,43.04101,44.66986,BUS,"Business, Economics & Management",Economia e Management,BUS,name-heuristic,vieup.ru,http://www.vieup.ru/,,,,,,,
1743,Vladimir State University,Russian Federation,RU,Vladivostok,43.10562,131.87353,COMP,Comprehensive (multi-field),Generalista (multidisciplinare),COMP,name-heuristic,vlsu.ru,http://www.vlsu.ru/,,,,,,,
1744,Baltic State Technical University,Russian Federation,RU,,,,ENG,Engineering & Technology,Ingegneria e Tecnologia,ENG,name-heuristic,voenmeh.ru,http://www.voenmeh.ru/,,,,,,,
1745,Volgograd State University,Russian Federation,RU,Volgograd,48.71378,44.4976,COMP,Comprehensive (multi-field),Generalista (multidisciplinare),COMP,name-heuristic,volsu.ru,http://www.volsu.ru/,1501+,10.3,21.0,12.1,15.4,23.6,16.4
1746,Voronezh State Technical University,Russian Federation,RU,Voronezh,51.66833,39.19204,ENG,Engineering & Technology,Ingegneria e Tecnologia,ENG,name-heuristic,vorstu.ac.ru,http://www.vorstu.ac.ru/,1501+,10.3,23.5,11.0,7.1,34.9,18.7
1747,Voronezh State Agricultural University,Russian Federation,RU,Voronezh,51.66833,39.19204,AGR,"Agriculture, Forestry & Veterinary",Agraria e Veterinaria,AGR,name-heuristic,vsau.ru,http://www.vsau.ru/,,,,,,,
1748,East-Siberian State Institute of Culture,Russian Federation,RU,,,,COMP,Comprehensive (multi-field),Generalista (multidisciplinare),COMP,name-heuristic,vsgaki.burnet.ru,http://www.vsgaki.burnet.ru/,,,,,,,
1749,East-Siberian State University,Russian Federation,RU,,,,COMP,Comprehensive (multi-field),Generalista (multidisciplinare),COMP,name-heuristic,vsgtu.eastsib.ru,http://www.vsgtu.eastsib.ru/,,,,,,,
1750,Voronezh State Medical Academy,Russian Federation,RU,Voronezh,51.66833,39.19204,MED,Medicine & Health,Medicina e Salute,MED,name-heuristic,vsma.info,http://www.vsma.info/,,,,,,,
1751,Voronezh State Pedagogical University,Russian Federation,RU,Voronezh,51.66833,39.19204,EDU,Education & Sport Sciences,Scienze della Formazione e dello Sport,EDU,name-heuristic,vspu.ac.ru,http://www.vspu.ac.ru/,,,,,,,
1752,Vyatka State Pedagogical University,Russian Federation,RU,Kirov,58.59809,49.65783,EDU,Education & Sport Sciences,Scienze della Formazione e dello Sport,EDU,name-heuristic,vspu.kirov.ru,http://www.vspu.kirov.ru/,,,,,,,
1753,Volgograd State Pedagogical University,Russian Federation,RU,Volgograd,48.71378,44.4976,EDU,Education & Sport Sciences,Scienze della Formazione e dello Sport,EDU,name-heuristic,vspu.ru,http://www.vspu.ru/,,,,,,,
1754,Volgograd State Technical University,Russian Federation,RU,Volgograd,48.71378,44.4976,ENG,Engineering & Technology,Ingegneria e Tecnologia,ENG,name-heuristic,vstu.ru,http://www.vstu.ru/,,,,,,,
1755,Voronezh State University,Russian Federation,RU,Voronezh,51.66833,39.19204,COMP,Comprehensive (multi-field),Generalista (multidisciplinare),COMP,name-heuristic,vsu.ru,http://www.vsu.ru/,,,,,,,
1756,Vladivostock State University of Economics,Russian Federation,RU,,,,BUS,"Business, Economics & Management",Economia e Management,BUS,name-heuristic,vvsu.ru,http://www.vvsu.ru/,,,,,,,
1757,Yaroslavl State Medical Academy,Russian Federation,RU,Yaroslavl,57.62987,39.87368,MED,Medicine & Health,Medicina e Salute,MED,name-heuristic,yma.ac.ru,http://www.yma.ac.ru/,,,,,,,
1758,Yaroslavl State Pedagogical University,Russian Federation,RU,Yaroslavl,57.62987,39.87368,EDU,Education & Sport Sciences,Scienze della Formazione e dello Sport,EDU,name-heuristic,yspu.yar.ru,http://www.yspu.yar.ru/,,,,,,,
1759,Yaroslavl State Technical University,Russian Federation,RU,Yaroslavl,57.62987,39.87368,ENG,Engineering & Technology,Ingegneria e Tecnologia,ENG,name-heuristic,ystu.yar.ru,http://www.ystu.yar.ru/,,,,,,,
1760,Yakutsk State University,Russian Federation,RU,Yakutsk,62.03114,129.72288,COMP,Comprehensive (multi-field),Generalista (multidisciplinare),COMP,name-heuristic,ysu.ru,http://www.ysu.ru/,,,,,,,
1761,Moscow University for Industry and Finance “Synergy”,Russian Federation,RU,Moscow,55.75204,37.61781,BUS,"Business, Economics & Management",Economia e Management,BUS,name-heuristic,synergy.ru,https://synergy.ru/,,,,,,,
1762,University of San Marino,San Marino,SM,San Marino,43.93667,12.44639,COMP,Comprehensive (multi-field),Generalista (multidisciplinare),COMP,name-heuristic,unirsm.sm,http://www.unirsm.sm/,,,,,,,
1763,University of Fine Arts Belgrade,Serbia,RS,Belgrade,44.80401,20.46513,ART,"Arts, Design & Music","Arte, Design e Musica",ART|BUS|EDU|HUM|ICT|LAW|SOC,ETER,arts.bg.ac.rs,http://www.arts.bg.ac.rs/,,,,,,,
1764,University of Belgrade,Serbia,RS,Belgrade,44.80401,20.46513,COMP,Comprehensive (multi-field),Generalista (multidisciplinare),AGR|ARC|ART|BUS|EDU|ENG|HUM|ICT|LAW|MED|SCI|SOC,ETER,bg.ac.rs,http://www.bg.ac.rs/,1001–1200,32.1,22.6,27.3,50.9,41.6,31.9
1765,European University,Serbia,RS,,,,COMP,Comprehensive (multi-field),Generalista (multidisciplinare),COMP,name-heuristic,eu.ac.rs,http://www.eu.ac.rs/,,,,,,,
1766,University of Kragujevac,Serbia,RS,Kragujevac,44.01667,20.91667,COMP,Comprehensive (multi-field),Generalista (multidisciplinare),AGR|ARC|ART|BUS|EDU|ENG|HUM|ICT|LAW|MED|SCI|SOC,ETER,kg.ac.rs,http://www.kg.ac.rs/,,,,,,,
1767,Megatrend University of Applied Sciences,Serbia,RS,,,,COMP,Comprehensive (multi-field),Generalista (multidisciplinare),COMP,name-heuristic,megatrend-edu.net,http://www.megatrend-edu.net/,,,,,,,
1768,Metropolitan University,Serbia,RS,,,,COMP,Comprehensive (multi-field),Generalista (multidisciplinare),COMP,name-heuristic,metropolitan.edu.rs,http://www.metropolitan.edu.rs/,,,,,,,
1769,University of Nis,Serbia,RS,,,,COMP,Comprehensive (multi-field),Generalista (multidisciplinare),AGR|ARC|ART|BUS|EDU|ENG|HUM|ICT|LAW|MED|SCI|SOC,ETER,ni.ac.rs,http://www.ni.ac.rs/,,,,,,,
1770,Drzavni Univerzitet u Novom Pazaru,Serbia,RS,,,,COMP,Comprehensive (multi-field),Generalista (multidisciplinare),COMP,name-heuristic,np.ac.rs,http://www.np.ac.rs/,,,,,,,
1771,University of Priština,Serbia,RS,,,,COMP,Comprehensive (multi-field),Generalista (multidisciplinare),COMP,name-heuristic,pr.ac.rs,http://www.pr.ac.rs/,,,,,,,
1772,Privredna Akademija (Business Academy),Serbia,RS,,,,BUS,"Business, Economics & Management",Economia e Management,BUS,name-heuristic,privrednaakademija.edu.rs,http://www.privrednaakademija.edu.rs/,,,,,,,
1773,Singidunum University,Serbia,RS,Belgrade,44.80401,20.46513,COMP,Comprehensive (multi-field),Generalista (multidisciplinare),ARC|ART|BUS|EDU|ENG|HUM|ICT|LAW|MED|SCI|SOC,ETER,singidunum.edu.rs,http://www.singidunum.edu.rs/,,,,,,,
1774,International University of Novi Pazar,Serbia,RS,Novi Pazar,43.13667,20.51222,COMP,Comprehensive (multi-field),Generalista (multidisciplinare),AGR|ARC|ART|BUS|EDU|ENG|HUM|ICT|LAW|MED|SCI|SOC,ETER,uninp.edu.rs,http://www.uninp.edu.rs/,,,,,,,
1775,University of Novi Sad,Serbia,RS,Novi Sad,45.25167,19.83694,COMP,Comprehensive (multi-field),Generalista (multidisciplinare),AGR|ARC|ART|BUS|EDU|ENG|HUM|ICT|LAW|MED|SCI|SOC,ETER,uns.ac.rs,http://www.uns.ac.rs/,1501+,10.3,19.9,11.5,32.8,38.8,59.6
1776,Police Academy in Bratislava,Slovakia,SK,Bratislava,48.14816,17.10674,COMP,Comprehensive (multi-field),Generalista (multidisciplinare),MED,ETER,akademiapz.sk,http://www.akademiapz.sk/,,,,,,,
1777,Academy of Arts in Banská Bystrica,Slovakia,SK,Banská Bystrica,48.73947,19.14932,ART,"Arts, Design & Music","Arte, Design e Musica",ART|EDU|HUM|SOC,ETER,aku.sk,http://www.aku.sk/,,,,,,,
1778,Armed Forces Academy of General Milan Rastislav Štefánik,Slovakia,SK,,,,COMP,Comprehensive (multi-field),Generalista (multidisciplinare),AGR|ARC|ART|BUS|EDU|ENG|HUM|ICT|LAW|MED|SCI|SOC,ETER,aos.sk,http://www.aos.sk/,,,,,,,
1779,Bratislava International School of Liberal Arts,Slovakia,SK,Bratislava,48.14816,17.10674,HUM,Humanities & Languages,Studi Umanistici e Lingue,HUM,name-heuristic,bisla.sk,http://www.bisla.sk/,,,,,,,
1780,Technical Institute of Dubnica in Dubnica nad Váhom,Slovakia,SK,Dubnica nad Váhom,48.95981,18.16634,ENG,Engineering & Technology,Ingegneria e Tecnologia,ENG,name-heuristic,dti.sk,http://www.dti.sk/,,,,,,,
1781,University of Economics in Bratislava,Slovakia,SK,Bratislava,48.14816,17.10674,BUS,"Business, Economics & Management",Economia e Management,AGR|ARC|ART|BUS|EDU|ENG|HUM|ICT|LAW|MED|SCI|SOC,ETER,euba.sk,http://www.euba.sk/,Reporter,,,,,,
1782,International School of Management in Prešov,Slovakia,SK,Prešov,48.99923,21.2355,BUS,"Business, Economics & Management",Economia e Management,AGR|ARC|ART|BUS|EDU|ENG|HUM|ICT|LAW|MED|SCI|SOC,ETER,ismpo.sk,http://www.ismpo.sk/,,,,,,,
1783,Catholic University in Ruzomberok,Slovakia,SK,Ružomberok,49.0748,19.30751,COMP,Comprehensive (multi-field),Generalista (multidisciplinare),AGR|ART|BUS|EDU|HUM|LAW|MED|SCI|SOC,ETER,ku.sk,http://www.ku.sk/,,,,,,,
1784,Slovak Medical University,Slovakia,SK,,,,MED,Medicine & Health,Medicina e Salute,MED,name-heuristic,szu.sk,http://www.szu.sk/,,,,,,,
1785,Janos Selye University,Slovakia,SK,,,,COMP,Comprehensive (multi-field),Generalista (multidisciplinare),COMP,name-heuristic,selyeuni.sk,http://www.selyeuni.sk/,,,,,,,
1786,University of Central Europe in Skalica,Slovakia,SK,Skalica,48.8449,17.22635,COMP,Comprehensive (multi-field),Generalista (multidisciplinare),AGR|ARC|ART|BUS|EDU|ENG|HUM|ICT|LAW|MED|SCI|SOC,ETER,sevs.sk,http://www.sevs.sk/,,,,,,,
1787,Slovak University of Technology in Bratislava,Slovakia,SK,Bratislava,48.14816,17.10674,ENG,Engineering & Technology,Ingegneria e Tecnologia,AGR|ARC|ART|BUS|EDU|ENG|HUM|ICT|LAW|MED|SCI|SOC,ETER,stuba.sk,http://www.stuba.sk/,1501+,10.3,28.7,14.5,24.7,45.0,45.4
1788,University of Alexandra Dubček in Trenčín,Slovakia,SK,Trenčín,48.89452,18.04436,COMP,Comprehensive (multi-field),Generalista (multidisciplinare),AGR|ARC|ART|BUS|EDU|ENG|HUM|ICT|LAW|MED|SCI|SOC,ETER,tnuni.sk,http://www.tnuni.sk/,,,,,,,
1789,University of Trnava,Slovakia,SK,Trnava,48.37773,17.58603,COMP,Comprehensive (multi-field),Generalista (multidisciplinare),AGR|ARC|ART|BUS|EDU|ENG|HUM|ICT|LAW|MED|SCI|SOC,ETER,truni.sk,http://www.truni.sk/,,,,,,,
1790,Technical University in Kosice,Slovakia,SK,Košice,48.71441,21.25802,ENG,Engineering & Technology,Ingegneria e Tecnologia,AGR|ARC|ART|BUS|EDU|ENG|HUM|ICT|LAW|MED|SCI|SOC,ETER,tuke.sk,http://www.tuke.sk/,,,,,,,
1791,Technical University in Zvolen,Slovakia,SK,Zvolen,48.57442,19.15324,ENG,Engineering & Technology,Ingegneria e Tecnologia,AGR|ARC|ART|BUS|EDU|ENG|HUM|ICT|LAW|MED|SCI|SOC,ETER,tuzvo.sk,http://www.tuzvo.sk/,,,,,,,
1792,University of SS. Cyril and Methodius in Trnava,Slovakia,SK,Trnava,48.37773,17.58603,COMP,Comprehensive (multi-field),Generalista (multidisciplinare),AGR|ARC|ART|BUS|EDU|ENG|HUM|ICT|LAW|MED|SCI|SOC,ETER,ucm.sk,http://www.ucm.sk/,,,,,,,
1793,University Konstantina Filozov in Nitra,Slovakia,SK,Nitra,48.30763,18.08453,COMP,Comprehensive (multi-field),Generalista (multidisciplinare),COMP,name-heuristic,ukf.sk,http://www.ukf.sk/,,,,,,,
1794,Matej Bel University in Banská Bystrica,Slovakia,SK,Banská Bystrica,48.73947,19.14932,COMP,Comprehensive (multi-field),Generalista (multidisciplinare),AGR|ARC|ART|BUS|EDU|ENG|HUM|ICT|LAW|MED|SCI|SOC,ETER,umb.sk,http://www.umb.sk/,,,,,,,
1795,Slovak University of Agriculture in Nitra,Slovakia,SK,Nitra,48.30763,18.08453,AGR,"Agriculture, Forestry & Veterinary",Agraria e Veterinaria,AGR|ARC|ART|BUS|ENG|HUM|ICT|LAW|MED|SCI|SOC,ETER,uniag.sk,http://www.uniag.sk/,1201–1500,27.3,27.5,19.3,34.0,49.2,22.9
1796,Comenius University in Bratislava,Slovakia,SK,Bratislava,48.14816,17.10674,COMP,Comprehensive (multi-field),Generalista (multidisciplinare),AGR|ARC|ART|BUS|EDU|ENG|HUM|ICT|LAW|MED|SCI|SOC,ETER,uniba.sk,http://www.uniba.sk/,1201–1500,27.3,29.4,17.0,37.2,52.9,30.0
1797,Law University of Bratislava,Slovakia,SK,Bratislava,48.14816,17.10674,COMP,Comprehensive (multi-field),Generalista (multidisciplinare),COMP,name-heuristic,uninova.sk,http://www.uninova.sk/,,,,,,,
1798,University of Presov,Slovakia,SK,Prešov,48.99923,21.2355,COMP,Comprehensive (multi-field),Generalista (multidisciplinare),COMP,name-heuristic,unipo.sk,http://www.unipo.sk/,,,,,,,
1799,University of Zilinska,Slovakia,SK,,,,COMP,Comprehensive (multi-field),Generalista (multidisciplinare),COMP,name-heuristic,uniza.sk,http://www.uniza.sk/,,,,,,,
1800,Pavol Jozef Safarik University in Kosice,Slovakia,SK,Košice,48.71441,21.25802,COMP,Comprehensive (multi-field),Generalista (multidisciplinare),AGR|ARC|ART|BUS|EDU|ENG|HUM|ICT|LAW|MED|SCI|SOC,ETER,upjs.sk,http://www.upjs.sk/,1201–1500,27.3,41.7,11.2,24.5,59.3,24.7
1801,University of Veterinary Medicine in Kosice,Slovakia,SK,Košice,48.71441,21.25802,MED,Medicine & Health,Medicina e Salute,AGR|ARC|ENG|MED|SCI,ETER,uvm.sk,http://www.uvm.sk/,,,,,,,
1802,School of Management,Slovakia,SK,,,,BUS,"Business, Economics & Management",Economia e Management,BUS,name-heuristic,vsm.sk,http://www.vsm.sk/,,,,,,,
1803,University of Performing Arts in Bratislava,Slovakia,SK,Bratislava,48.14816,17.10674,COMP,Comprehensive (multi-field),Generalista (multidisciplinare),ART|EDU|HUM|SOC,ETER,vsmu.sk,http://www.vsmu.sk/,,,,,,,
1804,College in Sládkovičovo,Slovakia,SK,,,,COMP,Comprehensive (multi-field),Generalista (multidisciplinare),COMP,name-heuristic,vssladkovicovo.sk,http://www.vssladkovicovo.sk/,,,,,,,
1805,St. Elizabeth’s College of Health and Social Sciences in Bratislava,Slovakia,SK,Bratislava,48.14816,17.10674,MED,Medicine & Health,Medicina e Salute,AGR|ART|EDU|HUM|MED|SOC,ETER,vssvalzbety.sk,http://www.vssvalzbety.sk/,,,,,,,
1806,Academy of Fine Arts and Design in Bratislava,Slovakia,SK,Bratislava,48.14816,17.10674,ART,"Arts, Design & Music","Arte, Design e Musica",AGR|ARC|ART|EDU|ENG|HUM|ICT|SOC,ETER,vsvu.sk,http://www.vsvu.sk/,,,,,,,
1807,University of Nova Gorica,Slovenia,SI,,,,COMP,Comprehensive (multi-field),Generalista (multidisciplinare),AGR|ARC|ART|BUS|EDU|ENG|HUM|ICT|LAW|SCI|SOC,ETER,ung.si,http://www.ung.si/,801–1000,35.5,29.9,19.0,49.5,86.7,29.6
1808,University of Ljubljana,Slovenia,SI,Ljubljana,46.05108,14.50513,COMP,Comprehensive (multi-field),Generalista (multidisciplinare),AGR|ARC|ART|BUS|EDU|ENG|HUM|ICT|LAW|MED|SCI|SOC,ETER,uni-lj.si,http://www.uni-lj.si/,801–1000,35.5,27.8,23.8,56.0,42.6,69.1
1809,University of Maribor,Slovenia,SI,Maribor,46.55583,15.64593,COMP,Comprehensive (multi-field),Generalista (multidisciplinare),AGR|ARC|ART|BUS|EDU|ENG|HUM|ICT|LAW|MED|SCI|SOC,ETER,um.si,http://www.um.si/,1201–1500,27.3,21.5,18.0,41.2,39.5,46.2
1810,University of Primorska,Slovenia,SI,,,,COMP,Comprehensive (multi-field),Generalista (multidisciplinare),AGR|ART|BUS|EDU|HUM|LAW|MED|SCI|SOC,ETER,upr.si,http://www.upr.si/,1501+,10.3,20.0,17.4,25.1,62.2,23.0
1811,Barcelona Graduate School of Economics,Spain,ES,Barcelona,41.38879,2.15899,BUS,"Business, Economics & Management",Economia e Management,BUS,name-heuristic,barcelonagse.eu,http://www.barcelonagse.eu/,,,,,,,
1812,Bircham International University,Spain,ES,,,,COMP,Comprehensive (multi-field),Generalista (multidisciplinare),COMP,name-heuristic,bircham.edu,http://www.bircham.edu/,,,,,,,
1813,Universidad de San Pablo CEU,Spain,ES,,,,COMP,Comprehensive (multi-field),Generalista (multidisciplinare),ARC|ART|BUS|EDU|ENG|HUM|ICT|LAW|MED|SCI|SOC,ETER,ceu.es,http://www.ceu.es/,,,,,,,
1814,Universidad de Deusto,Spain,ES,,,,COMP,Comprehensive (multi-field),Generalista (multidisciplinare),ARC|ART|BUS|EDU|ENG|HUM|ICT|LAW|MED|SCI|SOC,ETER,deusto.es,http://www.deusto.es/,1201–1500,27.3,20.7,20.6,49.3,46.0,39.9
1815,Universidad del País Vasco,Spain,ES,,,,COMP,Comprehensive (multi-field),Generalista (multidisciplinare),COMP,name-heuristic,ehu.es,http://www.ehu.es/,,,,,,,
1816,Escuela Superior de Gestion Comercial y Marketing (ESIC),Spain,ES,,,,COMP,Comprehensive (multi-field),Generalista (multidisciplinare),COMP,name-heuristic,esic.es,http://www.esic.es/,,,,,,,
1817,Global Business School Barcelona,Spain,ES,Barcelona,41.38879,2.15899,BUS,"Business, Economics & Management",Economia e Management,BUS,name-heuristic,global-business-school.org,http://www.global-business-school.org/,,,,,,,
1818,IE University,Spain,ES,,,,COMP,Comprehensive (multi-field),Generalista (multidisciplinare),AGR|ARC|ART|BUS|EDU|ENG|HUM|ICT|LAW|MED|SCI|SOC,ETER,ie.edu,http://www.ie.edu/,,,,,,,
1819,International University of Southern Europe,Spain,ES,,,,COMP,Comprehensive (multi-field),Generalista (multidisciplinare),COMP,name-heuristic,iuse.edu.es,http://www.iuse.edu.es/,,,,,,,
1820,La Salle Universities - International Programmes,Spain,ES,,,,COMP,Comprehensive (multi-field),Generalista (multidisciplinare),COMP,name-heuristic,lasalleuniversities.net,http://www.lasalleuniversities.net/,,,,,,,
1821,Mondragon Univertsitatea,Spain,ES,Arrasate / Mondragón,43.06441,-2.48977,COMP,Comprehensive (multi-field),Generalista (multidisciplinare),COMP,name-heuristic,muni.es,http://www.muni.es/,,,,,,,
1822,La Salle - Universitat Ramon Llull,Spain,ES,,,,COMP,Comprehensive (multi-field),Generalista (multidisciplinare),COMP,name-heuristic,salleurl.edu,http://www.salleurl.edu/,,,,,,,
1823,"Schiller International University, Madrid",Spain,ES,Madrid,40.4165,-3.70256,COMP,Comprehensive (multi-field),Generalista (multidisciplinare),COMP,name-heuristic,schillermadrid.edu,http://www.schillermadrid.edu/,,,,,,,
1824,Universitat Autónoma de Barcelona,Spain,ES,Barcelona,41.38879,2.15899,COMP,Comprehensive (multi-field),Generalista (multidisciplinare),COMP,name-heuristic,uab.es,http://www.uab.es/,183,59.8,44.9,44.8,84.6,69.5,73.3
1825,Universidad de Alicante,Spain,ES,Alicante,38.34517,-0.48149,COMP,Comprehensive (multi-field),Generalista (multidisciplinare),AGR|ARC|ART|BUS|EDU|ENG|HUM|ICT|LAW|MED|SCI|SOC,ETER,ua.es,http://www.ua.es/,1001–1200,32.1,27.6,21.2,47.9,41.7,56.1
1826,Universidad de Alcalá de Henares,Spain,ES,Alcalá de Henares,40.48205,-3.35996,COMP,Comprehensive (multi-field),Generalista (multidisciplinare),AGR|ARC|ART|BUS|EDU|ENG|HUM|ICT|LAW|MED|SCI|SOC,ETER,uah.es,http://www.uah.es/,,,,,,,
1827,Universidad de Almería,Spain,ES,Almería,36.83814,-2.45974,COMP,Comprehensive (multi-field),Generalista (multidisciplinare),AGR|ARC|ART|BUS|EDU|ENG|HUM|ICT|LAW|MED|SCI|SOC,ETER,ualm.es,http://www.ualm.es/,1001–1200,32.1,22.7,21.2,51.0,45.0,34.5
1828,Universidad Autónoma de Madrid,Spain,ES,Madrid,40.4165,-3.70256,COMP,Comprehensive (multi-field),Generalista (multidisciplinare),AGR|ARC|ART|BUS|EDU|ENG|HUM|ICT|LAW|MED|SCI|SOC,ETER,uam.es,http://www.uam.es/,,,,,,,
1829,Universidad Alfonso X El Sabio,Spain,ES,,,,COMP,Comprehensive (multi-field),Generalista (multidisciplinare),AGR|ARC|ART|BUS|EDU|ENG|HUM|ICT|LAW|MED|SCI|SOC,ETER,uax.es,http://www.uax.es/,,,,,,,
1830,Universitat de Barcelona,Spain,ES,Barcelona,41.38879,2.15899,COMP,Comprehensive (multi-field),Generalista (multidisciplinare),AGR|ARC|ART|BUS|EDU|ENG|HUM|ICT|LAW|MED|SCI|SOC,ETER,ub.es,http://www.ub.es/,=145,62.0,44.0,47.8,88.5,64.6,92.4
1831,Universidad de Burgos,Spain,ES,Burgos,42.34106,-3.70184,COMP,Comprehensive (multi-field),Generalista (multidisciplinare),AGR|ARC|ART|BUS|EDU|ENG|HUM|ICT|LAW|MED|SCI|SOC,ETER,ubu.es,http://www.ubu.es/,1201–1500,27.3,21.8,16.7,44.9,36.3,29.0
1832,Universidad Carlos III de Madrid,Spain,ES,Madrid,40.4165,-3.70256,COMP,Comprehensive (multi-field),Generalista (multidisciplinare),ARC|ART|BUS|EDU|ENG|HUM|ICT|LAW|MED|SCI|SOC,ETER,uc3m.es,http://www.uc3m.es/,801–1000,35.5,32.6,21.7,45.7,62.6,66.7
1833,Universidad de Cádiz,Spain,ES,Cadiz,36.52672,-6.2891,COMP,Comprehensive (multi-field),Generalista (multidisciplinare),AGR|ARC|ART|BUS|EDU|ENG|HUM|ICT|LAW|MED|SCI|SOC,ETER,uca.es,http://www.uca.es/,1201–1500,27.3,21.2,18.3,42.7,43.4,37.4
1834,Universidad Católica San Antonio,Spain,ES,Sant Antoni de Portmany,38.98068,1.30362,COMP,Comprehensive (multi-field),Generalista (multidisciplinare),COMP,name-heuristic,ucam.edu,http://www.ucam.edu/,1201–1500,27.3,19.1,18.2,35.1,57.4,39.2
1835,Universidad Católica de Ávila,Spain,ES,Ávila,40.65724,-4.69951,COMP,Comprehensive (multi-field),Generalista (multidisciplinare),COMP,name-heuristic,ucavila.es,http://www.ucavila.es/,,,,,,,
1836,Universidad Cardenal Herrera-CEU,Spain,ES,,,,COMP,Comprehensive (multi-field),Generalista (multidisciplinare),AGR|ARC|ART|BUS|EDU|ENG|HUM|ICT|LAW|MED|SCI|SOC,ETER,uchceu.es,http://www.uchceu.es/,,,,,,,
1837,Universidad de Castilla La Mancha,Spain,ES,Castilla,40.47431,-3.67972,COMP,Comprehensive (multi-field),Generalista (multidisciplinare),AGR|ARC|ART|BUS|EDU|ENG|HUM|ICT|LAW|MED|SCI|SOC,ETER,uclm.es,http://www.uclm.es/,1001–1200,32.1,24.0,17.9,52.8,45.0,53.5
1838,Universidad Complutense de Madrid,Spain,ES,Madrid,40.4165,-3.70256,COMP,Comprehensive (multi-field),Generalista (multidisciplinare),AGR|ARC|ART|BUS|EDU|ENG|HUM|ICT|LAW|MED|SCI|SOC,ETER,ucm.es,http://www.ucm.es/,501–600,43.6,43.7,34.5,57.6,49.1,56.6
1839,Universidad de Córdoba,Spain,ES,Córdoba,37.89155,-4.77275,COMP,Comprehensive (multi-field),Generalista (multidisciplinare),AGR|ARC|ART|BUS|EDU|ENG|HUM|ICT|LAW|MED|SCI|SOC,ETER,uco.es,http://www.uco.es/,801–1000,35.5,27.4,20.7,60.4,50.6,45.8
1840,Universidad Católica de Valencia,Spain,ES,Valencia,39.47391,-0.37966,COMP,Comprehensive (multi-field),Generalista (multidisciplinare),COMP,name-heuristic,ucv.es,http://www.ucv.es/,,,,,,,
1841,Universidade da Coruña,Spain,ES,A Coruña,43.37135,-8.396,COMP,Comprehensive (multi-field),Generalista (multidisciplinare),AGR|ARC|ART|BUS|EDU|ENG|HUM|ICT|LAW|MED|SCI|SOC,ETER,udc.gal,https://www.udc.gal/,,,,,,,
1842,Universidad de Gerona,Spain,ES,Girona,41.98311,2.82493,COMP,Comprehensive (multi-field),Generalista (multidisciplinare),COMP,name-heuristic,udg.es,http://www.udg.es/,,,,,,,
1843,Universitat de Lleida,Spain,ES,Lleida,41.61674,0.62218,COMP,Comprehensive (multi-field),Generalista (multidisciplinare),AGR|ARC|ART|BUS|EDU|ENG|HUM|ICT|LAW|MED|SCI|SOC,ETER,udl.es,http://www.udl.es/,801–1000,35.5,23.2,20.3,59.6,43.3,61.4
1844,Universidad Europea de Madrid,Spain,ES,Madrid,40.4165,-3.70256,COMP,Comprehensive (multi-field),Generalista (multidisciplinare),COMP,name-heuristic,uem.es,http://www.uem.es/,,,,,,,
1845,Universidad Francisco de Vitoria,Spain,ES,Gasteiz / Vitoria,42.84998,-2.67268,COMP,Comprehensive (multi-field),Generalista (multidisciplinare),AGR|ARC|ART|BUS|EDU|ENG|HUM|ICT|LAW|MED|SCI|SOC,ETER,ufv.es,http://www.ufv.es/,1501+,10.3,15.5,12.7,46.3,41.3,18.3
1846,Universidad de Granada,Spain,ES,Granada,37.18817,-3.60667,COMP,Comprehensive (multi-field),Generalista (multidisciplinare),AGR|ARC|ART|BUS|EDU|ENG|HUM|ICT|LAW|MED|SCI|SOC,ETER,ugr.es,http://www.ugr.es/,601–800,39.0,31.3,29.7,60.9,53.4,60.7
1847,Universidad de Huelva,Spain,ES,Huelva,37.26638,-6.94004,COMP,Comprehensive (multi-field),Generalista (multidisciplinare),AGR|ARC|ART|BUS|EDU|ENG|HUM|ICT|LAW|MED|SCI|SOC,ETER,uhu.es,http://www.uhu.es/,1501+,10.3,23.2,16.6,32.6,36.2,28.8
1848,Universidad Internacional de Andalucía,Spain,ES,,,,COMP,Comprehensive (multi-field),Generalista (multidisciplinare),COMP,name-heuristic,uia.es,http://www.uia.es/,,,,,,,
1849,Universitat de les Illes Balears,Spain,ES,,,,COMP,Comprehensive (multi-field),Generalista (multidisciplinare),COMP,name-heuristic,uib.es,http://www.uib.es/,,,,,,,
1850,Universitat Internacional de Catalunya,Spain,ES,,,,COMP,Comprehensive (multi-field),Generalista (multidisciplinare),COMP,name-heuristic,uic.es,http://www.uic.es/,1001–1200,32.1,26.1,11.2,50.2,69.9,21.3
1851,Universidad Internacional Menéndez Pelayo,Spain,ES,,,,COMP,Comprehensive (multi-field),Generalista (multidisciplinare),COMP,name-heuristic,uimp.es,http://www.uimp.es/,,,,,,,
1852,Universidad de Jaén,Spain,ES,Jaén,37.76922,-3.79028,COMP,Comprehensive (multi-field),Generalista (multidisciplinare),AGR|ARC|ART|BUS|EDU|ENG|HUM|ICT|LAW|MED|SCI|SOC,ETER,ujaen.es,http://www.ujaen.es/,801–1000,35.5,23.9,20.7,67.0,50.2,39.2
1853,Universitat Jaume I de Castellón,Spain,ES,Castelló de la Plana,39.98567,-0.04935,COMP,Comprehensive (multi-field),Generalista (multidisciplinare),AGR|ARC|ART|BUS|EDU|ENG|HUM|ICT|LAW|MED|SCI|SOC,ETER,uji.es,http://www.uji.es/,,,,,,,
1854,Universidad de La Laguna,Spain,ES,La Laguna,28.4853,-16.32014,COMP,Comprehensive (multi-field),Generalista (multidisciplinare),AGR|ARC|ART|BUS|EDU|ENG|HUM|ICT|LAW|MED|SCI|SOC,ETER,ull.es,http://www.ull.es/,1001–1200,32.1,23.4,16.1,55.2,49.3,36.2
1855,Universidad de Las Palmas de Gran Canaria,Spain,ES,Las Palmas de Gran Canaria,28.10178,-15.41573,COMP,Comprehensive (multi-field),Generalista (multidisciplinare),AGR|ARC|ART|BUS|EDU|ENG|HUM|ICT|LAW|MED|SCI|SOC,ETER,ulpgc.es,http://www.ulpgc.es/,1201–1500,27.3,21.4,26.9,42.7,41.7,32.5
1856,Universidad de Málaga,Spain,ES,Málaga,36.72016,-4.42034,COMP,Comprehensive (multi-field),Generalista (multidisciplinare),AGR|ARC|ART|BUS|EDU|ENG|HUM|ICT|LAW|MED|SCI|SOC,ETER,uma.es,http://www.uma.es/,1201–1500,27.3,21.1,17.1,42.1,41.5,54.0
1857,Universidad de Murcia,Spain,ES,Murcia,37.98704,-1.13004,COMP,Comprehensive (multi-field),Generalista (multidisciplinare),AGR|ARC|ART|BUS|EDU|ENG|HUM|ICT|LAW|MED|SCI|SOC,ETER,um.es,http://www.um.es/,1001–1200,32.1,25.6,19.4,55.2,36.5,55.1
1858,Universidad Miguel Hernández de Elche,Spain,ES,Elche,38.26218,-0.70107,COMP,Comprehensive (multi-field),Generalista (multidisciplinare),AGR|ARC|ART|BUS|EDU|ENG|HUM|ICT|LAW|MED|SCI|SOC,ETER,umh.es,http://www.umh.es/,1201–1500,27.3,22.0,18.4,42.9,42.6,62.6
1859,Universidad Pública de Navarra,Spain,ES,,,,COMP,Comprehensive (multi-field),Generalista (multidisciplinare),COMP,name-heuristic,unavarra.es,http://www.unavarra.es/,,,,,,,
1860,Universidad de Navarra,Spain,ES,,,,COMP,Comprehensive (multi-field),Generalista (multidisciplinare),AGR|ARC|ART|BUS|EDU|ENG|HUM|ICT|LAW|MED|SCI|SOC,ETER,unav.es,http://www.unav.es/,251–300,54.3,37.2,34.1,81.9,74.4,90.7
1861,Universidad Nacional de Educación a Distancia,Spain,ES,,,,COMP,Comprehensive (multi-field),Generalista (multidisciplinare),COMP,name-heuristic,uned.es,http://www.uned.es/,,,,,,,
1862,Universidad de Extremadura,Spain,ES,,,,COMP,Comprehensive (multi-field),Generalista (multidisciplinare),AGR|ARC|ART|BUS|EDU|ENG|HUM|ICT|LAW|MED|SCI|SOC,ETER,unex.es,http://www.unex.es/,,,,,,,
1863,"Universidad Internacional de Andalucía, Sede Antonio Machado de Baeza",Spain,ES,Baeza,37.99384,-3.47103,COMP,Comprehensive (multi-field),Generalista (multidisciplinare),COMP,name-heuristic,uniaam.uia.es,http://www.uniaam.uia.es/,,,,,,,
1864,Universidad Loyola Andalucía,Spain,ES,,,,COMP,Comprehensive (multi-field),Generalista (multidisciplinare),COMP,name-heuristic,uloyola.es,https://www.uloyola.es/,,,,,,,
1865,Universidad Abierta Interactiva,Spain,ES,,,,COMP,Comprehensive (multi-field),Generalista (multidisciplinare),COMP,name-heuristic,uniactiva.com,http://www.uniactiva.com/,,,,,,,
1866,"Universidad Internacional de Andalucía, Sede La Rábida",Spain,ES,,,,COMP,Comprehensive (multi-field),Generalista (multidisciplinare),COMP,name-heuristic,uniara.uia.es,http://www.uniara.uia.es/,,,,,,,
1867,Universidad de Cantabria,Spain,ES,,,,COMP,Comprehensive (multi-field),Generalista (multidisciplinare),ARC|ART|BUS|EDU|ENG|HUM|ICT|LAW|MED|SCI|SOC,ETER,unican.es,http://www.unican.es/,,,,,,,
1868,Universidad de León,Spain,ES,León,42.60003,-5.57032,COMP,Comprehensive (multi-field),Generalista (multidisciplinare),AGR|ARC|ART|BUS|EDU|ENG|HUM|ICT|LAW|MED|SCI|SOC,ETER,unileon.es,http://www.unileon.es/,1201–1500,27.3,24.9,15.9,41.8,36.8,61.0
1869,Universidad de Oviedo,Spain,ES,Oviedo,43.36029,-5.84476,COMP,Comprehensive (multi-field),Generalista (multidisciplinare),AGR|ARC|ART|BUS|EDU|ENG|HUM|ICT|LAW|MED|SCI|SOC,ETER,uniovi.es,http://www.uniovi.es/,1001–1200,32.1,30.3,19.8,48.0,40.6,48.3
1870,Universidad de La Rioja,Spain,ES,,,,COMP,Comprehensive (multi-field),Generalista (multidisciplinare),AGR|ARC|ART|BUS|EDU|ENG|HUM|ICT|LAW|MED|SCI|SOC,ETER,unirioja.es,http://www.unirioja.es/,,,,,,,
1871,Iniciativa Universidad del Atlantico,Spain,ES,,,,COMP,Comprehensive (multi-field),Generalista (multidisciplinare),COMP,name-heuristic,universidadatlantico.org,http://www.universidadatlantico.org/,,,,,,,
1872,Universidad de Zaragoza,Spain,ES,Zaragoza,41.65606,-0.87734,COMP,Comprehensive (multi-field),Generalista (multidisciplinare),AGR|ARC|ART|BUS|EDU|ENG|HUM|ICT|LAW|MED|SCI|SOC,ETER,unizar.es,http://www.unizar.es/,1001–1200,32.1,29.0,20.6,47.9,42.3,71.0
1873,Universidad Antonio de Nebrija,Spain,ES,,,,COMP,Comprehensive (multi-field),Generalista (multidisciplinare),COMP,name-heuristic,unnet.es,http://www.unnet.es/,,,,,,,
1874,Universitat Oberta de Catalunya,Spain,ES,,,,COMP,Comprehensive (multi-field),Generalista (multidisciplinare),COMP,name-heuristic,uoc.es,http://www.uoc.edu/,,,,,,,
1875,Universidad Politécnica de Cataluna,Spain,ES,,,,COMP,Comprehensive (multi-field),Generalista (multidisciplinare),COMP,name-heuristic,upc.edu,http://www.upc.edu/,,,,,,,
1876,Universidad Pontificia Comillas,Spain,ES,Comillas,40.3935,-3.71196,COMP,Comprehensive (multi-field),Generalista (multidisciplinare),COMP,name-heuristic,upco.es,http://www.upco.es/,,,,,,,
1877,Universidad Politécnica de Cartagena,Spain,ES,Cartagena,37.60197,-0.98397,COMP,Comprehensive (multi-field),Generalista (multidisciplinare),AGR|ARC|ART|BUS|EDU|ENG|HUM|ICT|LAW|MED|SCI|SOC,ETER,upct.es,http://www.upct.es/,,,,,,,
1878,Universitat Pompeu Fabra,Spain,ES,,,,COMP,Comprehensive (multi-field),Generalista (multidisciplinare),ARC|ART|BUS|EDU|ENG|HUM|ICT|LAW|MED|SCI|SOC,ETER,upf.es,http://www.upf.es/,=187,59.5,36.6,45.3,87.5,80.1,81.6
1879,Universidad Politécnica de Madrid,Spain,ES,Madrid,40.4165,-3.70256,COMP,Comprehensive (multi-field),Generalista (multidisciplinare),COMP,name-heuristic,upm.es,http://www.upm.es/,,,,,,,
1880,Universidad Pablo de Olavide,Spain,ES,,,,COMP,Comprehensive (multi-field),Generalista (multidisciplinare),AGR|ARC|ART|BUS|EDU|ENG|HUM|ICT|LAW|MED|SCI|SOC,ETER,upo.es,http://www.upo.es/,801–1000,35.5,23.2,19.4,57.3,52.2,55.8
1881,Universidad Pontificia de Salamanca,Spain,ES,Salamanca,40.42972,-3.67975,COMP,Comprehensive (multi-field),Generalista (multidisciplinare),COMP,name-heuristic,upsa.es,http://www.upsa.es/,,,,,,,
1882,Universidad Politécnica de Valencia,Spain,ES,Valencia,39.47391,-0.37966,COMP,Comprehensive (multi-field),Generalista (multidisciplinare),COMP,name-heuristic,upv.es,http://www.upv.es/,,,,,,,
1883,Universidad Rey Juan Carlos,Spain,ES,,,,COMP,Comprehensive (multi-field),Generalista (multidisciplinare),AGR|ARC|ART|BUS|EDU|ENG|HUM|ICT|LAW|MED|SCI|SOC,ETER,urjc.es,http://www.urjc.es/,1201–1500,27.3,18.7,15.3,47.4,38.4,46.7
1884,Universitat Ramon Llull,Spain,ES,,,,COMP,Comprehensive (multi-field),Generalista (multidisciplinare),ARC|ART|BUS|EDU|ENG|HUM|ICT|LAW|MED|SCI|SOC,ETER,url.es,http://www.url.es/,801–1000,35.5,20.8,17.6,63.2,73.7,36.5
1885,Universitat Rovira I Virgili Tarragona,Spain,ES,Tarragona,41.11905,1.24544,COMP,Comprehensive (multi-field),Generalista (multidisciplinare),AGR|ARC|ART|BUS|EDU|ENG|HUM|ICT|LAW|MED|SCI|SOC,ETER,urv.es,http://www.urv.es/,601–800,39.0,28.2,25.1,62.5,57.6,57.5
1886,Universidad de Salamanca,Spain,ES,Salamanca,40.42972,-3.67975,COMP,Comprehensive (multi-field),Generalista (multidisciplinare),AGR|ARC|ART|BUS|EDU|ENG|HUM|ICT|LAW|MED|SCI|SOC,ETER,usal.es,http://www.usal.es/,801–1000,35.5,32.0,24.8,47.9,54.5,46.6
1887,Universidade de Santiago de Compostela,Spain,ES,Santiago de Compostela,42.88052,-8.54569,COMP,Comprehensive (multi-field),Generalista (multidisciplinare),AGR|ARC|ART|BUS|EDU|ENG|HUM|ICT|LAW|MED|SCI|SOC,ETER,usc.es,https://www.usc.gal/,601–800,39.0,30.8,23.1,60.9,48.4,48.2
1888,Universidad de Sevilla,Spain,ES,Sevilla,37.38283,-5.97317,COMP,Comprehensive (multi-field),Generalista (multidisciplinare),COMP,name-heuristic,us.es,http://www.us.es/,,,,,,,
1889,Universidad de Valladolid,Spain,ES,Valladolid,41.65541,-4.72353,COMP,Comprehensive (multi-field),Generalista (multidisciplinare),AGR|ARC|ART|BUS|EDU|ENG|HUM|ICT|LAW|MED|SCI|SOC,ETER,uva.es,http://www.uva.es/,1201–1500,27.3,24.8,16.7,40.7,39.5,44.4
1890,Universidad de Valencia,Spain,ES,Valencia,39.47391,-0.37966,COMP,Comprehensive (multi-field),Generalista (multidisciplinare),AGR|ARC|ART|BUS|EDU|ENG|HUM|ICT|LAW|MED|SCI|SOC,ETER,uv.es,http://www.uv.es/,601–800,39.0,32.3,26.2,50.4,57.2,86.8
1891,Universitat de Vic,Spain,ES,,,,COMP,Comprehensive (multi-field),Generalista (multidisciplinare),COMP,name-heuristic,uvic.es,http://www.uvic.es/,,,,,,,
1892,Universidade de Vigo,Spain,ES,Vigo,42.23282,-8.72264,COMP,Comprehensive (multi-field),Generalista (multidisciplinare),AGR|ARC|ART|BUS|EDU|ENG|HUM|ICT|LAW|MED|SCI|SOC,ETER,uvigo.gal,https://www.uvigo.gal/,801–1000,35.5,25.2,19.8,60.9,49.8,60.1
1893,Centro Universitario Villanueva,Spain,ES,Centro,28.1272,-15.4314,COMP,Comprehensive (multi-field),Generalista (multidisciplinare),COMP,name-heuristic,villanueva.edu,http://www.villanueva.edu/,,,,,,,
1894,Blekinge Institute of Technology,Sweden,SE,,,,ENG,Engineering & Technology,Ingegneria e Tecnologia,ARC|ART|BUS|EDU|ENG|HUM|ICT|LAW|MED|SCI|SOC,ETER,bth.se,http://www.bth.se/,,,,,,,
1895,Chalmers University of Technology,Sweden,SE,,,,ENG,Engineering & Technology,Ingegneria e Tecnologia,AGR|ARC|ART|BUS|EDU|ENG|HUM|ICT|LAW|MED|SCI|SOC,ETER,chalmers.se,http://www.chalmers.se/,201–250,56.4,42.6,45.9,71.2,76.7,97.1
1896,Dalarna University College,Sweden,SE,,,,COMP,Comprehensive (multi-field),Generalista (multidisciplinare),AGR|ARC|ART|BUS|EDU|ENG|HUM|ICT|LAW|MED|SCI|SOC,ETER,du.se,http://www.du.se/,,,,,,,
1897,Göteborg University,Sweden,SE,Gothenburg,57.70716,11.96679,COMP,Comprehensive (multi-field),Generalista (multidisciplinare),COMP,name-heuristic,gu.se,http://www.gu.se/,,,,,,,
1898,University College of Borås,Sweden,SE,Borås,57.72101,12.9401,COMP,Comprehensive (multi-field),Generalista (multidisciplinare),AGR|ARC|ART|BUS|EDU|ENG|HUM|ICT|LAW|MED|SCI|SOC,ETER,hb.se,http://www.hb.se/,,,,,,,
1899,School of Design and Crafts,Sweden,SE,,,,ART,"Arts, Design & Music","Arte, Design e Musica",ART,name-heuristic,hdk.gu.se,http://www.hdk.gu.se/,,,,,,,
1900,Gotland University College,Sweden,SE,,,,COMP,Comprehensive (multi-field),Generalista (multidisciplinare),ARC|ART|BUS|EDU|ENG|HUM|ICT|LAW|SCI|SOC,ETER,hgo.se,http://www.hgo.se/,,,,,,,
1901,Halmstad University College,Sweden,SE,Halmstad,56.67446,12.85676,COMP,Comprehensive (multi-field),Generalista (multidisciplinare),AGR|ARC|ART|BUS|EDU|ENG|HUM|ICT|LAW|MED|SCI|SOC,ETER,hh.se,http://www.hh.se/,801–1000,35.5,20.4,16.7,64.8,68.0,29.0
1902,Stockholm School of Economics,Sweden,SE,Stockholm,59.32938,18.06871,BUS,"Business, Economics & Management",Economia e Management,AGR|ARC|ART|BUS|EDU|ENG|HUM|ICT|LAW|MED|SCI|SOC,ETER,hhs.se,http://www.hhs.se/,,,,,,,
1903,University College of Gävle,Sweden,SE,Gävle,60.67452,17.14174,COMP,Comprehensive (multi-field),Generalista (multidisciplinare),AGR|ARC|ART|BUS|EDU|ENG|HUM|ICT|LAW|MED|SCI|SOC,ETER,hig.se,http://www.hig.se/,,,,,,,
1904,Kalmar University College,Sweden,SE,Kalmar,56.66157,16.36163,COMP,Comprehensive (multi-field),Generalista (multidisciplinare),COMP,name-heuristic,hik.se,http://www.hik.se/,,,,,,,
1905,University College of Skövde,Sweden,SE,Skövde,58.39118,13.84506,COMP,Comprehensive (multi-field),Generalista (multidisciplinare),AGR|ARC|ART|BUS|EDU|ENG|HUM|ICT|LAW|MED|SCI|SOC,ETER,his.se,http://www.his.se/,,,,,,,
1906,Jönköping University College,Sweden,SE,Jönköping,57.78145,14.15618,COMP,Comprehensive (multi-field),Generalista (multidisciplinare),ARC|ART|BUS|EDU|ENG|HUM|ICT|LAW|MED|SCI|SOC,ETER,hj.se,http://www.hj.se/,801–1000,35.5,21.0,22.4,65.5,66.9,37.0
1907,University College of Kristianstad,Sweden,SE,Kristianstad,56.03129,14.15242,COMP,Comprehensive (multi-field),Generalista (multidisciplinare),AGR|ARC|ART|BUS|EDU|ENG|HUM|ICT|LAW|MED|SCI|SOC,ETER,hkr.se,http://www.hkr.se/,,,,,,,
1908,University College of Trollhättan/Uddevalla,Sweden,SE,Trollhättan,58.28365,12.28864,COMP,Comprehensive (multi-field),Generalista (multidisciplinare),COMP,name-heuristic,htu.se,http://www.htu.se/,,,,,,,
1909,Karlstad University,Sweden,SE,Karlstad,59.3793,13.50357,COMP,Comprehensive (multi-field),Generalista (multidisciplinare),ARC|ART|BUS|EDU|ENG|HUM|ICT|LAW|MED|SCI|SOC,ETER,kau.se,http://www.kau.se/,,,,,,,
1910,Karolinska Institute Stockholm,Sweden,SE,Stockholm,59.32938,18.06871,COMP,Comprehensive (multi-field),Generalista (multidisciplinare),COMP,name-heuristic,ki.se,http://www.ki.se/,,,,,,,
1911,"University College of Arts, Crafts and Design",Sweden,SE,,,,ART,"Arts, Design & Music","Arte, Design e Musica",ART|BUS|EDU|HUM|LAW,ETER,konstfack.se,http://www.konstfack.se/,,,,,,,
1912,KTH Royal Institute of Technology,Sweden,SE,,,,ENG,Engineering & Technology,Ingegneria e Tecnologia,ARC|ART|BUS|EDU|ENG|HUM|ICT|LAW|MED|SCI|SOC,ETER,kth.se,http://www.kth.se/,=98,66.3,51.1,57.3,79.7,90.5,97.2
1913,Stockholm Institute of Education,Sweden,SE,Stockholm,59.32938,18.06871,EDU,Education & Sport Sciences,Scienze della Formazione e dello Sport,AGR|ARC|ART|BUS|EDU|ENG|HUM|ICT|LAW|MED|SCI|SOC,ETER,lhs.se,http://www.lhs.se/,201–250,56.4,33.5,48.4,87.2,76.5,66.1
1914,Linköping University,Sweden,SE,Linköping,58.41086,15.62157,COMP,Comprehensive (multi-field),Generalista (multidisciplinare),AGR|ARC|ART|BUS|EDU|ENG|HUM|ICT|LAW|MED|SCI|SOC,ETER,liu.se,http://www.liu.se/,201–250,56.4,31.1,40.4,89.1,70.3,96.8
1915,Lund University,Sweden,SE,Lund,55.70584,13.19321,COMP,Comprehensive (multi-field),Generalista (multidisciplinare),ARC|ART|BUS|EDU|ENG|HUM|ICT|LAW|MED|SCI|SOC,ETER,lu.se,http://www.lu.se/,=95,66.6,49.1,56.7,85.7,79.2,99.7
1916,Lulea University of Technology,Sweden,SE,Luleå,65.58415,22.15465,ENG,Engineering & Technology,Ingegneria e Tecnologia,ARC|ART|BUS|EDU|ENG|HUM|ICT|LAW|MED|SCI|SOC,ETER,luth.se,http://www.luth.se/,,,,,,,
1917,Malmö University College,Sweden,SE,Malmö,55.60587,13.00073,COMP,Comprehensive (multi-field),Generalista (multidisciplinare),ARC|ART|BUS|EDU|ENG|HUM|ICT|LAW|MED|SCI|SOC,ETER,mah.se,http://www.mah.se/,,,,,,,
1918,Mälardalen University,Sweden,SE,,,,COMP,Comprehensive (multi-field),Generalista (multidisciplinare),AGR|ARC|ART|BUS|EDU|ENG|HUM|ICT|LAW|MED|SCI|SOC,ETER,mdh.se,http://www.mdh.se/,,,,,,,
1919,Mid-Sweden University,Sweden,SE,,,,COMP,Comprehensive (multi-field),Generalista (multidisciplinare),AGR|ARC|ART|BUS|EDU|ENG|HUM|ICT|LAW|MED|SCI|SOC,ETER,miun.se,http://www.miun.se/,,,,,,,
1920,Nordic School of Public Health,Sweden,SE,,,,MED,Medicine & Health,Medicina e Salute,MED,name-heuristic,nhv.se,http://www.nhv.se/,,,,,,,
1921,Örebro University,Sweden,SE,Örebro,59.27412,15.2066,COMP,Comprehensive (multi-field),Generalista (multidisciplinare),ARC|ART|BUS|EDU|ENG|HUM|ICT|LAW|MED|SCI|SOC,ETER,oru.se,http://www.oru.se/,601–800,39.0,19.3,25.2,78.3,54.4,50.5
1922,Södertörn University College,Sweden,SE,,,,COMP,Comprehensive (multi-field),Generalista (multidisciplinare),AGR|ARC|ART|BUS|EDU|ENG|HUM|ICT|LAW|MED|SCI|SOC,ETER,sh.se,http://www.sh.se/,,,,,,,
1923,Swedish University of Agricultural Sciences,Sweden,SE,,,,AGR,"Agriculture, Forestry & Veterinary",Agraria e Veterinaria,AGR|ARC|ART|BUS|ENG|HUM|ICT|LAW|MED|SCI|SOC,ETER,slu.se,http://www.slu.se/,351–400,49.9,35.5,34.8,76.0,53.8,87.8
1924,Free University Stockholm,Sweden,SE,Stockholm,59.32938,18.06871,COMP,Comprehensive (multi-field),Generalista (multidisciplinare),COMP,name-heuristic,stockholm-fu.com,http://www.stockholm-fu.com/,,,,,,,
1925,Stockholm University,Sweden,SE,Stockholm,59.32938,18.06871,COMP,Comprehensive (multi-field),Generalista (multidisciplinare),COMP,name-heuristic,su.se,http://www.su.se/,,,,,,,
1926,Umea University,Sweden,SE,Umeå,63.82842,20.25972,COMP,Comprehensive (multi-field),Generalista (multidisciplinare),ARC|ART|BUS|EDU|ENG|HUM|ICT|LAW|MED|SCI|SOC,ETER,umu.se,http://www.umu.se/,401–500,46.2,30.0,33.1,80.2,62.1,63.2
1927,Uppsala University,Sweden,SE,Uppsala,59.85882,17.63889,COMP,Comprehensive (multi-field),Generalista (multidisciplinare),AGR|ARC|ART|BUS|EDU|ENG|HUM|ICT|LAW|MED|SCI|SOC,ETER,uu.se,http://www.uu.se/,128,63.5,47.4,54.9,81.3,71.5,95.0
1928,Växjö University,Sweden,SE,Växjö,56.87767,14.80906,COMP,Comprehensive (multi-field),Generalista (multidisciplinare),COMP,name-heuristic,vxu.se,http://www.vxu.se/,,,,,,,
1929,World Maritime University,Sweden,SE,,,,ENG,Engineering & Technology,Ingegneria e Tecnologia,ENG,name-heuristic,wmu.se,http://www.wmu.se/,,,,,,,
1930,"Schiller International University, American College of Switzerland",Switzerland,CH,,,,COMP,Comprehensive (multi-field),Generalista (multidisciplinare),COMP,name-heuristic,american-college.com,http://www.american-college.com/,,,,,,,
1931,Business and Hotel Management School,Switzerland,CH,,,,BUS,"Business, Economics & Management",Economia e Management,BUS,name-heuristic,bhms.ch,http://www.bhms.ch/,,,,,,,
1932,Business School Lausanne (BSL),Switzerland,CH,Lausanne,46.516,6.63282,BUS,"Business, Economics & Management",Economia e Management,BUS,name-heuristic,bsl-lausanne.ch,http://www.bsl-lausanne.ch/,,,,,,,
1933,Cubidor University Switzerland,Switzerland,CH,,,,COMP,Comprehensive (multi-field),Generalista (multidisciplinare),COMP,name-heuristic,cubidor.com,http://www.cubidor.com/,,,,,,,
1934,DCT International Hotel & Business Management School,Switzerland,CH,,,,BUS,"Business, Economics & Management",Economia e Management,BUS,name-heuristic,dct.ch,http://www.dct.ch/,,,,,,,
1935,"European Graduate School, Media & Communications",Switzerland,CH,,,,COMP,Comprehensive (multi-field),Generalista (multidisciplinare),COMP,name-heuristic,egs.edu,http://www.egs.edu/,,,,,,,
1936,Lausanne Hotel School (EHL),Switzerland,CH,Lausanne,46.516,6.63282,COMP,Comprehensive (multi-field),Generalista (multidisciplinare),COMP,name-heuristic,ehl.ch,http://www.ehl.ch/,,,,,,,
1937,European University,Switzerland,CH,,,,COMP,Comprehensive (multi-field),Generalista (multidisciplinare),COMP,name-heuristic,euruni.edu,http://www.euruni.edu/,,,,,,,
1938,Franklin College Switzerland,Switzerland,CH,,,,COMP,Comprehensive (multi-field),Generalista (multidisciplinare),COMP,name-heuristic,fc.edu,http://www.fc.edu/,,,,,,,
1939,University of Applied Sciences Aargau,Switzerland,CH,,,,COMP,Comprehensive (multi-field),Generalista (multidisciplinare),COMP,name-heuristic,fh-aargau.ch,http://www.fh-aargau.ch/,,,,,,,
1940,University of Applied Sciences Basel (FHBB ),Switzerland,CH,Basel,47.55839,7.57327,COMP,Comprehensive (multi-field),Generalista (multidisciplinare),COMP,name-heuristic,fhbb.ch,http://www.fhbb.ch/,,,,,,,
1941,University of Applied Sciences Chur,Switzerland,CH,Chur,46.84986,9.53287,COMP,Comprehensive (multi-field),Generalista (multidisciplinare),COMP,name-heuristic,fh-htachur.ch,http://www.fh-htachur.ch/,,,,,,,
1942,University of Applied Sciences Solothurn Northwestern Switzerland,Switzerland,CH,Solothurn,47.20791,7.53714,COMP,Comprehensive (multi-field),Generalista (multidisciplinare),COMP,name-heuristic,fhso.ch,http://www.fhso.ch/,,,,,,,
1943,Geneva Business School,Switzerland,CH,Geneva,46.20222,6.14569,BUS,"Business, Economics & Management",Economia e Management,BUS,name-heuristic,gbs-ge.ch,http://www.gbs-ge.ch/,,,,,,,
1944,Glion Institute of Higher Education,Switzerland,CH,,,,EDU,Education & Sport Sciences,Scienze della Formazione e dello Sport,EDU,name-heuristic,glion.edu,http://www.glion.edu/,,,,,,,
1945,Graduate School of Business Administration Zurich (GSBA Zurich),Switzerland,CH,Zürich,47.36667,8.55,BUS,"Business, Economics & Management",Economia e Management,BUS,name-heuristic,gsba.ch,http://www.gsba.ch/,,,,,,,
1946,Hochschule für Gestaltung und Kunst Zürich,Switzerland,CH,Zürich,47.36667,8.55,ART,"Arts, Design & Music","Arte, Design e Musica",ART,name-heuristic,hgkz.ch,http://www.hgkz.ch/,,,,,,,
1947,International Culinary Institute (ICI),Switzerland,CH,,,,COMP,Comprehensive (multi-field),Generalista (multidisciplinare),COMP,name-heuristic,ici-luzern.com,http://www.ici-luzern.com/,,,,,,,
1948,International Hotel Management Institute,Switzerland,CH,,,,BUS,"Business, Economics & Management",Economia e Management,BUS,name-heuristic,imi-luzern.com,http://www.imi-luzern.com/,,,,,,,
1949,International School of Business Management,Switzerland,CH,,,,BUS,"Business, Economics & Management",Economia e Management,BUS,name-heuristic,isbm-school.com,http://www.isbm-school.com/,,,,,,,
1950,International University in Geneva,Switzerland,CH,Geneva,46.20222,6.14569,COMP,Comprehensive (multi-field),Generalista (multidisciplinare),COMP,name-heuristic,iun.ch,http://www.iun.ch/,,,,,,,
1951,Les Roches International School of Hotel Management,Switzerland,CH,,,,BUS,"Business, Economics & Management",Economia e Management,BUS,name-heuristic,lesroches.edu,http://www.lesroches.edu/,,,,,,,
1952,Les Roches Gruyère University of Applied Sciences,Switzerland,CH,,,,COMP,Comprehensive (multi-field),Generalista (multidisciplinare),COMP,name-heuristic,lrguas.ch,http://www.lrguas.ch/,,,,,,,
1953,Fachhochschule Pur,Switzerland,CH,,,,COMP,Comprehensive (multi-field),Generalista (multidisciplinare),COMP,name-heuristic,phw.info,http://www.phw.info/,,,,,,,
1954,Swiss Business School Zurich (SBS),Switzerland,CH,Zürich,47.36667,8.55,BUS,"Business, Economics & Management",Economia e Management,BUS,name-heuristic,sbs.edu,http://www.sbs.edu/,Reporter,,,,,,
1955,Swiss Management Center,Switzerland,CH,,,,BUS,"Business, Economics & Management",Economia e Management,BUS,name-heuristic,swissmc.ch,http://www.swissmc.ch/,,,,,,,
1956,University of Switzerland,Switzerland,CH,,,,COMP,Comprehensive (multi-field),Generalista (multidisciplinare),COMP,name-heuristic,swissu.org,http://www.swissu.org/,,,,,,,
1957,"University Center ""César Ritz""",Switzerland,CH,,,,COMP,Comprehensive (multi-field),Generalista (multidisciplinare),COMP,name-heuristic,uccr.edu,http://www.uccr.edu/,,,,,,,
1958,Libera Università degli Studi di Scienze Umane e Tecnologiche,Switzerland,CH,,,,COMP,Comprehensive (multi-field),Generalista (multidisciplinare),COMP,name-heuristic,uniludes.ch,http://www.uniludes.ch/,,,,,,,
1959,Victoria University,Switzerland,CH,,,,COMP,Comprehensive (multi-field),Generalista (multidisciplinare),COMP,name-heuristic,victoria-uni.ch,http://www.victoria-uni.ch/,,,,,,,
1960,Webster University Geneva,Switzerland,CH,Geneva,46.20222,6.14569,COMP,Comprehensive (multi-field),Generalista (multidisciplinare),COMP,name-heuristic,webster.ch,http://www.webster.ch/,,,,,,,
1961,Zurich University of Applied Sciences Winterthur,Switzerland,CH,Zürich,47.36667,8.55,COMP,Comprehensive (multi-field),Generalista (multidisciplinare),COMP,name-heuristic,zhwin.ch,http://www.zhwin.ch/,,,,,,,
1962,EPFL - EPF Lausanne,Switzerland,CH,Lausanne,46.516,6.63282,COMP,Comprehensive (multi-field),Generalista (multidisciplinare),COMP,name-heuristic,epfl.ch,http://www.epfl.ch/,,,,,,,
1963,ETHZ - ETH Zurich,Switzerland,CH,Zürich,47.36667,8.55,COMP,Comprehensive (multi-field),Generalista (multidisciplinare),COMP,name-heuristic,ethz.ch,http://www.ethz.ch/,11,93.1,88.5,97.2,94.5,95.1,83.7
1964,Universita della Svizzera Italiana,Switzerland,CH,,,,COMP,Comprehensive (multi-field),Generalista (multidisciplinare),ARC|ART|BUS|ENG|HUM|ICT|LAW|MED|SOC,ETER,usi.ch,http://www.usi.ch/,251–300,54.3,41.1,29.7,80.3,98.2,92.9
1965,University of Basel,Switzerland,CH,Basel,47.55839,7.57327,COMP,Comprehensive (multi-field),Generalista (multidisciplinare),ART|BUS|EDU|HUM|ICT|LAW|MED|SCI|SOC,ETER,unibas.ch,http://www.unibas.ch/,120,64.5,50.2,42.8,87.5,94.2,99.8
1966,University of Fribourg,Switzerland,CH,Fribourg,46.80237,7.15128,COMP,Comprehensive (multi-field),Generalista (multidisciplinare),ART|BUS|EDU|HUM|ICT|LAW|MED|SCI|SOC,ETER,unifr.ch,http://www.unifr.ch/,401–500,46.2,39.1,33.8,62.4,81.3,71.9
1967,University of Geneva,Switzerland,CH,Geneva,46.20222,6.14569,COMP,Comprehensive (multi-field),Generalista (multidisciplinare),ARC|ART|BUS|EDU|ENG|HUM|ICT|LAW|MED|SCI|SOC,ETER,unige.ch,http://www.unige.ch/,=166,60.7,43.8,40.0,85.2,96.1,85.7
1968,Universität Zürich,Switzerland,CH,Zürich,47.36667,8.55,COMP,Comprehensive (multi-field),Generalista (multidisciplinare),AGR|ARC|ART|BUS|EDU|ENG|HUM|ICT|LAW|MED|SCI|SOC,ETER,uzh.ch,https://www.uzh.ch/,,,,,,,
1969,Universität Bern,Switzerland,CH,Bern,46.94809,7.44744,COMP,Comprehensive (multi-field),Generalista (multidisciplinare),AGR|ARC|ART|BUS|EDU|ENG|HUM|ICT|LAW|MED|SCI|SOC,ETER,unibe.ch,http://www.unibe.ch/,=108,65.4,46.6,47.0,92.0,86.3,99.4
1970,Universität Luzern,Switzerland,CH,Luzern,47.05048,8.30635,COMP,Comprehensive (multi-field),Generalista (multidisciplinare),EDU,ETER,unilu.ch,http://www.unilu.ch/,,,,,,,
1971,Universität St. Gallen (HSG),Switzerland,CH,Sankt Gallen,47.42391,9.37477,COMP,Comprehensive (multi-field),Generalista (multidisciplinare),EDU,ETER,unisg.ch,http://www.unisg.ch/,351–400,49.9,33.3,23.0,80.8,93.6,66.6
1972,Université de Lausanne,Switzerland,CH,Lausanne,46.516,6.63282,COMP,Comprehensive (multi-field),Generalista (multidisciplinare),ART|BUS|EDU|HUM|LAW|MED|SCI|SOC,ETER,unil.ch,http://www.unil.ch/,=125,63.7,44.3,46.1,89.0,88.4,99.4
1973,Université de Neuchâtel,Switzerland,CH,Neuchâtel,46.99179,6.931,COMP,Comprehensive (multi-field),Generalista (multidisciplinare),ARC|ART|BUS|EDU|ENG|HUM|ICT|LAW|MED|SCI|SOC,ETER,unine.ch,http://www.unine.ch/,601–800,39.0,35.0,24.2,57.8,84.5,47.1
1974,BFH - Bern University of Applied Sciences,Switzerland,CH,Bern,46.94809,7.44744,COMP,Comprehensive (multi-field),Generalista (multidisciplinare),COMP,name-heuristic,bfh.ch,http://www.bfh.ch/,,,,,,,
1975,FFHS - Fernfachhochschule Schweiz,Switzerland,CH,,,,COMP,Comprehensive (multi-field),Generalista (multidisciplinare),COMP,name-heuristic,ffhs.ch,http://www.ffhs.ch/,,,,,,,
1976,FHNW - Fachhochschule Nordwestschweiz,Switzerland,CH,,,,COMP,Comprehensive (multi-field),Generalista (multidisciplinare),COMP,name-heuristic,fhnw.ch,http://www.fhnw.ch/,,,,,,,
1977,FHS St.Gallen,Switzerland,CH,,,,COMP,Comprehensive (multi-field),Generalista (multidisciplinare),COMP,name-heuristic,fhsg.ch,http://www.fhsg.ch/,,,,,,,
1978,HEP Vaud - Haute école pédagogique du canton de Vaud,Switzerland,CH,,,,EDU,Education & Sport Sciences,Scienze della Formazione e dello Sport,EDU,name-heuristic,hepl.ch,http://www.hepl.ch/,,,,,,,
1979,HEP-BEJUNE - Haute Ecole Pédagogique BEJUNE,Switzerland,CH,,,,EDU,Education & Sport Sciences,Scienze della Formazione e dello Sport,EDU,name-heuristic,hep-bejune.ch,http://www.hep-bejune.ch/,,,,,,,
1980,HEP-PH FR - University of Teacher Education Fribourg,Switzerland,CH,Fribourg,46.80237,7.15128,EDU,Education & Sport Sciences,Scienze della Formazione e dello Sport,EDU,name-heuristic,edufr.ch,http://www.edufr.ch/,,,,,,,
1981,HEPVS - Haute école pédagogique du Valais,Switzerland,CH,,,,EDU,Education & Sport Sciences,Scienze della Formazione e dello Sport,EDU,name-heuristic,hepvs.ch,http://www.hepvs.ch/,,,,,,,
1982,HES-SO : UAS Western Switzerland,Switzerland,CH,,,,COMP,Comprehensive (multi-field),Generalista (multidisciplinare),COMP,name-heuristic,hes-so.ch,http://www.hes-so.ch/,1201–1500,27.3,24.5,13.8,36.2,84.0,29.6
1983,HfH – University of Applied Sciences of Special Needs Education,Switzerland,CH,,,,EDU,Education & Sport Sciences,Scienze della Formazione e dello Sport,EDU,name-heuristic,hfh.ch,http://www.hfh.ch/,,,,,,,
1984,Hochschule Luzern,Switzerland,CH,Luzern,47.05048,8.30635,COMP,Comprehensive (multi-field),Generalista (multidisciplinare),COMP,name-heuristic,hslu.ch,https://www.hslu.ch/,,,,,,,
1985,HSR - Hochschule für Technik Rapperswil,Switzerland,CH,Rapperswil,47.22557,8.82228,COMP,Comprehensive (multi-field),Generalista (multidisciplinare),COMP,name-heuristic,hsr.ch,http://www.hsr.ch/,,,,,,,
1986,HTW Chur - University of Applied Sciences HTW Chur,Switzerland,CH,Chur,46.84986,9.53287,COMP,Comprehensive (multi-field),Generalista (multidisciplinare),COMP,name-heuristic,fh-htwchur.ch,http://www.fh-htwchur.ch/,,,,,,,
1987,HWZ - University of Applied Sciences in Business Administration Zurich,Switzerland,CH,Zürich,47.36667,8.55,BUS,"Business, Economics & Management",Economia e Management,BUS,name-heuristic,fh-hwz.ch,http://www.fh-hwz.ch/,,,,,,,
1988,NTB - Hochschule für Technik Buchs,Switzerland,CH,,,,COMP,Comprehensive (multi-field),Generalista (multidisciplinare),COMP,name-heuristic,ntb.ch,http://www.ntb.ch/,,,,,,,
1989,PH Zug - Pädagogische Hochschule Zug,Switzerland,CH,,,,COMP,Comprehensive (multi-field),Generalista (multidisciplinare),COMP,name-heuristic,phzg.ch,http://www.phzg.ch/,,,,,,,
1990,PH Zürich - Pädagogische Hochschule Zürich,Switzerland,CH,Zürich,47.36667,8.55,COMP,Comprehensive (multi-field),Generalista (multidisciplinare),COMP,name-heuristic,phzh.ch,http://www.phzh.ch/,,,,,,,
1991,PHBern - University of Teacher Education Bern,Switzerland,CH,Bern,46.94809,7.44744,EDU,Education & Sport Sciences,Scienze della Formazione e dello Sport,EDU,ETER,phbern.ch,http://www.phbern.ch/,,,,,,,
1992,PHGR - University of Teacher Education Graubünden,Switzerland,CH,,,,EDU,Education & Sport Sciences,Scienze della Formazione e dello Sport,EDU,name-heuristic,ph-gr.ch,http://www.ph-gr.ch/,,,,,,,
1993,PHLU - University of Teacher Education Lucerne,Switzerland,CH,Luzern,47.05048,8.30635,EDU,Education & Sport Sciences,Scienze della Formazione e dello Sport,EDU,name-heuristic,phlu.ch,http://www.phlu.ch/,,,,,,,
1994,PHSG - Pädagogische Hochschule St.Gallen,Switzerland,CH,,,,COMP,Comprehensive (multi-field),Generalista (multidisciplinare),COMP,name-heuristic,phsg.ch,http://www.phsg.ch/,,,,,,,
1995,PHSZ - University of Teacher Education Schwyz,Switzerland,CH,Schwyz,47.02076,8.65414,EDU,Education & Sport Sciences,Scienze della Formazione e dello Sport,EDU,ETER,phsz.ch,http://www.phsz.ch/,,,,,,,
1996,PHTG - Pädagogische Hochschule Thurgau,Switzerland,CH,,,,COMP,Comprehensive (multi-field),Generalista (multidisciplinare),COMP,name-heuristic,phtg.ch,http://www.phtg.ch/,,,,,,,
1997,SUPSI - University of Applied Sciences Southern Switzerland,Switzerland,CH,,,,COMP,Comprehensive (multi-field),Generalista (multidisciplinare),COMP,name-heuristic,supsi.ch,http://www.supsi.ch/,,,,,,,
1998,ZHAW - Zürcher Hochschule für Angewandte Wissenschaften,Switzerland,CH,,,,COMP,Comprehensive (multi-field),Generalista (multidisciplinare),COMP,name-heuristic,zhaw.ch,http://www.zhaw.ch/,,,,,,,
1999,ZHdK - Zurich University of the Arts,Switzerland,CH,Zürich,47.36667,8.55,COMP,Comprehensive (multi-field),Generalista (multidisciplinare),COMP,name-heuristic,zhdk.ch,http://www.zhdk.ch/,,,,,,,
2000,CHUV - University Hospital Lausanne,Switzerland,CH,Lausanne,46.516,6.63282,COMP,Comprehensive (multi-field),Generalista (multidisciplinare),COMP,name-heuristic,chuv.ch,http://www.chuv.ch/,,,,,,,
2001,HUG - Univ. Hospitals of Geneva,Switzerland,CH,Geneva,46.20222,6.14569,COMP,Comprehensive (multi-field),Generalista (multidisciplinare),COMP,name-heuristic,hcuge.ch,http://www.hcuge.ch/,,,,,,,
2002,Insel Gruppe,Switzerland,CH,,,,COMP,Comprehensive (multi-field),Generalista (multidisciplinare),COMP,name-heuristic,insel.ch,http://www.insel.ch/,,,,,,,
2003,University Hospital Zurich,Switzerland,CH,Zürich,47.36667,8.55,COMP,Comprehensive (multi-field),Generalista (multidisciplinare),COMP,name-heuristic,unispital.ch,http://www.unispital.ch/,,,,,,,
2004,Institut Le Rosey,Switzerland,CH,,,,COMP,Comprehensive (multi-field),Generalista (multidisciplinare),COMP,name-heuristic,rosey.ch,http://www.rosey.ch/,,,,,,,
2005,Ukrainian Academy of Banking,Ukraine,UA,,,,COMP,Comprehensive (multi-field),Generalista (multidisciplinare),COMP,name-heuristic,academy.sumy.ua,http://www.academy.sumy.ua/,,,,,,,
2006,Odessa State Medical University,Ukraine,UA,Odesa,46.48572,30.74383,MED,Medicine & Health,Medicina e Salute,MED,name-heuristic,arosmu.org,http://www.arosmu.org/,,,,,,,
2007,Bila Cerkva State Agrarian University,Ukraine,UA,Bila Tserkva,49.8004,30.12851,AGR,"Agriculture, Forestry & Veterinary",Agraria e Veterinaria,AGR,name-heuristic,btsau.kiev.ua,http://www.btsau.kiev.ua/,,,,,,,
2008,Chernivci National University,Ukraine,UA,Chernivtsi,48.29045,25.93241,COMP,Comprehensive (multi-field),Generalista (multidisciplinare),COMP,name-heuristic,chnu.cv.ua,http://www.chnu.cv.ua/,,,,,,,
2009,Crimea State Medical University,Ukraine,UA,,,,MED,Medicine & Health,Medicina e Salute,MED,name-heuristic,crsmu.com,http://www.crsmu.com/,,,,,,,
2010,Dnepropetrovsk National University of Railway Transport,Ukraine,UA,Dnipro,48.46664,35.04066,EDU,Education & Sport Sciences,Scienze della Formazione e dello Sport,EDU,name-heuristic,diit.edu.ua,http://www.diit.edu.ua/,,,,,,,
2011,Dnepropetrovsk National University,Ukraine,UA,Dnipro,48.46664,35.04066,COMP,Comprehensive (multi-field),Generalista (multidisciplinare),COMP,name-heuristic,dnu.dp.ua,http://www.dnu.dp.ua/,,,,,,,
2012,Donetsk State Medical University,Ukraine,UA,Donetsk,48.023,37.80224,MED,Medicine & Health,Medicina e Salute,MED,name-heuristic,donmeduni.com,http://www.donmeduni.com/,,,,,,,
2013,Donetsk National Technical University,Ukraine,UA,Donetsk,48.023,37.80224,ENG,Engineering & Technology,Ingegneria e Tecnologia,ENG,name-heuristic,donntu.edu.ua,http://www.donntu.edu.ua/,,,,,,,
2014,Donetsk National University,Ukraine,UA,Donetsk,48.023,37.80224,COMP,Comprehensive (multi-field),Generalista (multidisciplinare),COMP,name-heuristic,donnu.edu.ua,http://www.donnu.edu.ua/,,,,,,,
2015,Dneprodzerzhinsk State Technical University,Ukraine,UA,,,,ENG,Engineering & Technology,Ingegneria e Tecnologia,ENG,name-heuristic,dstu.dp.ua,http://www.dstu.dp.ua/,,,,,,,
2016,Alfred Nobel University of Economics and Law,Ukraine,UA,,,,BUS,"Business, Economics & Management",Economia e Management,BUS,name-heuristic,duep.edu,http://www.duep.edu/,,,,,,,
2017,Ukrainian National Forestry University,Ukraine,UA,,,,AGR,"Agriculture, Forestry & Veterinary",Agraria e Veterinaria,AGR,name-heuristic,forest.lviv.ua,http://www.forest.lviv.ua/,,,,,,,
2018,Lviv National University Ivan Franko,Ukraine,UA,Lviv,49.83826,24.02324,COMP,Comprehensive (multi-field),Generalista (multidisciplinare),COMP,name-heuristic,franko.lviv.ua,http://www.franko.lviv.ua/,1501+,10.3,20.5,11.1,11.5,29.7,18.8
2019,Kharkiv National University of Economics,Ukraine,UA,Kharkiv,49.98177,36.25475,BUS,"Business, Economics & Management",Economia e Management,BUS,name-heuristic,hneu.edu.ua,http://www.hneu.edu.ua/,,,,,,,
2020,Ivano-Frankivsk National University of Oil and Gas,Ukraine,UA,Ivano-Frankivsk,48.92312,24.71248,COMP,Comprehensive (multi-field),Generalista (multidisciplinare),COMP,name-heuristic,ifdtung.if.ua,https://nung.edu.ua/,,,,,,,
2021,State Pedagogical University in Kryvyi Rih,Ukraine,UA,Kryvyy Rih,47.90572,33.39404,EDU,Education & Sport Sciences,Scienze della Formazione e dello Sport,EDU,name-heuristic,kdpu.edu.ua,http://www.kdpu.edu.ua/,,,,,,,
2022,Kharkiv State Transport Technical University,Ukraine,UA,Kharkiv,49.98177,36.25475,ENG,Engineering & Technology,Ingegneria e Tecnologia,ENG,name-heuristic,khadi.kharkov.ua,http://www.khadi.kharkov.ua/,,,,,,,
2023,National Aerospace University Kharkov Aviation Institute,Ukraine,UA,Kharkiv,49.98177,36.25475,ENG,Engineering & Technology,Ingegneria e Tecnologia,ENG,name-heuristic,khai.edu,http://www.khai.edu/,,,,,,,
2024,Petro Mohyla Black Sea State University,Ukraine,UA,,,,COMP,Comprehensive (multi-field),Generalista (multidisciplinare),COMP,name-heuristic,kma.mk.ua,http://www.kma.mk.ua/,,,,,,,
2025,Kiev National Economic University,Ukraine,UA,Kyiv,50.45466,30.5238,BUS,"Business, Economics & Management",Economia e Management,BUS,name-heuristic,kneu.kiev.ua,http://www.kneu.kiev.ua/,,,,,,,
2026,Kiev National University of Construction and Architecture,Ukraine,UA,Kyiv,50.45466,30.5238,ARC,Architecture & Urban Planning,Architettura e Urbanistica,ARC,name-heuristic,knuba.edu.ua,http://www.knuba.edu.ua/,,,,,,,
2027,National Technical University (Kharkiv Polytechnical Institute),Ukraine,UA,Kharkiv,49.98177,36.25475,ENG,Engineering & Technology,Ingegneria e Tecnologia,ENG,name-heuristic,kpi.kharkov.ua,http://www.kpi.kharkov.ua/,,,,,,,
2028,National Technical University (Kiev Politechnical Institute),Ukraine,UA,Kyiv,50.45466,30.5238,ENG,Engineering & Technology,Ingegneria e Tecnologia,ENG,name-heuristic,kpi.ua,http://www.kpi.ua/,,,,,,,
2029,KROK Economics and Law University,Ukraine,UA,,,,BUS,"Business, Economics & Management",Economia e Management,BUS,name-heuristic,krok.edu.ua,http://www.krok.edu.ua/,,,,,,,
2030,Kiev School Of Economics,Ukraine,UA,Kyiv,50.45466,30.5238,BUS,"Business, Economics & Management",Economia e Management,BUS,name-heuristic,kse.org.ua,http://www.kse.org.ua/,,,,,,,
2031,Kharkiv State Medical University,Ukraine,UA,Kharkiv,49.98177,36.25475,MED,Medicine & Health,Medicina e Salute,MED,name-heuristic,ksmu.kharkov.ua,http://www.ksmu.kharkov.ua/,Reporter,,,,,,
2032,Kharkiv State Technical University of Construction and Architecture,Ukraine,UA,Kharkiv,49.98177,36.25475,ENG,Engineering & Technology,Ingegneria e Tecnologia,ENG,name-heuristic,kstuca.kharkov.ua,http://www.kstuca.kharkov.ua/,,,,,,,
2033,Kiev Slavonic University,Ukraine,UA,Kyiv,50.45466,30.5238,COMP,Comprehensive (multi-field),Generalista (multidisciplinare),COMP,name-heuristic,ksu.edu.ua,http://www.ksu.edu.ua/,,,,,,,
2034,Kharkiv National University of Radio Electronics,Ukraine,UA,Kharkiv,49.98177,36.25475,COMP,Comprehensive (multi-field),Generalista (multidisciplinare),COMP,name-heuristic,nure.ua,https://nure.ua/,1501+,10.3,20.8,9.0,30.0,29.5,18.6
2035,Luhansk Taras Shevchenko National Pedagogical University,Ukraine,UA,Luhansk,48.56814,39.30553,EDU,Education & Sport Sciences,Scienze della Formazione e dello Sport,EDU,name-heuristic,lgpu.lg.ua,http://www.lgpu.lg.ua/,,,,,,,
2036,Lviv Polytechnic National University,Ukraine,UA,Lviv,49.83826,24.02324,ENG,Engineering & Technology,Ingegneria e Tecnologia,ENG,name-heuristic,lp.edu.ua,http://www.lp.edu.ua/,1501+,10.3,20.2,12.0,29.3,27.4,23.3
2037,Luhansk State Medical University,Ukraine,UA,Luhansk,48.56814,39.30553,MED,Medicine & Health,Medicina e Salute,MED,name-heuristic,lsmu.edu.ua,https://www.lsmu.edu.ua/,,,,,,,
2038,Odessa National Maritime Academy,Ukraine,UA,Odesa,46.48572,30.74383,ENG,Engineering & Technology,Ingegneria e Tecnologia,ENG,name-heuristic,ma.odessa.ua,http://www.ma.odessa.ua/,,,,,,,
2039,Lviv National Medical Univeristy,Ukraine,UA,Lviv,49.83826,24.02324,MED,Medicine & Health,Medicina e Salute,MED,name-heuristic,meduniv.lviv.ua,http://www.meduniv.lviv.ua/,,,,,,,
2040,National Aviation University,Ukraine,UA,,,,ENG,Engineering & Technology,Ingegneria e Tecnologia,ENG,name-heuristic,nau.edu.ua,http://www.nau.edu.ua/,,,,,,,
2041,National Agricultural University,Ukraine,UA,,,,AGR,"Agriculture, Forestry & Veterinary",Agraria e Veterinaria,AGR,name-heuristic,nauu.kiev.ua,http://www.nauu.kiev.ua/,,,,,,,
2042,National Metallurgical Academy of Ukraine,Ukraine,UA,,,,COMP,Comprehensive (multi-field),Generalista (multidisciplinare),COMP,name-heuristic,nmetau.edu.ua,http://www.nmetau.edu.ua/,,,,,,,
2043,National Medical University O.O. Bogomolets,Ukraine,UA,,,,MED,Medicine & Health,Medicina e Salute,MED,name-heuristic,nmu.edu.ua,http://www.nmu.edu.ua/,1501+,10.3,24.0,9.9,9.8,26.4,17.4
2044,National Mining University,Ukraine,UA,,,,ENG,Engineering & Technology,Ingegneria e Tecnologia,ENG,name-heuristic,nmu.org.ua,http://www.nmu.org.ua/,,,,,,,
2045,National Pedagogical University M. Dragomanov,Ukraine,UA,,,,EDU,Education & Sport Sciences,Scienze della Formazione e dello Sport,EDU,name-heuristic,npu.edu.ua,http://www.npu.edu.ua/,,,,,,,
2046,National Transport University,Ukraine,UA,,,,EDU,Education & Sport Sciences,Scienze della Formazione e dello Sport,EDU,name-heuristic,ntu.kar.net,http://www.ntu.kar.net/,Reporter,,,,,,
2047,Odessa State Academy of Construction and Architecture,Ukraine,UA,Odesa,46.48572,30.74383,ARC,Architecture & Urban Planning,Architettura e Urbanistica,ARC,name-heuristic,ogasa.odessa.ua,http://www.ogasa.odessa.ua/,,,,,,,
2048,Odessa National I.I. Mecnikov University,Ukraine,UA,Odesa,46.48572,30.74383,COMP,Comprehensive (multi-field),Generalista (multidisciplinare),COMP,name-heuristic,onu.edu.ua,http://www.onu.edu.ua/,,,,,,,
2049,Odessa National Polytechnic University,Ukraine,UA,Odesa,46.48572,30.74383,ENG,Engineering & Technology,Ingegneria e Tecnologia,ENG,name-heuristic,opu.odessa.ua,http://www.opu.odessa.ua/,,,,,,,
2050,Odessa National Academy of Food Technologies,Ukraine,UA,Odesa,46.48572,30.74383,ENG,Engineering & Technology,Ingegneria e Tecnologia,ENG,name-heuristic,osaft.odessa.ua,http://www.osaft.odessa.ua/,,,,,,,
2051,Odessa National Marine University,Ukraine,UA,Odesa,46.48572,30.74383,COMP,Comprehensive (multi-field),Generalista (multidisciplinare),COMP,name-heuristic,osmu.odessa.ua,http://www.osmu.odessa.ua/,,,,,,,
2052,Poltava National Technical University,Ukraine,UA,Poltava,49.58925,34.55367,ENG,Engineering & Technology,Ingegneria e Tecnologia,ENG,name-heuristic,pntu.edu.ua,http://www.pntu.edu.ua/,,,,,,,
2053,Precarpathian University,Ukraine,UA,,,,COMP,Comprehensive (multi-field),Generalista (multidisciplinare),COMP,name-heuristic,pu.if.ua,http://www.pu.if.ua/,,,,,,,
2054,Poltava University of Consumer Cooperatives in Ukraine,Ukraine,UA,Poltava,49.58925,34.55367,COMP,Comprehensive (multi-field),Generalista (multidisciplinare),COMP,name-heuristic,pusku.edu.ua,http://www.pusku.edu.ua/,,,,,,,
2055,Sumy National Agrarian University,Ukraine,UA,Sumy,50.91741,34.79906,AGR,"Agriculture, Forestry & Veterinary",Agraria e Veterinaria,AGR,name-heuristic,sau.sumy.ua,http://www.sau.sumy.ua/,,,,,,,
2056,Sevastopol National Technical University,Ukraine,UA,Sevastopol,44.60795,33.52134,ENG,Engineering & Technology,Ingegneria e Tecnologia,ENG,name-heuristic,sevntu.com.ua,http://sevntu.com.ua/,,,,,,,
2057,East Ukrainian National University,Ukraine,UA,,,,COMP,Comprehensive (multi-field),Generalista (multidisciplinare),COMP,name-heuristic,snu.edu.ua,http://www.snu.edu.ua/,,,,,,,
2058,Sumy State University,Ukraine,UA,Sumy,50.91741,34.79906,COMP,Comprehensive (multi-field),Generalista (multidisciplinare),COMP,name-heuristic,sumdu.edu.ua,http://www.sumdu.edu.ua/,1001–1200,32.1,20.6,16.4,56.1,49.7,21.6
2059,Ternopil Academy of National Economy,Ukraine,UA,Ternopil,49.55404,25.59067,COMP,Comprehensive (multi-field),Generalista (multidisciplinare),COMP,name-heuristic,tane.edu.ua,http://www.tane.edu.ua/,,,,,,,
2060,Taurida National V.I.Vernadsky University,Ukraine,UA,,,,COMP,Comprehensive (multi-field),Generalista (multidisciplinare),COMP,name-heuristic,tnu.crimea.ua,http://www.tnu.crimea.ua/,,,,,,,
2061,Ternopil State Ivan Pul'uj Technical University,Ukraine,UA,Ternopil,49.55404,25.59067,ENG,Engineering & Technology,Ingegneria e Tecnologia,ENG,name-heuristic,tu.edu.te.ua,http://www.tu.edu.te.ua/,,,,,,,
2062,Technological University of Podillya,Ukraine,UA,,,,ENG,Engineering & Technology,Ingegneria e Tecnologia,ENG,name-heuristic,tup.km.ua,http://www.tup.km.ua/,,,,,,,
2063,Ukrainian Medical Stomatological Academy,Ukraine,UA,,,,MED,Medicine & Health,Medicina e Salute,MED,name-heuristic,uamsa.net,http://www.uamsa.net/,,,,,,,
2064,National University of Kiev-Mohyla Academy,Ukraine,UA,Kyiv,50.45466,30.5238,COMP,Comprehensive (multi-field),Generalista (multidisciplinare),COMP,name-heuristic,ukma.kiev.ua,http://www.ukma.kiev.ua/,,,,,,,
2065,Ukrainian Academy of Pharmacy,Ukraine,UA,,,,MED,Medicine & Health,Medicina e Salute,MED,name-heuristic,ukrfa.kharkov.ua,http://www.ukrfa.kharkov.ua/,,,,,,,
2066,National University of Internal Affairs,Ukraine,UA,,,,COMP,Comprehensive (multi-field),Generalista (multidisciplinare),COMP,name-heuristic,univd.edu.ua,http://www.univd.edu.ua/,Reporter,,,,,,
2067,Kherson State University,Ukraine,UA,Kherson,46.63695,32.61458,COMP,Comprehensive (multi-field),Generalista (multidisciplinare),COMP,name-heuristic,university.kherson.ua,http://www.university.kherson.ua/,Reporter,,,,,,
2068,Taras Shevchenko National University of Kyiv,Ukraine,UA,Kyiv,50.45466,30.5238,COMP,Comprehensive (multi-field),Generalista (multidisciplinare),COMP,name-heuristic,univ.kiev.ua,http://www.univ.kiev.ua/,1501+,10.3,25.7,15.4,22.4,30.5,28.6
2069,Uzhgorod National University,Ukraine,UA,Uzhhorod,48.6242,22.2947,COMP,Comprehensive (multi-field),Generalista (multidisciplinare),COMP,name-heuristic,univ.uzhgorod.ua,http://www.univ.uzhgorod.ua/,,,,,,,
2070,National University of Ostroh Academy,Ukraine,UA,,,,COMP,Comprehensive (multi-field),Generalista (multidisciplinare),COMP,name-heuristic,uosa.uar.net,http://www.uosa.uar.net/,Reporter,,,,,,
2071,National University of Shipbuilding,Ukraine,UA,,,,COMP,Comprehensive (multi-field),Generalista (multidisciplinare),COMP,name-heuristic,usmtu.edu.ua,http://www.usmtu.edu.ua/,,,,,,,
2072,National University of Food Technologies,Ukraine,UA,,,,ENG,Engineering & Technology,Ingegneria e Tecnologia,ENG,name-heuristic,usuft.kiev.ua,http://www.usuft.kiev.ua/,Reporter,,,,,,
2073,Volyn National University Lesja Ukrainka,Ukraine,UA,,,,COMP,Comprehensive (multi-field),Generalista (multidisciplinare),COMP,name-heuristic,vdu.edu.ua,http://www.vdu.edu.ua/,,,,,,,
2074,National Pirogov Memorial Medical University,Ukraine,UA,,,,MED,Medicine & Health,Medicina e Salute,MED,name-heuristic,vnmu.vn.ua,http://www.vnmu.vn.ua/,1501+,10.3,29.9,9.0,4.6,41.4,18.2
2075,Vinnica National Technical University,Ukraine,UA,Vinnytsya,49.2322,28.46871,ENG,Engineering & Technology,Ingegneria e Tecnologia,ENG,name-heuristic,vstu.vinnica.ua,http://www.vstu.vinnica.ua/,,,,,,,
2076,Zaporizhzhe National Technical University,Ukraine,UA,,,,ENG,Engineering & Technology,Ingegneria e Tecnologia,ENG,name-heuristic,zntu.edu.ua,http://www.zntu.edu.ua/,,,,,,,
2077,Zaporizhzhe National University,Ukraine,UA,,,,COMP,Comprehensive (multi-field),Generalista (multidisciplinare),COMP,name-heuristic,znu.edu.ua,http://www.znu.edu.ua/,,,,,,,
2078,Lviv University,Ukraine,UA,Lviv,49.83826,24.02324,COMP,Comprehensive (multi-field),Generalista (multidisciplinare),COMP,name-heuristic,lnu.edu.ua,https://www.lnu.edu.ua/,,,,,,,
2079,University of Aberdeen,United Kingdom,GB,Aberdeen,57.14369,-2.09814,COMP,Comprehensive (multi-field),Generalista (multidisciplinare),AGR|ARC|ART|BUS|EDU|ENG|HUM|ICT|LAW|MED|SCI|SOC,ETER,abdn.ac.uk,http://www.abdn.ac.uk/,201–250,56.4,38.0,34.8,82.3,96.4,79.6
2080,Aberystwyth University,United Kingdom,GB,Aberystwyth,52.41548,-4.08292,COMP,Comprehensive (multi-field),Generalista (multidisciplinare),AGR|ARC|ART|BUS|EDU|ENG|HUM|ICT|LAW|MED|SCI|SOC,ETER,aber.ac.uk,https://aber.ac.uk/,601–800,39.0,26.9,22.2,61.9,83.1,62.1
2081,University of Abertay Dundee,United Kingdom,GB,Dundee,56.46913,-2.97489,COMP,Comprehensive (multi-field),Generalista (multidisciplinare),AGR|ARC|ART|BUS|EDU|ENG|HUM|ICT|LAW|MED|SCI|SOC,ETER,abertay.ac.uk,http://www.abertay.ac.uk/,,,,,,,
2082,American InterContinental University - London,United Kingdom,GB,London,51.50853,-0.12574,COMP,Comprehensive (multi-field),Generalista (multidisciplinare),COMP,name-heuristic,aiuniv.edu,http://www.aiuniv.edu/,,,,,,,
2083,Anglia Ruskin University,United Kingdom,GB,,,,COMP,Comprehensive (multi-field),Generalista (multidisciplinare),AGR|ARC|ART|BUS|EDU|ENG|HUM|ICT|LAW|MED|SCI|SOC,ETER,anglia.ac.uk,http://www.anglia.ac.uk/,601–800,39.0,18.5,14.6,83.6,91.0,34.1
2084,Aston University,United Kingdom,GB,Aston,52.5,-1.88333,COMP,Comprehensive (multi-field),Generalista (multidisciplinare),ARC|ART|BUS|EDU|ENG|HUM|ICT|LAW|MED|SCI|SOC,ETER,aston.ac.uk,http://www.aston.ac.uk/,401–500,46.2,21.7,26.2,83.6,95.7,64.6
2085,The American University in London,United Kingdom,GB,London,51.50853,-0.12574,COMP,Comprehensive (multi-field),Generalista (multidisciplinare),COMP,name-heuristic,aul.edu,http://www.aul.edu/,,,,,,,
2086,"University of Wales, Bangor",United Kingdom,GB,Bangor,54.66079,-5.66802,COMP,Comprehensive (multi-field),Generalista (multidisciplinare),AGR|ARC|ART|BUS|EDU|ENG|HUM|ICT|LAW|MED|SCI|SOC,ETER,bangor.ac.uk,http://www.bangor.ac.uk/,,,,,,,
2087,University of Bath,United Kingdom,GB,Bath,51.3751,-2.36172,COMP,Comprehensive (multi-field),Generalista (multidisciplinare),ARC|ART|BUS|EDU|ENG|HUM|ICT|LAW|MED|SCI|SOC,ETER,bath.ac.uk,http://www.bath.ac.uk/,251–300,54.3,39.8,35.1,81.0,93.2,67.1
2088,Bath Spa University,United Kingdom,GB,Bath,51.3751,-2.36172,COMP,Comprehensive (multi-field),Generalista (multidisciplinare),ARC|ART|BUS|EDU|ENG|HUM|ICT|LAW|MED|SCI|SOC,ETER,bathspa.ac.uk,https://www.bathspa.ac.uk/,Reporter,,,,,,
2089,"Birkbeck College, University of London",United Kingdom,GB,London,51.50853,-0.12574,COMP,Comprehensive (multi-field),Generalista (multidisciplinare),AGR|ARC|ART|BUS|EDU|ENG|HUM|ICT|LAW|MED|SCI|SOC,ETER,bbk.ac.uk,http://www.bbk.ac.uk/,301–350,51.6,34.2,32.2,76.0,91.6,65.5
2090,British College of Osteopathic Medicine,United Kingdom,GB,,,,MED,Medicine & Health,Medicina e Salute,MED,name-heuristic,bcom.ac.uk,http://www.bcom.ac.uk/,,,,,,,
2091,Birmingham City University,United Kingdom,GB,Birmingham,52.48142,-1.89983,COMP,Comprehensive (multi-field),Generalista (multidisciplinare),ARC|ART|BUS|EDU|ENG|HUM|ICT|LAW|MED|SCI|SOC,ETER,bcu.ac.uk,http://www.bcu.ac.uk/,801–1000,35.5,17.9,13.4,65.5,86.3,25.2
2092,University of Bedfordshire,United Kingdom,GB,,,,COMP,Comprehensive (multi-field),Generalista (multidisciplinare),AGR|ARC|ART|BUS|EDU|ENG|HUM|ICT|LAW|MED|SCI|SOC,ETER,beds.ac.uk,http://www.beds.ac.uk/,1001–1200,32.1,18.1,14.0,55.3,86.7,32.9
2093,University of Birmingham,United Kingdom,GB,Birmingham,52.48142,-1.89983,COMP,Comprehensive (multi-field),Generalista (multidisciplinare),AGR|ARC|ART|BUS|EDU|ENG|HUM|ICT|LAW|MED|SCI|SOC,ETER,bham.ac.uk,http://www.bham.ac.uk/,=98,66.3,47.7,48.4,93.7,94.3,74.2
2094,University of Bolton,United Kingdom,GB,Bolton,53.58333,-2.43333,COMP,Comprehensive (multi-field),Generalista (multidisciplinare),ARC|ART|BUS|EDU|ENG|HUM|ICT|LAW|MED|SCI|SOC,ETER,bolton.ac.uk,http://www.bolton.ac.uk/,,,,,,,
2095,Bournemouth University,United Kingdom,GB,Bournemouth,50.72048,-1.8795,COMP,Comprehensive (multi-field),Generalista (multidisciplinare),AGR|ARC|ART|BUS|EDU|ENG|HUM|ICT|LAW|MED|SCI|SOC,ETER,bournemouth.ac.uk,http://www.bournemouth.ac.uk/,401–500,46.2,18.8,21.7,89.3,89.2,46.4
2096,University of Bradford,United Kingdom,GB,Bradford,53.79391,-1.75206,COMP,Comprehensive (multi-field),Generalista (multidisciplinare),ARC|ART|BUS|EDU|ENG|HUM|ICT|LAW|MED|SCI|SOC,ETER,brad.ac.uk,http://www.brad.ac.uk/,501–600,43.6,21.4,21.4,76.1,93.3,58.5
2097,London School of Jewish Studies,United Kingdom,GB,London,51.50853,-0.12574,COMP,Comprehensive (multi-field),Generalista (multidisciplinare),COMP,name-heuristic,lsjs.ac.uk,https://www.lsjs.ac.uk/,,,,,,,
2098,University of Bristol,United Kingdom,GB,Bristol,51.45523,-2.59665,COMP,Comprehensive (multi-field),Generalista (multidisciplinare),AGR|ARC|ART|BUS|EDU|ENG|HUM|ICT|LAW|MED|SCI|SOC,ETER,bristol.ac.uk,https://www.bristol.ac.uk/,=80,69.7,51.4,56.5,94.4,91.8,74.6
2099,Oxford Brookes University,United Kingdom,GB,Oxford,51.75222,-1.25596,COMP,Comprehensive (multi-field),Generalista (multidisciplinare),AGR|ARC|ART|BUS|EDU|ENG|HUM|ICT|LAW|MED|SCI|SOC,ETER,brookes.ac.uk,http://www.brookes.ac.uk/,801–1000,35.5,26.9,23.1,53.9,88.1,30.6
2100,Brunel University Uxbridge,United Kingdom,GB,Uxbridge,51.5489,-0.48211,COMP,Comprehensive (multi-field),Generalista (multidisciplinare),COMP,name-heuristic,brunel.ac.uk,http://www.brunel.ac.uk/,,,,,,,
2101,University of Brighton,United Kingdom,GB,Brighton,50.82838,-0.13947,COMP,Comprehensive (multi-field),Generalista (multidisciplinare),AGR|ARC|ART|BUS|EDU|ENG|HUM|ICT|LAW|MED|SCI|SOC,ETER,bton.ac.uk,http://www.bton.ac.uk/,601–800,39.0,19.9,19.3,63.4,84.7,64.9
2102,University of Buckingham,United Kingdom,GB,,,,COMP,Comprehensive (multi-field),Generalista (multidisciplinare),ARC|ART|BUS|EDU|ENG|HUM|ICT|LAW|MED|SCI|SOC,ETER,buck.ac.uk,http://www.buck.ac.uk/,,,,,,,
2103,Buckinghamshire New University,United Kingdom,GB,,,,COMP,Comprehensive (multi-field),Generalista (multidisciplinare),AGR|ARC|ART|BUS|EDU|ENG|HUM|ICT|LAW|MED|SOC,ETER,bucks.ac.uk,http://www.bucks.ac.uk/,Reporter,,,,,,
2104,University of Cambridge,United Kingdom,GB,Cambridge,52.2,0.11667,COMP,Comprehensive (multi-field),Generalista (multidisciplinare),AGR|ARC|ART|BUS|EDU|ENG|HUM|ICT|LAW|MED|SCI|SOC,ETER,cam.ac.uk,http://www.cam.ac.uk/,=3,97.2,96.2,99.9,97.1,96.3,87.6
2105,Camberwell College of Arts,United Kingdom,GB,,,,COMP,Comprehensive (multi-field),Generalista (multidisciplinare),COMP,name-heuristic,camb.linst.ac.uk,http://www.camb.linst.ac.uk/,,,,,,,
2106,Canterbury Christ Church University,United Kingdom,GB,Canterbury,51.27904,1.07992,COMP,Comprehensive (multi-field),Generalista (multidisciplinare),AGR|ARC|ART|BUS|EDU|ENG|HUM|ICT|LAW|MED|SCI|SOC,ETER,canterbury.ac.uk,http://www.canterbury.ac.uk/,1201–1500,27.3,18.0,13.5,46.3,74.1,19.0
2107,Cardiff University,United Kingdom,GB,Cardiff,51.48,-3.18,COMP,Comprehensive (multi-field),Generalista (multidisciplinare),AGR|ARC|ART|BUS|EDU|ENG|HUM|ICT|LAW|MED|SCI|SOC,ETER,cardiff.ac.uk,http://www.cardiff.ac.uk/,201–250,56.4,35.9,39.1,86.0,88.4,70.3
2108,Chelsea College of Art and Design,United Kingdom,GB,Chelsea,51.48755,-0.16936,ART,"Arts, Design & Music","Arte, Design e Musica",ART,name-heuristic,chelsea.linst.ac.uk,http://www.chelsea.linst.ac.uk/,,,,,,,
2109,University of Chester,United Kingdom,GB,Chester,53.1905,-2.89189,COMP,Comprehensive (multi-field),Generalista (multidisciplinare),AGR|ARC|ART|BUS|EDU|ENG|HUM|ICT|LAW|MED|SCI|SOC,ETER,chester.ac.uk,http://www.chester.ac.uk/,1501+,10.3,19.8,12.9,31.0,69.8,27.9
2110,City University,United Kingdom,GB,,,,COMP,Comprehensive (multi-field),Generalista (multidisciplinare),BUS|EDU|ICT|LAW|MED|SOC,ETER,city.ac.uk,http://www.city.ac.uk/,,,,,,,
2111,"Courtauld Institute of Art, University of London",United Kingdom,GB,London,51.50853,-0.12574,COMP,Comprehensive (multi-field),Generalista (multidisciplinare),ARC|ART|ENG|HUM|SOC,ETER,courtauld.ac.uk,http://www.courtauld.ac.uk/,Reporter,,,,,,
2112,Coventry University,United Kingdom,GB,Coventry,52.40656,-1.51217,COMP,Comprehensive (multi-field),Generalista (multidisciplinare),AGR|ARC|ART|BUS|EDU|ENG|HUM|ICT|LAW|MED|SCI|SOC,ETER,coventry.ac.uk,http://www.coventry.ac.uk/,601–800,39.0,21.6,15.1,73.5,94.4,44.9
2113,Cranfield University,United Kingdom,GB,,,,COMP,Comprehensive (multi-field),Generalista (multidisciplinare),AGR|ARC|BUS|ENG|ICT|LAW|MED|SCI|SOC,ETER,cranfield.ac.uk,http://www.cranfield.ac.uk/,Reporter,,,,,,
2114,Central Saint Martins College of Art & Design,United Kingdom,GB,,,,ART,"Arts, Design & Music","Arte, Design e Musica",ART,name-heuristic,csm.linst.ac.uk,http://www.csm.linst.ac.uk/,,,,,,,
2115,University of Derby,United Kingdom,GB,Derby,52.92277,-1.47663,COMP,Comprehensive (multi-field),Generalista (multidisciplinare),AGR|ARC|ART|BUS|EDU|ENG|HUM|ICT|LAW|MED|SCI|SOC,ETER,derby.ac.uk,http://www.derby.ac.uk/,601–800,39.0,19.0,14.1,74.0,80.2,34.6
2116,De Montfort University Leicester,United Kingdom,GB,Leicester,52.6386,-1.13169,COMP,Comprehensive (multi-field),Generalista (multidisciplinare),ARC|ART|BUS|EDU|ENG|HUM|ICT|LAW|MED|SCI|SOC,ETER,dmu.ac.uk,http://www.dmu.ac.uk/,,,,,,,
2117,University of Dundee,United Kingdom,GB,Dundee,56.46913,-2.97489,COMP,Comprehensive (multi-field),Generalista (multidisciplinare),AGR|ARC|ART|BUS|EDU|ENG|HUM|ICT|LAW|MED|SCI|SOC,ETER,dundee.ac.uk,http://www.dundee.ac.uk/,301–350,51.6,28.5,32.6,82.1,91.7,87.0
2118,University of Durham,United Kingdom,GB,Durham,54.77676,-1.57566,COMP,Comprehensive (multi-field),Generalista (multidisciplinare),ARC|ART|BUS|EDU|ENG|HUM|ICT|LAW|MED|SCI|SOC,ETER,dur.ac.uk,http://www.dur.ac.uk/,175,60.3,45.2,44.9,81.0,94.6,62.8
2119,Edge Hill University,United Kingdom,GB,,,,COMP,Comprehensive (multi-field),Generalista (multidisciplinare),AGR|ART|BUS|EDU|HUM|ICT|LAW|MED|SCI|SOC,ETER,edgehill.ac.uk,http://www.edgehill.ac.uk/,1001–1200,32.1,18.5,14.2,62.2,58.7,30.7
2120,University of Edinburgh,United Kingdom,GB,Edinburgh,55.95206,-3.19648,COMP,Comprehensive (multi-field),Generalista (multidisciplinare),AGR|ARC|ART|BUS|EDU|ENG|HUM|ICT|LAW|MED|SCI|SOC,ETER,ed.ac.uk,http://www.ed.ac.uk/,29,82.5,75.7,74.7,94.8,96.2,71.0
2121,European School of Economics,United Kingdom,GB,,,,BUS,"Business, Economics & Management",Economia e Management,BUS,name-heuristic,eselondon.ac.uk,http://www.eselondon.ac.uk/,,,,,,,
2122,University of Essex,United Kingdom,GB,,,,COMP,Comprehensive (multi-field),Generalista (multidisciplinare),AGR|ARC|ART|BUS|EDU|ENG|HUM|ICT|LAW|MED|SCI|SOC,ETER,essex.ac.uk,http://www.essex.ac.uk/,301–350,51.6,30.1,30.2,81.0,97.3,61.2
2123,University of Exeter,United Kingdom,GB,Exeter,50.7236,-3.52751,COMP,Comprehensive (multi-field),Generalista (multidisciplinare),ARC|ART|BUS|EDU|ENG|HUM|ICT|LAW|MED|SCI|SOC,ETER,ex.ac.uk,http://www.ex.ac.uk/,=170,60.6,36.6,42.1,94.0,93.4,59.1
2124,Falmouth University,United Kingdom,GB,Falmouth,50.15441,-5.07113,COMP,Comprehensive (multi-field),Generalista (multidisciplinare),ARC|ART|BUS|EDU|ENG|HUM|ICT|LAW|SOC,ETER,falmouth.ac.uk,http://www.falmouth.ac.uk/,Reporter,,,,,,
2125,Glasgow Caledonian University,United Kingdom,GB,Glasgow,55.86515,-4.25763,COMP,Comprehensive (multi-field),Generalista (multidisciplinare),ARC|ART|BUS|EDU|ENG|HUM|ICT|LAW|MED|SCI|SOC,ETER,gcal.ac.uk,http://www.gcal.ac.uk/,801–1000,35.5,17.8,15.2,63.7,83.5,48.7
2126,University of Glasgow,United Kingdom,GB,Glasgow,55.86515,-4.25763,COMP,Comprehensive (multi-field),Generalista (multidisciplinare),AGR|ARC|ART|BUS|EDU|ENG|HUM|ICT|LAW|MED|SCI|SOC,ETER,gla.ac.uk,http://www.gla.ac.uk/,84,68.9,50.6,52.2,95.9,95.5,73.2
2127,University of Glamorgan,United Kingdom,GB,,,,COMP,Comprehensive (multi-field),Generalista (multidisciplinare),AGR|ARC|ART|BUS|EDU|ENG|HUM|ICT|LAW|MED|SCI|SOC,ETER,glam.ac.uk,http://www.glam.ac.uk/,,,,,,,
2128,University of Gloucestershire,United Kingdom,GB,,,,COMP,Comprehensive (multi-field),Generalista (multidisciplinare),AGR|ARC|ART|BUS|EDU|ENG|HUM|ICT|LAW|MED|SCI|SOC,ETER,glos.ac.uk,http://www.glos.ac.uk/,1001–1200,32.1,18.5,14.2,58.7,72.2,27.1
2129,"Goldsmiths College, University of London",United Kingdom,GB,London,51.50853,-0.12574,COMP,Comprehensive (multi-field),Generalista (multidisciplinare),ARC|ART|BUS|EDU|ENG|HUM|ICT|LAW|MED|SOC,ETER,gold.ac.uk,http://www.gold.ac.uk/,501–600,43.6,28.2,23.5,71.2,80.8,48.8
2130,University of Greenwich,United Kingdom,GB,Greenwich,51.47785,-0.01176,COMP,Comprehensive (multi-field),Generalista (multidisciplinare),AGR|ARC|ART|BUS|EDU|ENG|HUM|ICT|LAW|MED|SCI|SOC,ETER,gre.ac.uk,http://www.gre.ac.uk/,601–800,39.0,17.6,16.5,81.6,97.1,39.1
2131,Glasgow School of Art,United Kingdom,GB,Glasgow,55.86515,-4.25763,COMP,Comprehensive (multi-field),Generalista (multidisciplinare),ARC|ART|EDU|ENG|HUM|MED,ETER,gsa.ac.uk,http://www.gsa.ac.uk/,Reporter,,,,,,
2132,"University of Halifax, Birmingham Campus",United Kingdom,GB,Birmingham,52.48142,-1.89983,COMP,Comprehensive (multi-field),Generalista (multidisciplinare),COMP,name-heuristic,halifaxuni.ac,http://www.halifaxuni.ac/,,,,,,,
2133,University of Hertfordshire,United Kingdom,GB,,,,COMP,Comprehensive (multi-field),Generalista (multidisciplinare),AGR|ARC|ART|BUS|EDU|ENG|HUM|ICT|LAW|MED|SCI|SOC,ETER,herts.ac.uk,http://www.herts.ac.uk/,601–800,39.0,18.2,13.2,76.5,92.1,44.8
2134,"Heythrop College, University of London",United Kingdom,GB,London,51.50853,-0.12574,COMP,Comprehensive (multi-field),Generalista (multidisciplinare),ART|HUM|SOC,ETER,heythrop.ac.uk,http://www.heythrop.ac.uk/,,,,,,,
2135,Liverpool Hope University College,United Kingdom,GB,Liverpool,53.41058,-2.97794,COMP,Comprehensive (multi-field),Generalista (multidisciplinare),ARC|ART|BUS|EDU|ENG|HUM|ICT|LAW|MED|SCI|SOC,ETER,hope.ac.uk,http://www.hope.ac.uk/,1501+,10.3,19.5,16.8,30.2,77.2,19.0
2136,University of Huddersfield,United Kingdom,GB,Huddersfield,53.64904,-1.78416,COMP,Comprehensive (multi-field),Generalista (multidisciplinare),AGR|ARC|ART|BUS|EDU|ENG|HUM|ICT|LAW|MED|SCI|SOC,ETER,hud.ac.uk,http://www.hud.ac.uk/,501–600,43.6,25.6,23.9,73.9,89.3,51.3
2137,University of Hull,United Kingdom,GB,Kingston upon Hull,53.7446,-0.33525,COMP,Comprehensive (multi-field),Generalista (multidisciplinare),ARC|ART|BUS|EDU|ENG|HUM|ICT|LAW|MED|SCI|SOC,ETER,hull.ac.uk,http://www.hull.ac.uk/,501–600,43.6,27.3,23.8,72.9,87.8,57.5
2138,Huron University USA in London,United Kingdom,GB,London,51.50853,-0.12574,COMP,Comprehensive (multi-field),Generalista (multidisciplinare),COMP,name-heuristic,huron.ac.uk,http://www.huron.ac.uk/,,,,,,,
2139,Heriot-Watt University,United Kingdom,GB,,,,COMP,Comprehensive (multi-field),Generalista (multidisciplinare),AGR|ARC|ART|BUS|EDU|ENG|HUM|ICT|LAW|MED|SCI|SOC,ETER,hw.ac.uk,http://www.hw.ac.uk/,401–500,46.2,33.4,30.3,58.8,95.5,70.3
2140,Imperial College London,United Kingdom,GB,London,51.50853,-0.12574,COMP,Comprehensive (multi-field),Generalista (multidisciplinare),AGR|ARC|ART|BUS|EDU|ENG|HUM|ICT|LAW|MED|SCI|SOC,ETER,imperial.ac.uk,http://www.imperial.ac.uk/,8,94.7,90.6,94.9,98.0,98.2,91.9
2141,ifs University College,United Kingdom,GB,,,,COMP,Comprehensive (multi-field),Generalista (multidisciplinare),COMP,name-heuristic,ifslearning.ac.uk,http://www.ifslearning.ac.uk/,,,,,,,
2142,"Institue of Historical Research, University of London",United Kingdom,GB,London,51.50853,-0.12574,COMP,Comprehensive (multi-field),Generalista (multidisciplinare),COMP,name-heuristic,ihr.sas.ac.uk,http://ihr.sas.ac.uk/,,,,,,,
2143,"Institute of Education, University of London",United Kingdom,GB,London,51.50853,-0.12574,EDU,Education & Sport Sciences,Scienze della Formazione e dello Sport,AGR|ARC|ART|BUS|EDU|ENG|HUM|ICT|LAW|MED|SCI|SOC,ETER,ioe.ac.uk,http://www.ioe.ac.uk/,,,,,,,
2144,International Colleges of Islamic Science,United Kingdom,GB,,,,THEO,Theology & Religious Studies,Teologia e Studi Religiosi,THEO,name-heuristic,islamiccolleges.com,http://www.islamiccolleges.com/,,,,,,,
2145,"King's College London, University of London",United Kingdom,GB,London,51.50853,-0.12574,COMP,Comprehensive (multi-field),Generalista (multidisciplinare),ARC|ART|BUS|EDU|ENG|HUM|ICT|LAW|MED|SCI|SOC,ETER,kcl.ac.uk,http://www.kcl.ac.uk/,,,,,,,
2146,Keele University,United Kingdom,GB,,,,COMP,Comprehensive (multi-field),Generalista (multidisciplinare),ARC|ART|BUS|EDU|ENG|HUM|ICT|LAW|MED|SCI|SOC,ETER,keele.ac.uk,http://www.keele.ac.uk/,501–600,43.6,23.5,22.6,75.5,82.3,63.8
2147,Kingston University,United Kingdom,GB,,,,COMP,Comprehensive (multi-field),Generalista (multidisciplinare),ARC|ART|BUS|EDU|ENG|HUM|ICT|LAW|MED|SCI|SOC,ETER,kingston.ac.uk,http://www.kingston.ac.uk/,801–1000,35.5,20.4,15.4,54.6,90.9,48.3
2148,International Centre for Isclamic Science,United Kingdom,GB,,,,COMP,Comprehensive (multi-field),Generalista (multidisciplinare),COMP,name-heuristic,kolieh.com,http://www.kolieh.com/,,,,,,,
2149,"University of Wales, Lampeter",United Kingdom,GB,,,,COMP,Comprehensive (multi-field),Generalista (multidisciplinare),COMP,name-heuristic,lamp.ac.uk,http://www.lamp.ac.uk/,,,,,,,
2150,University of Lancaster,United Kingdom,GB,Lancaster,54.04649,-2.79988,COMP,Comprehensive (multi-field),Generalista (multidisciplinare),ARC|ART|BUS|EDU|ENG|HUM|ICT|LAW|MED|SCI|SOC,ETER,lancs.ac.uk,http://www.lancs.ac.uk/,=184,59.7,40.9,40.8,86.7,95.1,67.2
2151,Loughborough University,United Kingdom,GB,Loughborough,52.76667,-1.2,COMP,Comprehensive (multi-field),Generalista (multidisciplinare),ARC|ART|BUS|EDU|ENG|HUM|ICT|LAW|MED|SCI|SOC,ETER,lboro.ac.uk,http://www.lboro.ac.uk/,301–350,51.6,34.8,32.9,76.1,89.4,70.2
2152,London College of Science & Technology,United Kingdom,GB,London,51.50853,-0.12574,ENG,Engineering & Technology,Ingegneria e Tecnologia,BUS|ICT|LAW|SOC,ETER,lcst.ac,http://www.lcst.ac/,,,,,,,
2153,University of Leicester,United Kingdom,GB,Leicester,52.6386,-1.13169,COMP,Comprehensive (multi-field),Generalista (multidisciplinare),ARC|ART|BUS|EDU|ENG|HUM|ICT|LAW|MED|SCI|SOC,ETER,le.ac.uk,http://www.le.ac.uk/,=192,59.2,35.4,34.9,95.9,94.8,69.0
2154,University of Leeds,United Kingdom,GB,Leeds,53.79648,-1.54785,COMP,Comprehensive (multi-field),Generalista (multidisciplinare),AGR|ARC|ART|BUS|EDU|ENG|HUM|ICT|LAW|MED|SCI|SOC,ETER,leeds.ac.uk,http://www.leeds.ac.uk/,118,64.9,48.3,50.3,87.2,93.6,71.6
2155,London Guildhall University,United Kingdom,GB,London,51.50853,-0.12574,COMP,Comprehensive (multi-field),Generalista (multidisciplinare),COMP,name-heuristic,lgu.ac.uk,http://www.lgu.ac.uk/,,,,,,,
2156,London Institute of Management and Technology,United Kingdom,GB,London,51.50853,-0.12574,ENG,Engineering & Technology,Ingegneria e Tecnologia,BUS|EDU|ICT|LAW|MED|SOC,ETER,limt.co.uk,http://www.limt.co.uk/,,,,,,,
2157,University of Lincoln,United Kingdom,GB,Lincoln,53.22683,-0.53792,COMP,Comprehensive (multi-field),Generalista (multidisciplinare),AGR|ARC|ART|BUS|EDU|ENG|HUM|ICT|LAW|MED|SCI|SOC,ETER,lincoln.ac.uk,http://www.lincoln.ac.uk/,601–800,39.0,20.5,18.5,77.2,86.9,34.1
2158,University of Liverpool,United Kingdom,GB,Liverpool,53.41058,-2.97794,COMP,Comprehensive (multi-field),Generalista (multidisciplinare),AGR|ARC|ART|BUS|EDU|ENG|HUM|ICT|LAW|MED|SCI|SOC,ETER,liv.ac.uk,http://www.liv.ac.uk/,143,62.2,43.5,42.0,91.2,95.0,68.0
2159,Liverpool John Moores University,United Kingdom,GB,Liverpool,53.41058,-2.97794,COMP,Comprehensive (multi-field),Generalista (multidisciplinare),AGR|ARC|ART|BUS|EDU|ENG|HUM|ICT|LAW|MED|SCI|SOC,ETER,ljmu.ac.uk,https://www.ljmu.ac.uk/,501–600,43.6,19.7,19.7,83.8,79.9,51.2
2160,Leeds Beckett University,United Kingdom,GB,Leeds,53.79648,-1.54785,COMP,Comprehensive (multi-field),Generalista (multidisciplinare),AGR|ARC|ART|BUS|EDU|ENG|HUM|ICT|LAW|MED|SCI|SOC,ETER,leedsbeckett.ac.uk,https://www.leedsbeckett.ac.uk/,801–1000,35.5,19.2,15.9,69.2,74.9,48.0
2161,University of London,United Kingdom,GB,London,51.50853,-0.12574,COMP,Comprehensive (multi-field),Generalista (multidisciplinare),COMP,name-heuristic,london.ac.uk,https://www.london.ac.uk/,,,,,,,
2162,London Metropolitan University,United Kingdom,GB,London,51.50853,-0.12574,COMP,Comprehensive (multi-field),Generalista (multidisciplinare),AGR|ARC|ART|BUS|EDU|ENG|HUM|ICT|LAW|MED|SCI|SOC,ETER,londonmet.ac.uk,http://www.londonmet.ac.uk/,601–800,39.0,16.6,14.4,76.6,91.3,30.2
2163,London School of Business & Finance,United Kingdom,GB,London,51.50853,-0.12574,BUS,"Business, Economics & Management",Economia e Management,ART|BUS|EDU|HUM|LAW|SOC,ETER,lsbf.org.uk,http://www.lsbf.org.uk/,Reporter,,,,,,
2164,"London School of Economics and Political Science, University of London",United Kingdom,GB,London,51.50853,-0.12574,BUS,"Business, Economics & Management",Economia e Management,ARC|ART|BUS|ENG|HUM|ICT|LAW|SCI|SOC,ETER,lse.ac.uk,http://www.lse.ac.uk/,52,75.4,60.5,71.2,93.4,94.2,46.8
2165,"London School of Hygiene & Tropical Medicine, University of London",United Kingdom,GB,London,51.50853,-0.12574,MED,Medicine & Health,Medicina e Salute,MED,ETER,lshtm.ac.uk,http://www.lshtm.ac.uk/,Reporter,,,,,,
2166,University of Manchester,United Kingdom,GB,Manchester,53.48095,-2.23743,COMP,Comprehensive (multi-field),Generalista (multidisciplinare),AGR|ARC|ART|BUS|EDU|ENG|HUM|ICT|LAW|MED|SCI|SOC,ETER,manchester.ac.uk,http://www.manchester.ac.uk/,56,74.9,61.2,65.9,92.4,94.5,74.0
2167,Middlesex University - London,United Kingdom,GB,London,51.50853,-0.12574,COMP,Comprehensive (multi-field),Generalista (multidisciplinare),AGR|ARC|ART|BUS|EDU|ENG|HUM|ICT|LAW|MED|SCI|SOC,ETER,mdx.ac.uk,https://www.mdx.ac.uk/,,,,,,,
2168,Imperial College School of Medicine,United Kingdom,GB,,,,MED,Medicine & Health,Medicina e Salute,MED,name-heuristic,med.ic.ac.uk,http://www.med.ic.ac.uk/,,,,,,,
2169,The Manchester Metropolitan University,United Kingdom,GB,Manchester,53.48095,-2.23743,COMP,Comprehensive (multi-field),Generalista (multidisciplinare),AGR|ARC|ART|BUS|EDU|ENG|HUM|ICT|LAW|MED|SCI|SOC,ETER,mmu.ac.uk,http://www.mmu.ac.uk/,601–800,39.0,20.8,19.5,78.3,83.0,42.7
2170,Edinburgh Napier University,United Kingdom,GB,Edinburgh,55.95206,-3.19648,COMP,Comprehensive (multi-field),Generalista (multidisciplinare),AGR|ARC|ART|BUS|ENG|HUM|ICT|LAW|MED|SCI|SOC,ETER,napier.ac.uk,https://www.napier.ac.uk/,601–800,39.0,17.5,19.7,75.3,90.3,41.2
2171,Newcastle University,United Kingdom,GB,Newcastle upon Tyne,54.97328,-1.61396,COMP,Comprehensive (multi-field),Generalista (multidisciplinare),AGR|ARC|ART|BUS|EDU|ENG|HUM|ICT|LAW|MED|SCI|SOC,ETER,ncl.ac.uk,https://www.ncl.ac.uk/,144,62.1,39.8,43.2,93.0,89.5,80.0
2172,"University of Wales, Newport",United Kingdom,GB,Newport,51.58774,-2.99835,COMP,Comprehensive (multi-field),Generalista (multidisciplinare),AGR|ARC|ART|BUS|EDU|ENG|HUM|ICT|LAW|MED|SCI|SOC,ETER,newport.ac.uk,http://www.newport.ac.uk/,,,,,,,
2173,Newport International University,United Kingdom,GB,Newport,51.58774,-2.99835,COMP,Comprehensive (multi-field),Generalista (multidisciplinare),COMP,name-heuristic,niu.org.uk,http://www.niu.org.uk/,,,,,,,
2174,University of Northampton,United Kingdom,GB,Northampton,52.25,-0.88333,COMP,Comprehensive (multi-field),Generalista (multidisciplinare),AGR|ARC|ART|BUS|EDU|ENG|HUM|ICT|LAW|MED|SCI|SOC,ETER,northampton.ac.uk,http://www.northampton.ac.uk/,1501+,10.3,16.1,11.0,40.4,80.3,18.7
2175,University of Nottingham,United Kingdom,GB,Nottingham,52.9536,-1.15047,COMP,Comprehensive (multi-field),Generalista (multidisciplinare),AGR|ARC|ART|BUS|EDU|ENG|HUM|ICT|LAW|MED|SCI|SOC,ETER,nottingham.ac.uk,http://www.nottingham.ac.uk/,=145,62.0,45.8,43.3,87.3,91.8,72.1
2176,Nottingham Trent University,United Kingdom,GB,Nottingham,52.9536,-1.15047,COMP,Comprehensive (multi-field),Generalista (multidisciplinare),AGR|ARC|ART|BUS|EDU|ENG|HUM|ICT|LAW|MED|SCI|SOC,ETER,ntu.ac.uk,http://www.ntu.ac.uk/,601–800,39.0,20.8,14.1,83.3,89.1,38.1
2177,Open University,United Kingdom,GB,,,,COMP,Comprehensive (multi-field),Generalista (multidisciplinare),ARC|ART|BUS|EDU|ENG|HUM|ICT|LAW|MED|SCI|SOC,ETER,open.ac.uk,http://www.open.ac.uk/,801–1000,35.5,17.8,14.3,67.0,61.5,48.0
2178,University of Oxford,United Kingdom,GB,Oxford,51.75222,-1.25596,COMP,Comprehensive (multi-field),Generalista (multidisciplinare),AGR|ARC|ART|BUS|EDU|ENG|HUM|ICT|LAW|MED|SCI|SOC,ETER,oxford.ac.uk,http://www.ox.ac.uk/,1,98.2,97.2,100.0,97.7,96.4,99.9
2179,University of Paisley,United Kingdom,GB,Paisley,55.83173,-4.43254,COMP,Comprehensive (multi-field),Generalista (multidisciplinare),COMP,name-heuristic,paisley.ac.uk,http://www.paisley.ac.uk/,,,,,,,
2180,University of Plymouth,United Kingdom,GB,Plymouth,50.37153,-4.14305,COMP,Comprehensive (multi-field),Generalista (multidisciplinare),AGR|ARC|ART|BUS|EDU|ENG|HUM|ICT|LAW|MED|SCI|SOC,ETER,plymouth.ac.uk,http://www.plymouth.ac.uk/,501–600,43.6,23.0,21.2,77.9,82.2,65.8
2181,"Queen Mary, University of London",United Kingdom,GB,London,51.50853,-0.12574,COMP,Comprehensive (multi-field),Generalista (multidisciplinare),ARC|ART|BUS|EDU|ENG|HUM|ICT|LAW|MED|SCI|SOC,ETER,qmw.ac.uk,http://www.qmul.ac.uk/,=134,62.9,38.7,42.6,95.7,97.5,76.5
2182,The Queen's University Belfast,United Kingdom,GB,Belfast,54.59682,-5.92541,COMP,Comprehensive (multi-field),Generalista (multidisciplinare),AGR|ARC|ART|BUS|EDU|ENG|HUM|ICT|LAW|MED|SCI|SOC,ETER,qub.ac.uk,http://www.qub.ac.uk/,,,,,,,
2183,"Royal Academy of Music, University of London",United Kingdom,GB,London,51.50853,-0.12574,ART,"Arts, Design & Music","Arte, Design e Musica",ART|EDU|HUM,ETER,ram.ac.uk,http://www.ram.ac.uk/,Reporter,,,,,,
2184,Royal College of Art,United Kingdom,GB,,,,COMP,Comprehensive (multi-field),Generalista (multidisciplinare),ARC|ART|ENG|HUM,ETER,rca.ac.uk,http://www.rca.ac.uk/,Reporter,,,,,,
2185,"Royal College of Music, University of London",United Kingdom,GB,London,51.50853,-0.12574,ART,"Arts, Design & Music","Arte, Design e Musica",ART|HUM|SOC,ETER,rcm.ac.uk,http://www.rcm.ac.uk/,Reporter,,,,,,
2186,University of Reading,United Kingdom,GB,Reading,51.45625,-0.97113,COMP,Comprehensive (multi-field),Generalista (multidisciplinare),AGR|ARC|ART|BUS|EDU|ENG|HUM|ICT|LAW|MED|SCI|SOC,ETER,rdg.ac.uk,http://www.rdg.ac.uk/,201–250,56.4,41.7,38.1,85.2,94.2,66.9
2187,"Royal Free Hospital School of Medicine, University of London",United Kingdom,GB,London,51.50853,-0.12574,MED,Medicine & Health,Medicina e Salute,MED,name-heuristic,rfhsm.ac.uk,http://www.rfhsm.ac.uk/,,,,,,,
2188,The Robert Gordon University,United Kingdom,GB,,,,COMP,Comprehensive (multi-field),Generalista (multidisciplinare),ARC|ART|BUS|EDU|ENG|HUM|ICT|LAW|MED|SCI|SOC,ETER,rgu.ac.uk,http://www.rgu.ac.uk/,801–1000,35.5,17.3,13.9,69.9,90.1,39.2
2189,Royal Holloway and Bedford New College,United Kingdom,GB,Bedford,52.13459,-0.46632,COMP,Comprehensive (multi-field),Generalista (multidisciplinare),COMP,name-heuristic,royalholloway.ac.uk,http://www.royalholloway.ac.uk/,,,,,,,
2190,Richmond University - The American International University in London,United Kingdom,GB,London,51.50853,-0.12574,COMP,Comprehensive (multi-field),Generalista (multidisciplinare),ART|BUS|HUM|LAW|SOC,ETER,richmond.ac.uk,http://www.richmond.ac.uk/,,,,,,,
2191,Roehampton University of Surrey,United Kingdom,GB,Roehampton,51.45165,-0.24393,COMP,Comprehensive (multi-field),Generalista (multidisciplinare),COMP,name-heuristic,roehampton.ac.uk,http://www.roehampton.ac.uk/,,,,,,,
2192,University of Salford,United Kingdom,GB,Salford,53.48771,-2.29042,COMP,Comprehensive (multi-field),Generalista (multidisciplinare),ARC|ART|BUS|EDU|ENG|HUM|ICT|LAW|MED|SCI|SOC,ETER,salford.ac.uk,http://www.salford.ac.uk/,801–1000,35.5,19.0,14.8,64.9,84.8,57.0
2193,"School of Advanced Study, University of London",United Kingdom,GB,London,51.50853,-0.12574,COMP,Comprehensive (multi-field),Generalista (multidisciplinare),COMP,name-heuristic,sas.ac.uk,http://www.sas.ac.uk/,,,,,,,
2194,South Bank University,United Kingdom,GB,,,,COMP,Comprehensive (multi-field),Generalista (multidisciplinare),COMP,name-heuristic,sbu.ac.uk,http://www.sbu.ac.uk/,,,,,,,
2195,"Schiller International University, London",United Kingdom,GB,London,51.50853,-0.12574,COMP,Comprehensive (multi-field),Generalista (multidisciplinare),COMP,name-heuristic,schillerlondon.ac.uk,http://www.schillerlondon.ac.uk/,,,,,,,
2196,Stratford College London,United Kingdom,GB,London,51.50853,-0.12574,COMP,Comprehensive (multi-field),Generalista (multidisciplinare),BUS|LAW,ETER,sclondon.ac,http://www.sclondon.ac/,,,,,,,
2197,"Saint George's Hospital Medical School, University of London",United Kingdom,GB,London,51.50853,-0.12574,MED,Medicine & Health,Medicina e Salute,MED,name-heuristic,sghms.ac.uk,http://www.sghms.ac.uk/,,,,,,,
2198,The University of Sheffield,United Kingdom,GB,Sheffield,53.38297,-1.4659,COMP,Comprehensive (multi-field),Generalista (multidisciplinare),ARC|ART|BUS|EDU|ENG|HUM|ICT|LAW|MED|SCI|SOC,ETER,shef.ac.uk,https://www.sheffield.ac.uk/,=108,65.4,49.7,49.1,88.3,90.4,79.4
2199,Sheffield Hallam University,United Kingdom,GB,Sheffield,53.38297,-1.4659,COMP,Comprehensive (multi-field),Generalista (multidisciplinare),AGR|ARC|ART|BUS|EDU|ENG|HUM|ICT|LAW|MED|SCI|SOC,ETER,shu.ac.uk,http://www.shu.ac.uk/,801–1000,35.5,18.0,14.1,65.5,73.2,34.9
2200,Swansea Metropolitan University,United Kingdom,GB,Swansea,51.62079,-3.94323,COMP,Comprehensive (multi-field),Generalista (multidisciplinare),AGR|ARC|ART|BUS|EDU|ENG|HUM|ICT|LAW|MED|SOC,ETER,smu.ac.uk,http://www.smu.ac.uk/,,,,,,,
2201,"School of Oriental and African Studies, University of London",United Kingdom,GB,London,51.50853,-0.12574,COMP,Comprehensive (multi-field),Generalista (multidisciplinare),COMP,name-heuristic,soas.ac.uk,http://www.soas.ac.uk/,,,,,,,
2202,Southampton Solent University,United Kingdom,GB,Southampton,50.90395,-1.40428,COMP,Comprehensive (multi-field),Generalista (multidisciplinare),ARC|ART|BUS|EDU|ENG|HUM|ICT|LAW|MED|SCI|SOC,ETER,solent.ac.uk,http://www.solent.ac.uk/,,,,,,,
2203,Sotheby´s Institute of Art - London,United Kingdom,GB,London,51.50853,-0.12574,COMP,Comprehensive (multi-field),Generalista (multidisciplinare),COMP,name-heuristic,sothebysinstitutelondon.com,http://www.sothebysinstitutelondon.com/,,,,,,,
2204,University of Southampton,United Kingdom,GB,Southampton,50.90395,-1.40428,COMP,Comprehensive (multi-field),Generalista (multidisciplinare),ARC|ART|BUS|EDU|ENG|HUM|ICT|LAW|MED|SCI|SOC,ETER,soton.ac.uk,http://www.southampton.ac.uk/,129,63.4,44.6,45.4,89.6,96.1,73.1
2205,"School of Slavonic and East European Studies, University of London",United Kingdom,GB,London,51.50853,-0.12574,COMP,Comprehensive (multi-field),Generalista (multidisciplinare),COMP,name-heuristic,ssees.ac.uk,http://www.ssees.ac.uk/,,,,,,,
2206,Staffordshire University,United Kingdom,GB,,,,COMP,Comprehensive (multi-field),Generalista (multidisciplinare),AGR|ARC|ART|BUS|EDU|ENG|HUM|ICT|LAW|MED|SCI|SOC,ETER,staffs.ac.uk,http://www.staffs.ac.uk/,1201–1500,27.3,16.3,12.3,48.0,73.4,23.8
2207,University of St. Andrews,United Kingdom,GB,Saint Andrews,56.33871,-2.79902,COMP,Comprehensive (multi-field),Generalista (multidisciplinare),AGR|ART|BUS|EDU|HUM|ICT|LAW|MED|SCI|SOC,ETER,st-andrews.ac.uk,https://www.st-andrews.ac.uk/,=162,60.9,50.6,43.3,78.2,94.4,71.9
2208,University of Stirling,United Kingdom,GB,Stirling,56.11903,-3.93682,COMP,Comprehensive (multi-field),Generalista (multidisciplinare),AGR|ARC|ART|BUS|EDU|ENG|HUM|ICT|LAW|MED|SCI|SOC,ETER,stir.ac.uk,http://www.stir.ac.uk/,501–600,43.6,24.4,26.3,74.6,91.1,45.6
2209,"St.Patrick's International College, London",United Kingdom,GB,London,51.50853,-0.12574,COMP,Comprehensive (multi-field),Generalista (multidisciplinare),ARC|ART|BUS|ENG|HUM|ICT|LAW|SOC,ETER,st-patricks.ac.uk,http://www.st-patricks.ac.uk/,,,,,,,
2210,University of Strathclyde,United Kingdom,GB,,,,COMP,Comprehensive (multi-field),Generalista (multidisciplinare),ARC|ART|BUS|EDU|ENG|HUM|ICT|LAW|MED|SCI|SOC,ETER,strath.ac.uk,http://www.strath.ac.uk/,351–400,49.9,37.0,35.2,66.4,90.5,79.7
2211,University of Sunderland,United Kingdom,GB,Sunderland,54.90465,-1.38222,COMP,Comprehensive (multi-field),Generalista (multidisciplinare),AGR|ARC|ART|BUS|EDU|ENG|HUM|ICT|LAW|MED|SCI|SOC,ETER,sunderland.ac.uk,http://www.sunderland.ac.uk/,1501+,10.3,19.3,9.6,34.6,72.0,33.7
2212,University of Surrey,United Kingdom,GB,,,,COMP,Comprehensive (multi-field),Generalista (multidisciplinare),AGR|ARC|ART|BUS|EDU|ENG|HUM|ICT|LAW|MED|SCI|SOC,ETER,surrey.ac.uk,http://www.surrey.ac.uk/,201–250,56.4,36.3,34.4,89.5,96.0,71.6
2213,University of Sussex,United Kingdom,GB,,,,COMP,Comprehensive (multi-field),Generalista (multidisciplinare),ARC|ART|BUS|EDU|ENG|HUM|ICT|LAW|MED|SCI|SOC,ETER,sussex.ac.uk,http://www.sussex.ac.uk/,201–250,56.4,34.3,36.0,88.9,94.8,64.8
2214,"University of Wales, Swansea",United Kingdom,GB,Swansea,51.62079,-3.94323,COMP,Comprehensive (multi-field),Generalista (multidisciplinare),COMP,name-heuristic,swan.ac.uk,http://www.swan.ac.uk/,,,,,,,
2215,Trinity College of Music,United Kingdom,GB,,,,ART,"Arts, Design & Music","Arte, Design e Musica",ART,name-heuristic,tcm.ac.uk,http://www.tcm.ac.uk/,,,,,,,
2216,University of Teesside,United Kingdom,GB,,,,COMP,Comprehensive (multi-field),Generalista (multidisciplinare),AGR|ARC|ART|BUS|EDU|ENG|HUM|ICT|LAW|MED|SCI|SOC,ETER,tees.ac.uk,http://www.tees.ac.uk/,601–800,39.0,20.6,14.3,72.9,87.9,29.8
2217,Trinity College Carmarthen,United Kingdom,GB,Carmarthen,51.85552,-4.30535,COMP,Comprehensive (multi-field),Generalista (multidisciplinare),COMP,name-heuristic,trinity-cm.ac.uk,http://www.trinity-cm.ac.uk/,,,,,,,
2218,Thames Valley University,United Kingdom,GB,,,,COMP,Comprehensive (multi-field),Generalista (multidisciplinare),COMP,name-heuristic,tvu.ac.uk,http://www.tvu.ac.uk/,,,,,,,
2219,"University College London, University of London",United Kingdom,GB,London,51.50853,-0.12574,COMP,Comprehensive (multi-field),Generalista (multidisciplinare),COMP,name-heuristic,ucl.ac.uk,http://www.ucl.ac.uk/,,,,,,,
2220,University of Central Lancashire,United Kingdom,GB,,,,COMP,Comprehensive (multi-field),Generalista (multidisciplinare),AGR|ARC|ART|BUS|EDU|ENG|HUM|ICT|LAW|MED|SCI|SOC,ETER,uclan.ac.uk,http://www.uclan.ac.uk/,,,,,,,
2221,University Campus Suffolk,United Kingdom,GB,,,,COMP,Comprehensive (multi-field),Generalista (multidisciplinare),COMP,name-heuristic,ucs.ac.uk,http://www.ucs.ac.uk/,,,,,,,
2222,University of East Anglia,United Kingdom,GB,,,,COMP,Comprehensive (multi-field),Generalista (multidisciplinare),AGR|ARC|ART|BUS|EDU|ENG|HUM|ICT|LAW|MED|SCI|SOC,ETER,uea.ac.uk,http://www.uea.ac.uk/,251–300,54.3,34.7,30.2,89.1,87.3,62.0
2223,University of East London,United Kingdom,GB,London,51.50853,-0.12574,COMP,Comprehensive (multi-field),Generalista (multidisciplinare),AGR|ARC|ART|BUS|EDU|ENG|HUM|ICT|LAW|MED|SCI|SOC,ETER,uel.ac.uk,http://www.uel.ac.uk/,1001–1200,32.1,23.6,15.3,49.5,87.5,32.2
2224,University of Kent at Canterbury,United Kingdom,GB,Canterbury,51.27904,1.07992,COMP,Comprehensive (multi-field),Generalista (multidisciplinare),COMP,name-heuristic,ukc.ac.uk,http://www.ukc.ac.uk/,,,,,,,
2225,"School of Pharmacy, University of London",United Kingdom,GB,London,51.50853,-0.12574,MED,Medicine & Health,Medicina e Salute,MED,name-heuristic,ulsop.ac.uk,http://www.ulsop.ac.uk/,,,,,,,
2226,"United Medical and Dental Schools, University of London",United Kingdom,GB,London,51.50853,-0.12574,MED,Medicine & Health,Medicina e Salute,MED,name-heuristic,umds.ac.uk,http://www.umds.ac.uk/,,,,,,,
2227,University of North London,United Kingdom,GB,London,51.50853,-0.12574,COMP,Comprehensive (multi-field),Generalista (multidisciplinare),COMP,name-heuristic,unl.ac.uk,http://www.unl.ac.uk/,,,,,,,
2228,Northumbria University,United Kingdom,GB,,,,COMP,Comprehensive (multi-field),Generalista (multidisciplinare),AGR|ARC|ART|BUS|EDU|ENG|HUM|ICT|LAW|MED|SCI|SOC,ETER,northumbria.ac.uk,https://www.northumbria.ac.uk/,401–500,46.2,23.6,25.5,80.5,91.4,47.8
2229,University of Wales College of Medicine,United Kingdom,GB,,,,MED,Medicine & Health,Medicina e Salute,MED,name-heuristic,uwcm.ac.uk,http://www.uwcm.ac.uk/,,,,,,,
2230,"University of the West of England, Bristol",United Kingdom,GB,Bristol,51.45523,-2.59665,COMP,Comprehensive (multi-field),Generalista (multidisciplinare),AGR|ARC|ART|BUS|EDU|ENG|HUM|ICT|LAW|MED|SCI|SOC,ETER,uwe.ac.uk,http://www.uwe.ac.uk/,601–800,39.0,18.8,14.6,73.3,81.2,59.2
2231,"University of Wales Institute, Cardiff",United Kingdom,GB,Cardiff,51.48,-3.18,COMP,Comprehensive (multi-field),Generalista (multidisciplinare),COMP,name-heuristic,uwic.ac.uk,http://www.uwic.ac.uk/,,,,,,,
2232,University of Wales,United Kingdom,GB,,,,COMP,Comprehensive (multi-field),Generalista (multidisciplinare),COMP,name-heuristic,wales.ac.uk,http://www.wales.ac.uk/,,,,,,,
2233,Warnborough University,United Kingdom,GB,,,,COMP,Comprehensive (multi-field),Generalista (multidisciplinare),COMP,name-heuristic,warnborough.edu,http://www.warnborough.edu/,,,,,,,
2234,University of Warwick,United Kingdom,GB,Warwick,52.28333,-1.58333,COMP,Comprehensive (multi-field),Generalista (multidisciplinare),AGR|ARC|ART|BUS|EDU|ENG|HUM|ICT|LAW|MED|SCI|SOC,ETER,warwick.ac.uk,http://www.warwick.ac.uk/,=122,64.1,48.1,49.3,85.6,95.6,69.4
2235,University of Westminster,United Kingdom,GB,City of Westminster,51.4975,-0.1357,COMP,Comprehensive (multi-field),Generalista (multidisciplinare),ARC|ART|BUS|EDU|ENG|HUM|ICT|LAW|MED|SCI|SOC,ETER,westminster.ac.uk,http://www.westminster.ac.uk/,801–1000,35.5,19.0,16.5,63.1,85.4,48.7
2236,William Gilbert College,United Kingdom,GB,,,,COMP,Comprehensive (multi-field),Generalista (multidisciplinare),COMP,name-heuristic,williamgilbert.co.uk,http://www.williamgilbert.co.uk/,,,,,,,
2237,Wimbledon School of Art,United Kingdom,GB,Wimbledon,51.42212,-0.20805,COMP,Comprehensive (multi-field),Generalista (multidisciplinare),COMP,name-heuristic,wimbledon.ac.uk,http://www.wimbledon.ac.uk/,,,,,,,
2238,University of Wolverhampton,United Kingdom,GB,Wolverhampton,52.58547,-2.12296,COMP,Comprehensive (multi-field),Generalista (multidisciplinare),AGR|ARC|ART|BUS|EDU|ENG|HUM|ICT|LAW|MED|SCI|SOC,ETER,wlv.ac.uk,http://www.wlv.ac.uk/,801–1000,35.5,20.3,15.6,59.3,78.8,47.3
2239,University of Worcester,United Kingdom,GB,Worcester,52.18935,-2.22001,COMP,Comprehensive (multi-field),Generalista (multidisciplinare),AGR|ART|BUS|EDU|HUM|ICT|LAW|MED|SCI|SOC,ETER,worc.ac.uk,http://www.worc.ac.uk/,1501+,10.3,17.1,12.0,37.9,59.2,23.6
2240,University of York,United Kingdom,GB,York,53.95763,-1.08271,COMP,Comprehensive (multi-field),Generalista (multidisciplinare),ARC|ART|BUS|EDU|ENG|HUM|ICT|LAW|MED|SCI|SOC,ETER,york.ac.uk,http://www.york.ac.uk/,=154,61.5,44.1,43.9,87.5,90.6,67.6
2241,Middlesbrough College,United Kingdom,GB,Middlesbrough,54.57623,-1.23483,COMP,Comprehensive (multi-field),Generalista (multidisciplinare),COMP,name-heuristic,middlesbro.ac.uk,https://www.mbro.ac.uk/,,,,,,,
2242,St Mary's University,United Kingdom,GB,,,,COMP,Comprehensive (multi-field),Generalista (multidisciplinare),ART|BUS|EDU|HUM|LAW|MED|SCI|SOC,ETER,stmarys.ac.uk,https://www.stmarys.ac.uk/,,,,,,,
2243,Leeds Trinity University,United Kingdom,GB,Leeds,53.79648,-1.54785,COMP,Comprehensive (multi-field),Generalista (multidisciplinare),ART|BUS|EDU|HUM|LAW|MED|SOC,ETER,leedstrinity.ac.uk,https://www.leedstrinity.ac.uk/,Reporter,,,,,,
2244,East Coast College,United Kingdom,GB,,,,COMP,Comprehensive (multi-field),Generalista (multidisciplinare),COMP,name-heuristic,eastcoast.ac.uk,https://www.eastcoast.ac.uk/,,,,,,,
2245,Swansea University,United Kingdom,GB,Swansea,51.62079,-3.94323,COMP,Comprehensive (multi-field),Generalista (multidisciplinare),ARC|ART|BUS|EDU|ENG|HUM|ICT|LAW|MED|SCI|SOC,ETER,swansea.ac.uk,https://www.swansea.ac.uk/,301–350,51.6,30.8,30.6,87.4,88.6,58.3
2246,York St. John University,United Kingdom,GB,York,53.95763,-1.08271,COMP,Comprehensive (multi-field),Generalista (multidisciplinare),ART|BUS|EDU|HUM|ICT|LAW|MED|SCI|SOC,ETER,yorksj.ac.uk,https://www.yorksj.ac.uk/,1001–1200,32.1,17.3,15.4,60.1,66.1,16.0
2247,Cardiff and Vale College,United Kingdom,GB,Cardiff,51.48,-3.18,COMP,Comprehensive (multi-field),Generalista (multidisciplinare),COMP,name-heuristic,cavc.ac.uk,https://cavc.ac.uk/,,,,,,,
2248,Universidad Internacional Isabel I,Spain,ES,,,,COMP,Comprehensive (multi-field),Generalista (multidisciplinare),COMP,name-heuristic,ui1.es,https://www.ui1.es/,,,,,,,
2249,ENAE Business School,Spain,ES,,,,BUS,"Business, Economics & Management",Economia e Management,BUS,name-heuristic,enae.es,https://www.enae.es/,,,,,,,
2250,Universidad Internacional de Valencia,Spain,ES,Valencia,39.47391,-0.37966,COMP,Comprehensive (multi-field),Generalista (multidisciplinare),COMP,name-heuristic,viu.es,https://viu.es/,,,,,,,
2251,Duale Hochschule Baden-Württemberg,Germany,DE,Baden-Baden,48.7606,8.23975,COMP,Comprehensive (multi-field),Generalista (multidisciplinare),COMP,name-heuristic,dhbw.de,http://www.dhbw.de/,,,,,,,
2252,Duale Hochschule Baden-Württemberg Heidenheim,Germany,DE,Baden-Baden,48.7606,8.23975,COMP,Comprehensive (multi-field),Generalista (multidisciplinare),COMP,name-heuristic,heidenheim.dhbw.de,http://www.heidenheim.dhbw.de/,,,,,,,
2253,Duale Hochschule Baden-Württemberg Center for Advanced Studies (CAS),Germany,DE,Baden-Baden,48.7606,8.23975,COMP,Comprehensive (multi-field),Generalista (multidisciplinare),COMP,name-heuristic,cas.dhbw.de,http://www.cas.dhbw.de/,,,,,,,
2254,Duale Hochschule Baden-Württemberg Lörrach,Germany,DE,Baden-Baden,48.7606,8.23975,COMP,Comprehensive (multi-field),Generalista (multidisciplinare),COMP,name-heuristic,dhbw-loerrach.de,http://www.dhbw-loerrach.de/,,,,,,,
2255,Duale Hochschule Baden-Württemberg Mosbach,Germany,DE,Baden-Baden,48.7606,8.23975,COMP,Comprehensive (multi-field),Generalista (multidisciplinare),COMP,name-heuristic,dhbw-mosbach.de,http://www.dhbw-mosbach.de/,,,,,,,
2256,Duale Hochschule Baden-Württemberg Ravensburg,Germany,DE,Baden-Baden,48.7606,8.23975,COMP,Comprehensive (multi-field),Generalista (multidisciplinare),COMP,name-heuristic,ravensburg.dhbw.de,http://www.ravensburg.dhbw.de/,,,,,,,
2257,Duale Hochschule Baden-Württemberg Stuttgart,Germany,DE,Stuttgart,48.78232,9.17702,COMP,Comprehensive (multi-field),Generalista (multidisciplinare),COMP,name-heuristic,dhbw-stuttgart.de,http://www.dhbw-stuttgart.de/,,,,,,,
2258,Duale Hochschule Baden-Württemberg Villingen-Schwenningen,Germany,DE,Villingen-Schwenningen,48.06226,8.49358,COMP,Comprehensive (multi-field),Generalista (multidisciplinare),COMP,name-heuristic,dhbw-vs.de,http://www.dhbw-vs.de/,,,,,,,
2259,Duale Hochschule Baden-Württemberg Heilbronn,Germany,DE,Heilbronn,49.13995,9.22054,COMP,Comprehensive (multi-field),Generalista (multidisciplinare),COMP,name-heuristic,heilbronn.dhbw.de,http://www.heilbronn.dhbw.de/,,,,,,,
2260,Duale Hochschule Baden-Württemberg Karlsruhe,Germany,DE,Karlsruhe,49.00937,8.40444,COMP,Comprehensive (multi-field),Generalista (multidisciplinare),COMP,name-heuristic,dhbw-karlsruhe.de,http://www.dhbw-karlsruhe.de/,,,,,,,
2261,Duale Hochschule Baden-Wuerttemberg Mannheim,Germany,DE,Mannheim,49.4891,8.46694,COMP,Comprehensive (multi-field),Generalista (multidisciplinare),COMP,name-heuristic,dhbw-mannheim.de,http://www.dhbw-mannheim.de/,,,,,,,
2262,Hochschule Hannover,Germany,DE,Hannover,52.37052,9.73322,COMP,Comprehensive (multi-field),Generalista (multidisciplinare),COMP,name-heuristic,hs-hannover.de,https://www.hs-hannover.de/,,,,,,,
2263,Staatliche Studienakademie Bautzen,Germany,DE,Bautzen,51.18035,14.43494,COMP,Comprehensive (multi-field),Generalista (multidisciplinare),COMP,name-heuristic,ba-bautzen.de,https://www.ba-bautzen.de/,,,,,,,
2264,DUT MMI - Université Bordeaux Montaigne,France,FR,Bordeaux,44.84124,-0.58046,COMP,Comprehensive (multi-field),Generalista (multidisciplinare),COMP,name-heuristic,mmibordeaux.com,https://www.mmibordeaux.com/,,,,,,,
2265,Campus Saint Marc,France,FR,,,,COMP,Comprehensive (multi-field),Generalista (multidisciplinare),COMP,name-heuristic,campus-saint-marc.com,https://campus-saint-marc.com/,,,,,,,
2266,HTL Villach,Austria,AT,Villach,46.61028,13.85583,COMP,Comprehensive (multi-field),Generalista (multidisciplinare),COMP,name-heuristic,htl-villach.at,https://www.htl-villach.at/,,,,,,,
2267,HTL WELS,Austria,AT,Wels,48.16667,14.03333,COMP,Comprehensive (multi-field),Generalista (multidisciplinare),COMP,name-heuristic,htl-wels.at,https://www.htl-wels.at/,,,,,,,
2268,Győr Jedlik Ányos Mechanical Engineering and Informatics Technical School,Hungary,HU,Győr,47.68333,17.63512,ENG,Engineering & Technology,Ingegneria e Tecnologia,ENG,name-heuristic,jedlik.eu,https://jedlik.eu/,,,,,,,
2269,Sarajevo School of Science and Technology,Bosnia and Herzegovina,BA,Sarajevo,43.84864,18.35644,ENG,Engineering & Technology,Ingegneria e Tecnologia,ENG,name-heuristic,ssst.edu.ba,https://ssst.edu.ba/,,,,,,,
2270,Technische Hochschule Mittelhessen,Germany,DE,,,,ENG,Engineering & Technology,Ingegneria e Tecnologia,AGR|ARC|BUS|EDU|ENG|ICT|LAW|SCI,ETER,thm.de,https://www.thm.de/,,,,,,,
2271,Hochschule für Wirtschaft und Gesellschaft Ludwigshafen,Germany,DE,Ludwigshafen am Rhein,49.48121,8.44641,BUS,"Business, Economics & Management",Economia e Management,BUS,name-heuristic,hwg-lu.de,https://www.hwg-lu.de/,,,,,,,
2272,Leuphana Universität Lüneburg,Germany,DE,Lüneburg,53.25122,10.41548,COMP,Comprehensive (multi-field),Generalista (multidisciplinare),ARC|ART|BUS|EDU|ENG|HUM|ICT|LAW|MED|SCI|SOC,ETER,leuphana.de,https://www.leuphana.de/,401–500,46.2,23.5,28.1,83.2,66.0,33.6
2273,Ostbayerische Technische Hochschule Amberg-Weiden,Germany,DE,Amberg,49.44287,11.86267,ENG,Engineering & Technology,Ingegneria e Tecnologia,AGR|ARC|ART|BUS|EDU|ENG|HUM|ICT|LAW|MED|SCI|SOC,ETER,oth-aw.de,https://www.oth-aw.de/,,,,,,,
2274,Häme University of Applied Sciences,Finland,FI,,,,COMP,Comprehensive (multi-field),Generalista (multidisciplinare),AGR|ARC|ART|BUS|ENG|HUM|ICT|LAW|MED|SCI|SOC,ETER,hamk.fi,https://www.hamk.fi/,Reporter,,,,,,
2275,Corvinus University of Budapest,Hungary,HU,Budapest,47.49835,19.04045,COMP,Comprehensive (multi-field),Generalista (multidisciplinare),AGR|ARC|ART|BUS|EDU|ENG|HUM|ICT|LAW|MED|SCI|SOC,ETER,uni-corvinus.hu,https://www.uni-corvinus.hu/,,,,,,,
2276,Óbuda University,Hungary,HU,Óbuda,47.55,19.03333,COMP,Comprehensive (multi-field),Generalista (multidisciplinare),AGR|ARC|ART|BUS|EDU|ENG|HUM|ICT|LAW|MED|SCI|SOC,ETER,uni-obuda.hu,https://uni-obuda.hu/,601–800,39.0,17.4,30.9,72.8,48.8,27.2
2277,Budapest Business School,Hungary,HU,Budapest,47.49835,19.04045,BUS,"Business, Economics & Management",Economia e Management,AGR|ARC|ART|BUS|EDU|ENG|HUM|ICT|LAW|SCI|SOC,ETER,uni-bge.hu,https://uni-bge.hu/,Reporter,,,,,,
2278,Institut d'études politiques de Rennes,France,FR,Rennes,48.11109,-1.67431,COMP,Comprehensive (multi-field),Generalista (multidisciplinare),BUS|LAW|SOC,ETER,sciencespo-rennes.fr,https://www.sciencespo-rennes.fr/,,,,,,,
2279,Rennes School of Business,France,FR,Rennes,48.11109,-1.67431,BUS,"Business, Economics & Management",Economia e Management,BUS,name-heuristic,rennes-sb.com,https://www.rennes-sb.com/,,,,,,,
2280,Audencia,France,FR,,,,COMP,Comprehensive (multi-field),Generalista (multidisciplinare),COMP,name-heuristic,audencia.com,https://www.audencia.com/,Reporter,,,,,,
2281,Wakefield College,United Kingdom,GB,Wakefield,53.68331,-1.49768,COMP,Comprehensive (multi-field),Generalista (multidisciplinare),COMP,name-heuristic,wakefield.ac.uk,https://wakefield.ac.uk/,,,,,,,
2282,University of Liège,Belgium,BE,Liège,50.63373,5.56749,COMP,Comprehensive (multi-field),Generalista (multidisciplinare),COMP,name-heuristic,student.uliege.be,https://uliege.be/,301–350,51.6,34.8,41.8,72.7,72.5,97.5
2283,Střední průmyslová škola Mladá Boleslav,Czech Republic,CZ,Mladá Boleslav,50.41135,14.90318,COMP,Comprehensive (multi-field),Generalista (multidisciplinare),COMP,name-heuristic,student.spsmb.cz,https://spsmb.cz/,,,,,,,
2284,Musikhochschule Lübeck,Germany,DE,Lübeck,53.86893,10.68729,ART,"Arts, Design & Music","Arte, Design e Musica",ART,name-heuristic,mh-luebeck.de,https://www.mh-luebeck.de/,,,,,,,
2285,Hochschule für Musik und Theater München,Germany,DE,Munich,48.13743,11.57549,ART,"Arts, Design & Music","Arte, Design e Musica",ART,name-heuristic,musikhochschule-muenchen.de,https://website.musikhochschule-muenchen.de/,,,,,,,
2286,Universität der Künste Berlin,Germany,DE,Berlin,52.52437,13.41053,ART,"Arts, Design & Music","Arte, Design e Musica",ART,name-heuristic,udk-berlin.de,https://www.udk-berlin.de/,,,,,,,
2287,Hochschule für Musik und Tanz Köln,Germany,DE,Köln,50.93333,6.95,ART,"Arts, Design & Music","Arte, Design e Musica",ART,name-heuristic,hfmt-koeln.de,https://www.hfmt-koeln.de/,,,,,,,
2288,Hochschule für Musik Carl Maria von Weber,Germany,DE,,,,ART,"Arts, Design & Music","Arte, Design e Musica",ART,name-heuristic,hfmdd.de,https://www.hfmdd.de/,,,,,,,
2289,Hochschule für Musik und Darstellende Kunst Stuttgart,Germany,DE,Stuttgart,48.78232,9.17702,ART,"Arts, Design & Music","Arte, Design e Musica",ART,name-heuristic,hmdk-stuttgart.de,https://www.hmdk-stuttgart.de/,,,,,,,
2290,Hochschule für Künste Bremen,Germany,DE,Bremen,53.07582,8.80717,ART,"Arts, Design & Music","Arte, Design e Musica",BUS|EDU|LAW,ETER,hfk-bremen.de,https://www.hfk-bremen.de/,,,,,,,
2291,Hochschule für Musik und Theater „Felix Mendelssohn Bartholdy“ Leipzig,Germany,DE,Leipzig,51.33962,12.37129,ART,"Arts, Design & Music","Arte, Design e Musica",ART,name-heuristic,hmt-leipzig.de,https://www.hmt-leipzig.de/,,,,,,,
2292,"Hochschule für Musik, Theater und Medien Hannover",Germany,DE,Hannover,52.37052,9.73322,ART,"Arts, Design & Music","Arte, Design e Musica",ART,name-heuristic,hmtm-hannover.de,https://www.hmtm-hannover.de/,,,,,,,
2293,Hochschule für Musik Detmold,Germany,DE,Detmold,51.93855,8.87318,ART,"Arts, Design & Music","Arte, Design e Musica",ART,name-heuristic,hfm-detmold.de,https://www.hfm-detmold.de/,,,,,,,
2294,Académie d'Orléans-Tours,France,FR,Tours,47.39484,0.70398,COMP,Comprehensive (multi-field),Generalista (multidisciplinare),EDU,ETER,ac-orleans-tours.fr,https://www.ac-orleans-tours.fr/,,,,,,,
2295,Deutsche Universität für Verwaltungswissenschaften Speyer,Germany,DE,Speyer,49.32083,8.43111,COMP,Comprehensive (multi-field),Generalista (multidisciplinare),COMP,name-heuristic,uni-speyer.de,https://www.uni-speyer.de/,,,,,,,
2296,Europa-Universität Viadrina,Germany,DE,,,,COMP,Comprehensive (multi-field),Generalista (multidisciplinare),COMP,name-heuristic,europa-uni.de,https://www.europa-uni.de/,,,,,,,
2297,Académie de Besançon,France,FR,Besançon,47.24878,6.01815,COMP,Comprehensive (multi-field),Generalista (multidisciplinare),EDU,ETER,ac-besancon.fr,https://www.ac-besancon.fr/,,,,,,,
2298,London Interdisciplinary School,United Kingdom,GB,London,51.50853,-0.12574,COMP,Comprehensive (multi-field),Generalista (multidisciplinare),COMP,name-heuristic,lis.ac.uk,https://www.lis.ac.uk/,,,,,,,
2299,Université Clermont Auvergne,France,FR,Clermont-Ferrand,45.77969,3.08682,COMP,Comprehensive (multi-field),Generalista (multidisciplinare),AGR|ARC|ART|BUS|EDU|ENG|HUM|ICT|LAW|MED|SCI|SOC,ETER,uca.fr,https://www.uca.fr/,1001–1200,32.1,20.8,18.6,49.3,65.4,60.1
2300,ESADE Business & Law School,Spain,ES,,,,BUS,"Business, Economics & Management",Economia e Management,BUS,name-heuristic,esade.edu,https://www.esade.edu/,,,,,,,
2301,IESE Business School,Spain,ES,,,,BUS,"Business, Economics & Management",Economia e Management,BUS,name-heuristic,iese.edu,https://www.iese.edu/,,,,,,,
2302,Louvain School of Management,Belgium,BE,Leuven,50.87959,4.70093,BUS,"Business, Economics & Management",Economia e Management,BUS,name-heuristic,uclouvain.be,https://uclouvain.be/,,,,,,,
2303,Solvay Brussels School Economics & Management,Belgium,BE,Brussels,50.85045,4.34878,BUS,"Business, Economics & Management",Economia e Management,BUS,name-heuristic,exed.solvay.edu,https://exed.solvay.edu/,,,,,,,
2304,HULT Business School,United Kingdom,GB,,,,BUS,"Business, Economics & Management",Economia e Management,BUS,name-heuristic,hult.edu,https://www.hult.edu/,,,,,,,
2305,Vlerick Brussels Campus,Belgium,BE,Brussels,50.85045,4.34878,COMP,Comprehensive (multi-field),Generalista (multidisciplinare),COMP,name-heuristic,vlerick.com,https://www.vlerick.com/,,,,,,,
2306,Luiss Guido Carli University,Italy,IT,,,,COMP,Comprehensive (multi-field),Generalista (multidisciplinare),ART|BUS|HUM|ICT|LAW|MED|SOC,ETER,luiss.it,https://www.luiss.it/,,,,,,,
2307,Polytechnic University of Timisoara,Romania,RO,Timişoara,45.75372,21.22571,ENG,Engineering & Technology,Ingegneria e Tecnologia,ENG,name-heuristic,student.upt.ro,https://upt.ro/,,,,,,,
2308,SKEMA Business School,France,FR,,,,BUS,"Business, Economics & Management",Economia e Management,BUS,name-heuristic,skema.edu,https://www.skema.edu/,,,,,,,
2309,Frankfurt School of Finance & Management,Germany,DE,Frankfurt am Main,50.11552,8.68417,BUS,"Business, Economics & Management",Economia e Management,AGR|ARC|ART|BUS|EDU|ENG|HUM|ICT|LAW|MED|SCI|SOC,ETER,fs.de,https://www.frankfurt-school.de/,,,,,,,
2310,Católica Lisbon School of Business & Economics,Portugal,PT,Lisbon,38.72509,-9.1498,BUS,"Business, Economics & Management",Economia e Management,BUS,name-heuristic,clsbe.lisboa.ucp.pt,https://www.clsbe.lisboa.ucp.pt/,,,,,,,
2311,Eada Business School Barcelona,Spain,ES,Barcelona,41.38879,2.15899,BUS,"Business, Economics & Management",Economia e Management,BUS,name-heuristic,eada.edu,https://www.eada.edu/,,,,,,,
2312,IMD - International Institute for Management Development,Switzerland,CH,,,,BUS,"Business, Economics & Management",Economia e Management,BUS,name-heuristic,imd.org,https://www.imd.org/,,,,,,,
2313,INSEAD,France,FR,,,,COMP,Comprehensive (multi-field),Generalista (multidisciplinare),COMP,name-heuristic,insead.edu,https://www.insead.edu/,,,,,,,
2314,Hochschule für Fernsehen und Film München,Germany,DE,Munich,48.13743,11.57549,ART,"Arts, Design & Music","Arte, Design e Musica",ART,name-heuristic,hff-muenchen.de,https://www.hff-muenchen.de/,,,,,,,
2315,Académie de Mayotte,France,FR,,,,COMP,Comprehensive (multi-field),Generalista (multidisciplinare),COMP,name-heuristic,ac-mayotte.fr,https://www.ac-mayotte.fr/,,,,,,,
2316,UMIT Tirol,Austria,AT,,,,COMP,Comprehensive (multi-field),Generalista (multidisciplinare),COMP,name-heuristic,umit-tirol.at,https://umit-tirol.at/,,,,,,,
2317,University of Public Service,Hungary,HU,,,,COMP,Comprehensive (multi-field),Generalista (multidisciplinare),AGR|ARC|ART|BUS|EDU|ENG|HUM|ICT|LAW|MED|SCI|SOC,ETER,uni-nke.hu,https://www.uni-nke.hu/,,,,,,,
2318,Technological University Dublin,Ireland,IE,Dublin,53.33306,-6.24889,ENG,Engineering & Technology,Ingegneria e Tecnologia,AGR|ARC|ART|BUS|EDU|ENG|HUM|ICT|LAW|MED|SCI|SOC,ETER,tudublin.ie,https://tudublin.ie/,1201–1500,27.3,17.6,14.7,48.8,64.5,54.7
2319,University of Barcelona,Spain,ES,Barcelona,41.38879,2.15899,COMP,Comprehensive (multi-field),Generalista (multidisciplinare),COMP,name-heuristic,alumnes.ub.edu,https://web.ub.edu/,,,,,,,
2320,University of Bath,United Kingdom,GB,Bath,51.3751,-2.36172,COMP,Comprehensive (multi-field),Generalista (multidisciplinare),COMP,name-heuristic,bath.edu,https://bath.ac.uk/,,,,,,,
2321,Ulster University,United Kingdom,GB,,,,COMP,Comprehensive (multi-field),Generalista (multidisciplinare),AGR|ARC|ART|BUS|EDU|ENG|HUM|ICT|LAW|MED|SCI|SOC,ETER,ulster.ac.uk,https://www.ulster.ac.uk/,601–800,39.0,22.8,22.8,65.7,95.0,54.3
2322,NOVA School of Science and Technology,Portugal,PT,,,,ENG,Engineering & Technology,Ingegneria e Tecnologia,ENG,name-heuristic,campus.fct.unl.pt,https://fct.unl.pt/,,,,,,,
2323,University of Girona,Spain,ES,Girona,41.98311,2.82493,COMP,Comprehensive (multi-field),Generalista (multidisciplinare),AGR|ARC|ART|BUS|EDU|ENG|HUM|ICT|LAW|MED|SCI|SOC,ETER,campus.udg.edu,https://udg.edu/,1001–1200,32.1,21.2,24.6,51.5,55.9,53.4
2324,Collège de France,France,FR,,,,COMP,Comprehensive (multi-field),Generalista (multidisciplinare),COMP,name-heuristic,college-de-france.fr,https://www.college-de-france.fr/,,,,,,,
2325,Howest University of Applied Sciences,Belgium,BE,,,,COMP,Comprehensive (multi-field),Generalista (multidisciplinare),COMP,name-heuristic,howest.be,https://www.howest.be/,,,,,,,
2326,University of Burgundy,France,FR,,,,COMP,Comprehensive (multi-field),Generalista (multidisciplinare),AGR|ARC|ART|BUS|EDU|ENG|HUM|ICT|LAW|MED|SCI|SOC,ETER,u-bourgogne.fr,https://u-bourgogne.fr/,,,,,,,
2327,Escola Superior de Media Artes e Design,Portugal,PT,,,,ART,"Arts, Design & Music","Arte, Design e Musica",ART,name-heuristic,esmad.ipp.pt,https://www.esmad.ipp.pt/,,,,,,,
2328,Académie de Bordeaux,France,FR,Bordeaux,44.84124,-0.58046,COMP,Comprehensive (multi-field),Generalista (multidisciplinare),EDU,ETER,ac-bordeaux.fr,https://ac-bordeaux.fr/,,,,,,,
2329,Maj Institute of Pharmacology Polish Academy of Sciences,Poland,PL,,,,MED,Medicine & Health,Medicina e Salute,MED,name-heuristic,if-pan.krakow.pl,https://if-pan.krakow.pl/,,,,,,,
2330,Nicolaus Copernicus Astronomical Center of Pharmacology Polish Academy of Sciences,Poland,PL,,,,MED,Medicine & Health,Medicina e Salute,MED,name-heuristic,camk.edu.pl,https://camk.edu.pl/,,,,,,,
2331,Université Paris-Saclay,France,FR,Paris,48.85341,2.3488,COMP,Comprehensive (multi-field),Generalista (multidisciplinare),AGR|ARC|ART|BUS|EDU|ENG|HUM|ICT|LAW|MED|SCI|SOC,ETER,universite-paris-saclay.fr,https://www.universite-paris-saclay.fr/,=68,71.6,67.9,62.2,80.6,76.0,92.4
2332,Munster Technological University,Ireland,IE,,,,ENG,Engineering & Technology,Ingegneria e Tecnologia,AGR|ARC|ART|BUS|EDU|ENG|HUM|ICT|LAW|MED|SCI|SOC,ETER,mtu.ie,https://www.mtu.ie/,,,,,,,
2333,Asmildkloster Agricultural School,Denmark,DK,,,,AGR,"Agriculture, Forestry & Veterinary",Agraria e Veterinaria,AGR,name-heuristic,asmildkloster.dk,https://asmildkloster.dk/,,,,,,,
2334,Dundalk Institute of Technology,Ireland,IE,Dundalk,54,-6.41667,ENG,Engineering & Technology,Ingegneria e Tecnologia,AGR|ARC|ART|BUS|EDU|ENG|HUM|ICT|LAW|MED|SCI|SOC,ETER,dkit.ie,https://www.dkit.ie/,,,,,,,
2335,Kalø Økologisk Agricultural College,Denmark,DK,,,,AGR,"Agriculture, Forestry & Veterinary",Agraria e Veterinaria,AGR,name-heuristic,videndjurs.dk,https://videndjurs.dk/,,,,,,,
2336,Florida Universitaria,Spain,ES,,,,COMP,Comprehensive (multi-field),Generalista (multidisciplinare),COMP,name-heuristic,floridauniversitaria.es,https://www.floridauniversitaria.es/,,,,,,,
2337,Institute Français de la Mode,France,FR,,,,COMP,Comprehensive (multi-field),Generalista (multidisciplinare),COMP,name-heuristic,ifmparis.fr,https://www.ifmparis.fr/,,,,,,,
2338,European Leadership University,Netherlands,NL,,,,COMP,Comprehensive (multi-field),Generalista (multidisciplinare),COMP,name-heuristic,amsterdam.tech,https://amsterdam.tech/,,,,,,,
2339,HAN University of Applied Sciences,Netherlands,NL,,,,COMP,Comprehensive (multi-field),Generalista (multidisciplinare),AGR|ARC|ART|BUS|EDU|ENG|HUM|ICT|LAW|MED|SCI|SOC,ETER,hanuniversity.com,https://www.hanuniversity.com/,,,,,,,
2340,EIGSI La Rochelle,France,FR,La Rochelle,46.16308,-1.15222,COMP,Comprehensive (multi-field),Generalista (multidisciplinare),COMP,name-heuristic,eigsi.fr,https://www.eigsi.fr/,,,,,,,
2341,IST-Hochschule fur Management,Germany,DE,,,,BUS,"Business, Economics & Management",Economia e Management,BUS,name-heuristic,ist-hochschule.de,https://www.ist-hochschule.de/,,,,,,,
2342,Up Learn Business School,United Kingdom,GB,,,,BUS,"Business, Economics & Management",Economia e Management,BUS,name-heuristic,uplearnbusinessschool.com,https://uplearnbusinessschool.com/,,,,,,,
2343,Newcastle College,United Kingdom,GB,Newcastle upon Tyne,54.97328,-1.61396,COMP,Comprehensive (multi-field),Generalista (multidisciplinare),COMP,name-heuristic,ncl-coll.ac.uk,https://www.ncl-coll.ac.uk/,,,,,,,
2344,Bridgwater & Taunton College,United Kingdom,GB,Taunton,51.01494,-3.10293,COMP,Comprehensive (multi-field),Generalista (multidisciplinare),COMP,name-heuristic,btc.ac.uk,https://www.btc.ac.uk/,,,,,,,
2345,Runshaw College,United Kingdom,GB,,,,COMP,Comprehensive (multi-field),Generalista (multidisciplinare),COMP,name-heuristic,runshaw.ac.uk,https://www.runshaw.ac.uk/,,,,,,,
2346,West Suffolk College,United Kingdom,GB,,,,COMP,Comprehensive (multi-field),Generalista (multidisciplinare),COMP,name-heuristic,wsc.ac.uk,https://www.wsc.ac.uk/,,,,,,,
2347,Universidad CEU Fernando III,Spain,ES,,,,COMP,Comprehensive (multi-field),Generalista (multidisciplinare),COMP,name-heuristic,uf3ceu.es,https://uf3ceu.es/,,,,,,,
2348,Universidad San Jorge,Spain,ES,,,,COMP,Comprehensive (multi-field),Generalista (multidisciplinare),AGR|ARC|ART|BUS|EDU|ENG|HUM|ICT|LAW|MED|SCI|SOC,ETER,usj.es,https://www.usj.es/,,,,,,,
2349,Universidad de las Hespérides,Spain,ES,,,,COMP,Comprehensive (multi-field),Generalista (multidisciplinare),COMP,name-heuristic,hesperides.edu.es,https://hesperides.edu.es/,,,,,,,
2350,Universidad Europea del Atlántico,Spain,ES,,,,COMP,Comprehensive (multi-field),Generalista (multidisciplinare),COMP,name-heuristic,uneatlantico.es,https://www.uneatlantico.es/,,,,,,,
2351,Université de Rennes 2,France,FR,Rennes,48.11109,-1.67431,COMP,Comprehensive (multi-field),Generalista (multidisciplinare),COMP,name-heuristic,univ-rennes2.fr,https://www.univ-rennes2.fr/,,,,,,,
2352,Université de Franche Comté,France,FR,,,,COMP,Comprehensive (multi-field),Generalista (multidisciplinare),ARC|ART|BUS|EDU|ENG|HUM|ICT|LAW|MED|SCI|SOC,ETER,univ-fcomte.fr,http://univ-fcomte.fr/,,,,,,,
2353,Université de Paris IV Sorbonne,France,FR,Paris,48.85341,2.3488,COMP,Comprehensive (multi-field),Generalista (multidisciplinare),COMP,name-heuristic,paris-sorbonne.fr,http://www.paris-sorbonne.fr/,,,,,,,
2354,Université Diderot Paris 7,France,FR,Paris,48.85341,2.3488,COMP,Comprehensive (multi-field),Generalista (multidisciplinare),ARC|ART|BUS|EDU|ENG|HUM|ICT|LAW|MED|SCI|SOC,ETER,univ-paris-diderot.fr,http://www.univ-paris-diderot.fr/,,,,,,,
2355,Université Paris Ouest Paris X Nanterre,France,FR,Paris,48.85341,2.3488,COMP,Comprehensive (multi-field),Generalista (multidisciplinare),COMP,name-heuristic,parisnanterre.fr,https://www.parisnanterre.fr/,,,,,,,
2356,Université de Nimes,France,FR,Nîmes,43.83665,4.35788,COMP,Comprehensive (multi-field),Generalista (multidisciplinare),AGR|ARC|ART|BUS|EDU|ENG|HUM|ICT|LAW|MED|SCI|SOC,ETER,unimes.fr,http://www.unimes.fr/,,,,,,,
2357,Université Champollion,France,FR,,,,COMP,Comprehensive (multi-field),Generalista (multidisciplinare),COMP,name-heuristic,univ-jfc.fr,http://www.univ-jfc.fr/,,,,,,,
2358,Université Pierre Mendès France,France,FR,,,,COMP,Comprehensive (multi-field),Generalista (multidisciplinare),ARC|ART|BUS|EDU|ENG|HUM|ICT|LAW|MED|SCI|SOC,ETER,upmf-grenoble.fr,http://www.upmf-grenoble.fr/,,,,,,,
2359,Université Paris est Créteil Val de Marne Paris XII,France,FR,Paris,48.85341,2.3488,COMP,Comprehensive (multi-field),Generalista (multidisciplinare),COMP,name-heuristic,u-pec.fr,http://www.u-pec.fr/,,,,,,,
2360,University of Economics and Humanities Warsaw,Poland,PL,Warsaw,52.22977,21.01178,BUS,"Business, Economics & Management",Economia e Management,BUS,name-heuristic,students.vizja.pl,https://vizja.pl/,,,,,,,
2361,Institute of Technology and Business (VŠTE),Czech Republic,CZ,,,,ENG,Engineering & Technology,Ingegneria e Tecnologia,ENG,name-heuristic,vstecb.cz,https://www.vstecb.cz/,,,,,,,
2362,American Business School of Paris,France,FR,Paris,48.85341,2.3488,BUS,"Business, Economics & Management",Economia e Management,BUS,name-heuristic,absparis.com,https://www.absparis.com/,,,,,,,
2363,ESLSCA Business School Paris,France,FR,Paris,48.85341,2.3488,BUS,"Business, Economics & Management",Economia e Management,BUS,name-heuristic,eslsca.fr,https://www.eslsca.fr/,,,,,,,
2364,UniLaSalle,France,FR,,,,COMP,Comprehensive (multi-field),Generalista (multidisciplinare),COMP,name-heuristic,unilasalle.fr,https://www.unilasalle.fr/,,,,,,,
2365,Yncrea,France,FR,,,,COMP,Comprehensive (multi-field),Generalista (multidisciplinare),COMP,name-heuristic,yncrea.fr,https://yncrea.fr/,,,,,,,
2366,IAE France,France,FR,,,,COMP,Comprehensive (multi-field),Generalista (multidisciplinare),COMP,name-heuristic,iae-france.fr,https://www.iae-france.fr/,,,,,,,
2367,EBS Universität,Germany,DE,,,,COMP,Comprehensive (multi-field),Generalista (multidisciplinare),COMP,name-heuristic,ebs.edu,https://www.ebs.edu/,,,,,,,
2368,Hochschule RheinMain,Germany,DE,,,,COMP,Comprehensive (multi-field),Generalista (multidisciplinare),AGR|ARC|ART|BUS|EDU|ENG|HUM|ICT|LAW|MED|SCI|SOC,ETER,hs-rm.de,https://www.hs-rm.de/,,,,,,,
2369,Aeres Hogeschool Almere,Netherlands,NL,Almere Stad,52.37025,5.21413,COMP,Comprehensive (multi-field),Generalista (multidisciplinare),COMP,name-heuristic,aereshogeschool.nl,https://www.aereshogeschool.nl/,,,,,,,
2370,Harlaxton College,United Kingdom,GB,,,,COMP,Comprehensive (multi-field),Generalista (multidisciplinare),COMP,name-heuristic,college.harlaxton.co.uk,https://college.harlaxton.co.uk/,,,,,,,
2371,New College Swindon,United Kingdom,GB,Swindon,51.55797,-1.78116,COMP,Comprehensive (multi-field),Generalista (multidisciplinare),COMP,name-heuristic,newcollege.ac.uk,https://www.newcollege.ac.uk/,,,,,,,
2372,University of Cumbria,United Kingdom,GB,,,,COMP,Comprehensive (multi-field),Generalista (multidisciplinare),AGR|ARC|ART|BUS|EDU|ENG|HUM|ICT|LAW|MED|SCI|SOC,ETER,cumbria.ac.uk,https://www.cumbria.ac.uk/,Reporter,,,,,,
2373,Pass26 College,North Macedonia,MK,,,,COMP,Comprehensive (multi-field),Generalista (multidisciplinare),COMP,name-heuristic,pass26.edu.mk,https://pass26.edu.mk/,,,,,,,
2374,Rosenheim University of Applied Sciences,Germany,DE,Rosenheim,47.85637,12.12247,COMP,Comprehensive (multi-field),Generalista (multidisciplinare),ARC|ART|BUS|EDU|ENG|HUM|ICT|LAW|MED|SCI|SOC,ETER,th-rosenheim.de,https://th-rosenheim.de/,,,,,,,
2375,Kristiania University College,Norway,NO,Oslo,59.91273,10.74609,COMP,Comprehensive (multi-field),Generalista (multidisciplinare),ARC|ART|BUS|EDU|ENG|HUM|ICT|LAW|MED|SCI|SOC,ETER,kristiania.no,https://kristiania.no/,,,,,,,
2376,Turība University,Latvia,LV,,,,COMP,Comprehensive (multi-field),Generalista (multidisciplinare),AGR|ARC|ART|BUS|EDU|ENG|HUM|ICT|LAW|MED|SCI|SOC,ETER,turiba.lv,https://www.turiba.lv/,,,,,,,
2377,Uniwersytet SWPS,Poland,PL,,,,COMP,Comprehensive (multi-field),Generalista (multidisciplinare),COMP,name-heuristic,swps.pl,https://swps.pl/,,,,,,,
2378,London South Bank University,United Kingdom,GB,London,51.50853,-0.12574,COMP,Comprehensive (multi-field),Generalista (multidisciplinare),AGR|ARC|ART|BUS|EDU|ENG|HUM|ICT|LAW|MED|SCI|SOC,ETER,mlsbu.ac.uk,https://www.lsbu.ac.uk/,601–800,39.0,18.5,13.0,75.6,95.9,48.1
2379,Karl-Schiller-Berufskolleg (KSBK),Germany,DE,,,,COMP,Comprehensive (multi-field),Generalista (multidisciplinare),COMP,name-heuristic,ksbk-do.de,http://www.ksbk-do.de/,,,,,,,
2380,Scotland's Rural College (SRUC),United Kingdom,GB,,,,AGR,"Agriculture, Forestry & Veterinary",Agraria e Veterinaria,AGR,name-heuristic,sruc.ac.uk,https://www.sruc.ac.uk/,,,,,,,
2381,Helena Chodkowska University of Technology and Economics,Poland,PL,,,,ENG,Engineering & Technology,Ingegneria e Tecnologia,ENG,name-heuristic,uth.edu.pl,https://www.uth.edu.pl/,,,,,,,
2382,"City St George's, University of London",United Kingdom,GB,London,51.50853,-0.12574,COMP,Comprehensive (multi-field),Generalista (multidisciplinare),EDU|MED|SCI|SOC,ETER,citystgeorges.ac.uk,https://www.citystgeorges.ac.uk/,301–350,51.6,27.4,30.1,91.8,95.6,65.0
2383,"City St George's, University of London (II)",United Kingdom,GB,London,51.50853,-0.12574,COMP,Comprehensive (multi-field),Generalista (multidisciplinare),COMP,name-heuristic,student.staffs.ac.uk,https://www.citystgeorges.ac.uk/,,,,,,,
2384,"City St George's, University of London (School of Health and Medical Sciences)",United Kingdom,GB,London,51.50853,-0.12574,MED,Medicine & Health,Medicina e Salute,MED,name-heuristic,sgul.ac.uk,https://www.sgul.ac.uk/,,,,,,,
2385,Trinity College Bristol,United Kingdom,GB,Bristol,51.45523,-2.59665,COMP,Comprehensive (multi-field),Generalista (multidisciplinare),ART|HUM,ETER,trinitycollegebristol.ac.uk,https://www.trinitycollegebristol.ac.uk/,,,,,,,
2386,KU Leuven,Belgium,BE,Leuven,50.87959,4.70093,COMP,Comprehensive (multi-field),Generalista (multidisciplinare),AGR|ARC|ART|BUS|EDU|ENG|HUM|ICT|LAW|MED|SCI|SOC,ETER,student.kuleuven.be,https://www.kuleuven.be/,46,76.8,61.3,73.8,91.3,79.2,100.0
2387,Westphalian University of Applied Sciences,Germany,DE,,,,COMP,Comprehensive (multi-field),Generalista (multidisciplinare),COMP,name-heuristic,w-hs.de,https://www.w-hs.de/,,,,,,,
2388,Technische Hochschule Ulm,Germany,DE,,,,ENG,Engineering & Technology,Ingegneria e Tecnologia,ENG,name-heuristic,thu.de,https://www.thu.de/,,,,,,,
2389,Brandenburg University of Technology Cottbus - Senftenberg,Germany,DE,Cottbus,51.75769,14.32888,ENG,Engineering & Technology,Ingegneria e Tecnologia,ARC|ART|BUS|EDU|ENG|HUM|ICT|LAW|MED|SCI,ETER,b-tu.de,https://www.b-tu.de/,,,,,,,
2390,Sopocka Academia,Poland,PL,,,,COMP,Comprehensive (multi-field),Generalista (multidisciplinare),COMP,name-heuristic,sopocka.edu.pl,https://sopocka.edu.pl/,,,,,,,
2391,Ion Mincu University of Architecture and Urban Planning,Romania,RO,,,,ARC,Architecture & Urban Planning,Architettura e Urbanistica,ARC,name-heuristic,uauim.ro,https://www.uauim.ro/,,,,,,,
2392,University of Agder,Norway,NO,,,,COMP,Comprehensive (multi-field),Generalista (multidisciplinare),COMP,name-heuristic,uia.no,https://www.uia.no/,,,,,,,
